file_path,true_label,hotspot_confidence
./iccad-official\iccad1\test\test_hs\HS0.png,1,0.441928505897522
./iccad-official\iccad1\test\test_hs\HS1.png,1,0.4101182222366333
./iccad-official\iccad1\test\test_hs\HS10.png,1,0.6664160192012787
./iccad-official\iccad1\test\test_hs\HS100.png,1,0.8407104015350342
./iccad-official\iccad1\test\test_hs\HS101.png,1,0.5558193922042847
./iccad-official\iccad1\test\test_hs\HS102.png,1,0.8482737839221954
./iccad-official\iccad1\test\test_hs\HS103.png,1,0.9401821084320545
./iccad-official\iccad1\test\test_hs\HS104.png,1,0.752166137099266
./iccad-official\iccad1\test\test_hs\HS105.png,1,0.11686176061630249
./iccad-official\iccad1\test\test_hs\HS106.png,1,0.23518288135528564
./iccad-official\iccad1\test\test_hs\HS107.png,1,0.5108502507209778
./iccad-official\iccad1\test\test_hs\HS108.png,1,0.8497618585824966
./iccad-official\iccad1\test\test_hs\HS109.png,1,0.820363387465477
./iccad-official\iccad1\test\test_hs\HS11.png,1,0.7445902228355408
./iccad-official\iccad1\test\test_hs\HS110.png,1,0.9149892777204514
./iccad-official\iccad1\test\test_hs\HS111.png,1,0.46983593702316284
./iccad-official\iccad1\test\test_hs\HS112.png,1,0.5159105360507965
./iccad-official\iccad1\test\test_hs\HS113.png,1,0.9693831149488688
./iccad-official\iccad1\test\test_hs\HS114.png,1,0.8682380169630051
./iccad-official\iccad1\test\test_hs\HS115.png,1,0.6671648025512695
./iccad-official\iccad1\test\test_hs\HS116.png,1,0.6064342558383942
./iccad-official\iccad1\test\test_hs\HS117.png,1,0.6278056502342224
./iccad-official\iccad1\test\test_hs\HS118.png,1,0.5251986086368561
./iccad-official\iccad1\test\test_hs\HS119.png,1,0.6877287924289703
./iccad-official\iccad1\test\test_hs\HS12.png,1,0.26913750171661377
./iccad-official\iccad1\test\test_hs\HS120.png,1,0.3818729519844055
./iccad-official\iccad1\test\test_hs\HS121.png,1,0.9073236957192421
./iccad-official\iccad1\test\test_hs\HS122.png,1,0.1737734079360962
./iccad-official\iccad1\test\test_hs\HS123.png,1,0.8502638787031174
./iccad-official\iccad1\test\test_hs\HS124.png,1,0.9760695099830627
./iccad-official\iccad1\test\test_hs\HS125.png,1,0.4389381408691406
./iccad-official\iccad1\test\test_hs\HS126.png,1,0.8131198585033417
./iccad-official\iccad1\test\test_hs\HS127.png,1,0.5279488265514374
./iccad-official\iccad1\test\test_hs\HS128.png,1,0.8875637948513031
./iccad-official\iccad1\test\test_hs\HS129.png,1,0.17427802085876465
./iccad-official\iccad1\test\test_hs\HS13.png,1,0.4211527109146118
./iccad-official\iccad1\test\test_hs\HS130.png,1,0.35682427883148193
./iccad-official\iccad1\test\test_hs\HS131.png,1,0.5963621139526367
./iccad-official\iccad1\test\test_hs\HS132.png,1,0.3983381986618042
./iccad-official\iccad1\test\test_hs\HS133.png,1,0.4705597162246704
./iccad-official\iccad1\test\test_hs\HS134.png,1,0.16479194164276123
./iccad-official\iccad1\test\test_hs\HS135.png,1,0.2195817232131958
./iccad-official\iccad1\test\test_hs\HS136.png,1,0.4156152606010437
./iccad-official\iccad1\test\test_hs\HS137.png,1,0.7802892178297043
./iccad-official\iccad1\test\test_hs\HS138.png,1,0.3449867367744446
./iccad-official\iccad1\test\test_hs\HS139.png,1,0.518406331539154
./iccad-official\iccad1\test\test_hs\HS14.png,1,0.7865101844072342
./iccad-official\iccad1\test\test_hs\HS140.png,1,0.2626643180847168
./iccad-official\iccad1\test\test_hs\HS141.png,1,0.8975934758782387
./iccad-official\iccad1\test\test_hs\HS142.png,1,0.45880162715911865
./iccad-official\iccad1\test\test_hs\HS143.png,1,0.7121801972389221
./iccad-official\iccad1\test\test_hs\HS144.png,1,0.5861345827579498
./iccad-official\iccad1\test\test_hs\HS145.png,1,0.33759915828704834
./iccad-official\iccad1\test\test_hs\HS146.png,1,0.6030314266681671
./iccad-official\iccad1\test\test_hs\HS147.png,1,0.20276832580566406
./iccad-official\iccad1\test\test_hs\HS148.png,1,0.36303067207336426
./iccad-official\iccad1\test\test_hs\HS149.png,1,0.4703904390335083
./iccad-official\iccad1\test\test_hs\HS15.png,1,0.4017515182495117
./iccad-official\iccad1\test\test_hs\HS150.png,1,0.1547049880027771
./iccad-official\iccad1\test\test_hs\HS151.png,1,0.4894174337387085
./iccad-official\iccad1\test\test_hs\HS152.png,1,0.883620098233223
./iccad-official\iccad1\test\test_hs\HS153.png,1,0.4065515995025635
./iccad-official\iccad1\test\test_hs\HS154.png,1,0.23999285697937012
./iccad-official\iccad1\test\test_hs\HS155.png,1,0.3443329334259033
./iccad-official\iccad1\test\test_hs\HS156.png,1,0.731958419084549
./iccad-official\iccad1\test\test_hs\HS157.png,1,0.2851029634475708
./iccad-official\iccad1\test\test_hs\HS158.png,1,0.15193390846252441
./iccad-official\iccad1\test\test_hs\HS159.png,1,0.5565395057201385
./iccad-official\iccad1\test\test_hs\HS16.png,1,0.155900776386261
./iccad-official\iccad1\test\test_hs\HS160.png,1,0.05705702304840088
./iccad-official\iccad1\test\test_hs\HS161.png,1,0.17957651615142822
./iccad-official\iccad1\test\test_hs\HS162.png,1,0.6191456317901611
./iccad-official\iccad1\test\test_hs\HS163.png,1,0.22237855195999146
./iccad-official\iccad1\test\test_hs\HS164.png,1,0.08796143531799316
./iccad-official\iccad1\test\test_hs\HS165.png,1,0.3567196726799011
./iccad-official\iccad1\test\test_hs\HS166.png,1,0.5494421422481537
./iccad-official\iccad1\test\test_hs\HS167.png,1,0.23559224605560303
./iccad-official\iccad1\test\test_hs\HS168.png,1,0.5070649981498718
./iccad-official\iccad1\test\test_hs\HS169.png,1,0.3358880281448364
./iccad-official\iccad1\test\test_hs\HS17.png,1,0.2254740595817566
./iccad-official\iccad1\test\test_hs\HS170.png,1,0.17741179466247559
./iccad-official\iccad1\test\test_hs\HS171.png,1,0.2949882745742798
./iccad-official\iccad1\test\test_hs\HS172.png,1,0.8185228407382965
./iccad-official\iccad1\test\test_hs\HS173.png,1,0.5447727143764496
./iccad-official\iccad1\test\test_hs\HS174.png,1,0.3001675605773926
./iccad-official\iccad1\test\test_hs\HS175.png,1,0.19478154182434082
./iccad-official\iccad1\test\test_hs\HS176.png,1,0.1840829849243164
./iccad-official\iccad1\test\test_hs\HS177.png,1,0.1737051010131836
./iccad-official\iccad1\test\test_hs\HS178.png,1,0.26517152786254883
./iccad-official\iccad1\test\test_hs\HS179.png,1,0.6827074289321899
./iccad-official\iccad1\test\test_hs\HS18.png,1,0.8696708232164383
./iccad-official\iccad1\test\test_hs\HS180.png,1,0.18160414695739746
./iccad-official\iccad1\test\test_hs\HS181.png,1,0.18551653623580933
./iccad-official\iccad1\test\test_hs\HS182.png,1,0.3505300283432007
./iccad-official\iccad1\test\test_hs\HS183.png,1,0.2579798698425293
./iccad-official\iccad1\test\test_hs\HS184.png,1,0.11232590675354004
./iccad-official\iccad1\test\test_hs\HS185.png,1,0.2523900866508484
./iccad-official\iccad1\test\test_hs\HS186.png,1,0.2294875979423523
./iccad-official\iccad1\test\test_hs\HS187.png,1,0.7917701601982117
./iccad-official\iccad1\test\test_hs\HS188.png,1,0.9172210469841957
./iccad-official\iccad1\test\test_hs\HS189.png,1,0.16664087772369385
./iccad-official\iccad1\test\test_hs\HS19.png,1,0.9255340248346329
./iccad-official\iccad1\test\test_hs\HS190.png,1,0.1267077922821045
./iccad-official\iccad1\test\test_hs\HS191.png,1,0.7424921989440918
./iccad-official\iccad1\test\test_hs\HS192.png,1,0.8498093634843826
./iccad-official\iccad1\test\test_hs\HS193.png,1,0.6484293043613434
./iccad-official\iccad1\test\test_hs\HS194.png,1,0.31843066215515137
./iccad-official\iccad1\test\test_hs\HS195.png,1,0.19275355339050293
./iccad-official\iccad1\test\test_hs\HS196.png,1,0.2506566643714905
./iccad-official\iccad1\test\test_hs\HS197.png,1,0.30768048763275146
./iccad-official\iccad1\test\test_hs\HS198.png,1,0.6200105845928192
./iccad-official\iccad1\test\test_hs\HS199.png,1,0.5281238257884979
./iccad-official\iccad1\test\test_hs\HS2.png,1,0.9240067526698112
./iccad-official\iccad1\test\test_hs\HS20.png,1,0.4574165344238281
./iccad-official\iccad1\test\test_hs\HS200.png,1,0.5637246370315552
./iccad-official\iccad1\test\test_hs\HS201.png,1,0.41554534435272217
./iccad-official\iccad1\test\test_hs\HS202.png,1,0.45370733737945557
./iccad-official\iccad1\test\test_hs\HS203.png,1,0.7407271564006805
./iccad-official\iccad1\test\test_hs\HS204.png,1,0.0822291374206543
./iccad-official\iccad1\test\test_hs\HS205.png,1,0.19068515300750732
./iccad-official\iccad1\test\test_hs\HS206.png,1,0.8539654463529587
./iccad-official\iccad1\test\test_hs\HS207.png,1,0.39731061458587646
./iccad-official\iccad1\test\test_hs\HS208.png,1,0.1185947060585022
./iccad-official\iccad1\test\test_hs\HS209.png,1,0.6574490368366241
./iccad-official\iccad1\test\test_hs\HS21.png,1,0.34082144498825073
./iccad-official\iccad1\test\test_hs\HS210.png,1,0.6202861666679382
./iccad-official\iccad1\test\test_hs\HS211.png,1,0.5338882207870483
./iccad-official\iccad1\test\test_hs\HS212.png,1,0.5834026336669922
./iccad-official\iccad1\test\test_hs\HS213.png,1,0.19677287340164185
./iccad-official\iccad1\test\test_hs\HS214.png,1,0.27871739864349365
./iccad-official\iccad1\test\test_hs\HS215.png,1,0.2663320302963257
./iccad-official\iccad1\test\test_hs\HS216.png,1,0.7114927470684052
./iccad-official\iccad1\test\test_hs\HS217.png,1,0.13180828094482422
./iccad-official\iccad1\test\test_hs\HS218.png,1,0.24204403162002563
./iccad-official\iccad1\test\test_hs\HS219.png,1,0.07758820056915283
./iccad-official\iccad1\test\test_hs\HS22.png,1,0.9036403596401215
./iccad-official\iccad1\test\test_hs\HS220.png,1,0.3280535936355591
./iccad-official\iccad1\test\test_hs\HS221.png,1,0.6831274926662445
./iccad-official\iccad1\test\test_hs\HS222.png,1,0.17825448513031006
./iccad-official\iccad1\test\test_hs\HS223.png,1,0.7095468044281006
./iccad-official\iccad1\test\test_hs\HS224.png,1,0.25528383255004883
./iccad-official\iccad1\test\test_hs\HS225.png,1,0.46265000104904175
./iccad-official\iccad1\test\test_hs\HS23.png,1,0.798504650592804
./iccad-official\iccad1\test\test_hs\HS24.png,1,0.6942146122455597
./iccad-official\iccad1\test\test_hs\HS25.png,1,0.8272684216499329
./iccad-official\iccad1\test\test_hs\HS26.png,1,0.35013002157211304
./iccad-official\iccad1\test\test_hs\HS27.png,1,0.8655989021062851
./iccad-official\iccad1\test\test_hs\HS28.png,1,0.3341364860534668
./iccad-official\iccad1\test\test_hs\HS29.png,1,0.9278102964162827
./iccad-official\iccad1\test\test_hs\HS3.png,1,0.8809847980737686
./iccad-official\iccad1\test\test_hs\HS30.png,1,0.39438867568969727
./iccad-official\iccad1\test\test_hs\HS31.png,1,0.802542120218277
./iccad-official\iccad1\test\test_hs\HS32.png,1,0.7726438790559769
./iccad-official\iccad1\test\test_hs\HS33.png,1,0.8399471193552017
./iccad-official\iccad1\test\test_hs\HS34.png,1,0.20840615034103394
./iccad-official\iccad1\test\test_hs\HS35.png,1,0.6333063840866089
./iccad-official\iccad1\test\test_hs\HS36.png,1,0.7598345577716827
./iccad-official\iccad1\test\test_hs\HS37.png,1,0.5489735305309296
./iccad-official\iccad1\test\test_hs\HS38.png,1,0.5635208487510681
./iccad-official\iccad1\test\test_hs\HS39.png,1,0.8867617323994637
./iccad-official\iccad1\test\test_hs\HS4.png,1,0.0656316876411438
./iccad-official\iccad1\test\test_hs\HS40.png,1,0.6958412230014801
./iccad-official\iccad1\test\test_hs\HS41.png,1,0.45458006858825684
./iccad-official\iccad1\test\test_hs\HS42.png,1,0.8360527902841568
./iccad-official\iccad1\test\test_hs\HS43.png,1,0.10207265615463257
./iccad-official\iccad1\test\test_hs\HS44.png,1,0.765838548541069
./iccad-official\iccad1\test\test_hs\HS45.png,1,0.18414735794067383
./iccad-official\iccad1\test\test_hs\HS46.png,1,0.8840131312608719
./iccad-official\iccad1\test\test_hs\HS47.png,1,0.8482737839221954
./iccad-official\iccad1\test\test_hs\HS48.png,1,0.29024243354797363
./iccad-official\iccad1\test\test_hs\HS49.png,1,0.8572458177804947
./iccad-official\iccad1\test\test_hs\HS5.png,1,0.11964833736419678
./iccad-official\iccad1\test\test_hs\HS50.png,1,0.5189208090305328
./iccad-official\iccad1\test\test_hs\HS51.png,1,0.8979494944214821
./iccad-official\iccad1\test\test_hs\HS52.png,1,0.6385480761528015
./iccad-official\iccad1\test\test_hs\HS53.png,1,0.24186384677886963
./iccad-official\iccad1\test\test_hs\HS54.png,1,0.8265445679426193
./iccad-official\iccad1\test\test_hs\HS55.png,1,0.8986431583762169
./iccad-official\iccad1\test\test_hs\HS56.png,1,0.67479008436203
./iccad-official\iccad1\test\test_hs\HS57.png,1,0.6701948940753937
./iccad-official\iccad1\test\test_hs\HS58.png,1,0.8680798709392548
./iccad-official\iccad1\test\test_hs\HS59.png,1,0.09054911136627197
./iccad-official\iccad1\test\test_hs\HS6.png,1,0.4772944450378418
./iccad-official\iccad1\test\test_hs\HS60.png,1,0.6756500899791718
./iccad-official\iccad1\test\test_hs\HS61.png,1,0.7574814110994339
./iccad-official\iccad1\test\test_hs\HS62.png,1,0.8381481021642685
./iccad-official\iccad1\test\test_hs\HS63.png,1,0.9174483120441437
./iccad-official\iccad1\test\test_hs\HS64.png,1,0.8963699862360954
./iccad-official\iccad1\test\test_hs\HS65.png,1,0.8621827065944672
./iccad-official\iccad1\test\test_hs\HS66.png,1,0.8127050995826721
./iccad-official\iccad1\test\test_hs\HS67.png,1,0.6520693600177765
./iccad-official\iccad1\test\test_hs\HS68.png,1,0.2745596170425415
./iccad-official\iccad1\test\test_hs\HS69.png,1,0.39595067501068115
./iccad-official\iccad1\test\test_hs\HS7.png,1,0.37015509605407715
./iccad-official\iccad1\test\test_hs\HS70.png,1,0.8918949663639069
./iccad-official\iccad1\test\test_hs\HS71.png,1,0.10895973443984985
./iccad-official\iccad1\test\test_hs\HS72.png,1,0.596340000629425
./iccad-official\iccad1\test\test_hs\HS73.png,1,0.28921592235565186
./iccad-official\iccad1\test\test_hs\HS74.png,1,0.8120366483926773
./iccad-official\iccad1\test\test_hs\HS75.png,1,0.7821532338857651
./iccad-official\iccad1\test\test_hs\HS76.png,1,0.9074396714568138
./iccad-official\iccad1\test\test_hs\HS77.png,1,0.9126418232917786
./iccad-official\iccad1\test\test_hs\HS78.png,1,0.5621093213558197
./iccad-official\iccad1\test\test_hs\HS79.png,1,0.3675084710121155
./iccad-official\iccad1\test\test_hs\HS8.png,1,0.08462071418762207
./iccad-official\iccad1\test\test_hs\HS80.png,1,0.8139187097549438
./iccad-official\iccad1\test\test_hs\HS81.png,1,0.40712589025497437
./iccad-official\iccad1\test\test_hs\HS82.png,1,0.5054594874382019
./iccad-official\iccad1\test\test_hs\HS83.png,1,0.7093636095523834
./iccad-official\iccad1\test\test_hs\HS84.png,1,0.14731866121292114
./iccad-official\iccad1\test\test_hs\HS85.png,1,0.11122894287109375
./iccad-official\iccad1\test\test_hs\HS86.png,1,0.11686176061630249
./iccad-official\iccad1\test\test_hs\HS87.png,1,0.5541718900203705
./iccad-official\iccad1\test\test_hs\HS88.png,1,0.6366443932056427
./iccad-official\iccad1\test\test_hs\HS89.png,1,0.43808215856552124
./iccad-official\iccad1\test\test_hs\HS9.png,1,0.9038086235523224
./iccad-official\iccad1\test\test_hs\HS90.png,1,0.08657586574554443
./iccad-official\iccad1\test\test_hs\HS91.png,1,0.8025722503662109
./iccad-official\iccad1\test\test_hs\HS92.png,1,0.8366625905036926
./iccad-official\iccad1\test\test_hs\HS93.png,1,0.7730051130056381
./iccad-official\iccad1\test\test_hs\HS94.png,1,0.46065980195999146
./iccad-official\iccad1\test\test_hs\HS95.png,1,0.6146159172058105
./iccad-official\iccad1\test\test_hs\HS96.png,1,0.8559986799955368
./iccad-official\iccad1\test\test_hs\HS97.png,1,0.692852646112442
./iccad-official\iccad1\test\test_hs\HS98.png,1,0.7158456444740295
./iccad-official\iccad1\test\test_hs\HS99.png,1,0.7971320748329163
./iccad-official\iccad1\test\test_nhs\NHS0.png1.png,0,0.009713888168334961
./iccad-official\iccad1\test\test_nhs\NHS0.png2.png,0,0.506516844034195
./iccad-official\iccad1\test\test_nhs\NHS0.png3.png,0,0.35006487369537354
./iccad-official\iccad1\test\test_nhs\NHS0.png4.png,0,0.4781845808029175
./iccad-official\iccad1\test\test_nhs\NHS0.png6.png,0,0.04725193977355957
./iccad-official\iccad1\test\test_nhs\NHS0.png7.png,0,0.059028029441833496
./iccad-official\iccad1\test\test_nhs\NHS0.png8.png,0,0.059028029441833496
./iccad-official\iccad1\test\test_nhs\NHS0.png9.png,0,0.059028029441833496
./iccad-official\iccad1\test\test_nhs\NHS1.png1.png,0,0.21835267543792725
./iccad-official\iccad1\test\test_nhs\NHS1.png2.png,0,0.1291249394416809
./iccad-official\iccad1\test\test_nhs\NHS1.png3.png,0,0.06051230430603027
./iccad-official\iccad1\test\test_nhs\NHS1.png4.png,0,0.011128544807434082
./iccad-official\iccad1\test\test_nhs\NHS1.png6.png,0,0.17127776145935059
./iccad-official\iccad1\test\test_nhs\NHS1.png7.png,0,0.04725193977355957
./iccad-official\iccad1\test\test_nhs\NHS1.png8.png,0,0.1494390368461609
./iccad-official\iccad1\test\test_nhs\NHS1.png9.png,0,0.0423697829246521
./iccad-official\iccad1\test\test_nhs\NHS10.png1.png,0,0.3857285976409912
./iccad-official\iccad1\test\test_nhs\NHS10.png2.png,0,0.6642123460769653
./iccad-official\iccad1\test\test_nhs\NHS10.png3.png,0,0.04365241527557373
./iccad-official\iccad1\test\test_nhs\NHS10.png4.png,0,0.07826107740402222
./iccad-official\iccad1\test\test_nhs\NHS10.png6.png,0,0.14676249027252197
./iccad-official\iccad1\test\test_nhs\NHS10.png7.png,0,0.06806474924087524
./iccad-official\iccad1\test\test_nhs\NHS10.png8.png,0,0.05786782503128052
./iccad-official\iccad1\test\test_nhs\NHS10.png9.png,0,0.04929983615875244
./iccad-official\iccad1\test\test_nhs\NHS100.png1.png,0,0.04357039928436279
./iccad-official\iccad1\test\test_nhs\NHS100.png2.png,0,0.09364050626754761
./iccad-official\iccad1\test\test_nhs\NHS100.png3.png,0,0.0649799108505249
./iccad-official\iccad1\test\test_nhs\NHS100.png4.png,0,0.4000697135925293
./iccad-official\iccad1\test\test_nhs\NHS100.png6.png,0,0.048650383949279785
./iccad-official\iccad1\test\test_nhs\NHS100.png7.png,0,0.02472132444381714
./iccad-official\iccad1\test\test_nhs\NHS100.png8.png,0,0.02472132444381714
./iccad-official\iccad1\test\test_nhs\NHS100.png9.png,0,0.02472132444381714
./iccad-official\iccad1\test\test_nhs\NHS101.png1.png,0,0.010490357875823975
./iccad-official\iccad1\test\test_nhs\NHS101.png2.png,0,0.06336474418640137
./iccad-official\iccad1\test\test_nhs\NHS101.png3.png,0,0.05018413066864014
./iccad-official\iccad1\test\test_nhs\NHS101.png4.png,0,0.197701096534729
./iccad-official\iccad1\test\test_nhs\NHS101.png6.png,0,0.14944922924041748
./iccad-official\iccad1\test\test_nhs\NHS101.png7.png,0,0.6285012662410736
./iccad-official\iccad1\test\test_nhs\NHS101.png8.png,0,0.4681767225265503
./iccad-official\iccad1\test\test_nhs\NHS101.png9.png,0,0.06880497932434082
./iccad-official\iccad1\test\test_nhs\NHS102.png1.png,0,0.0553441047668457
./iccad-official\iccad1\test\test_nhs\NHS102.png2.png,0,0.00594639778137207
./iccad-official\iccad1\test\test_nhs\NHS102.png3.png,0,0.0025935769081115723
./iccad-official\iccad1\test\test_nhs\NHS102.png4.png,0,0.2805424928665161
./iccad-official\iccad1\test\test_nhs\NHS102.png6.png,0,0.5545478463172913
./iccad-official\iccad1\test\test_nhs\NHS102.png7.png,0,0.02332669496536255
./iccad-official\iccad1\test\test_nhs\NHS102.png8.png,0,0.02332669496536255
./iccad-official\iccad1\test\test_nhs\NHS102.png9.png,0,0.02332669496536255
./iccad-official\iccad1\test\test_nhs\NHS103.png1.png,0,0.10903364419937134
./iccad-official\iccad1\test\test_nhs\NHS103.png2.png,0,0.25680088996887207
./iccad-official\iccad1\test\test_nhs\NHS103.png3.png,0,0.169891357421875
./iccad-official\iccad1\test\test_nhs\NHS103.png4.png,0,0.8736421316862106
./iccad-official\iccad1\test\test_nhs\NHS103.png6.png,0,0.8153452724218369
./iccad-official\iccad1\test\test_nhs\NHS103.png7.png,0,0.11603814363479614
./iccad-official\iccad1\test\test_nhs\NHS103.png8.png,0,0.21919310092926025
./iccad-official\iccad1\test\test_nhs\NHS103.png9.png,0,0.14332818984985352
./iccad-official\iccad1\test\test_nhs\NHS104.png1.png,0,0.033483266830444336
./iccad-official\iccad1\test\test_nhs\NHS104.png2.png,0,0.022301912307739258
./iccad-official\iccad1\test\test_nhs\NHS104.png3.png,0,0.03319144248962402
./iccad-official\iccad1\test\test_nhs\NHS104.png4.png,0,0.44128739833831787
./iccad-official\iccad1\test\test_nhs\NHS104.png6.png,0,0.5468776226043701
./iccad-official\iccad1\test\test_nhs\NHS104.png7.png,0,0.10064005851745605
./iccad-official\iccad1\test\test_nhs\NHS104.png8.png,0,0.09923344850540161
./iccad-official\iccad1\test\test_nhs\NHS104.png9.png,0,0.02332669496536255
./iccad-official\iccad1\test\test_nhs\NHS105.png1.png,0,0.47556841373443604
./iccad-official\iccad1\test\test_nhs\NHS105.png2.png,0,0.24738210439682007
./iccad-official\iccad1\test\test_nhs\NHS105.png3.png,0,0.24738210439682007
./iccad-official\iccad1\test\test_nhs\NHS105.png4.png,0,0.026320993900299072
./iccad-official\iccad1\test\test_nhs\NHS105.png6.png,0,0.04452192783355713
./iccad-official\iccad1\test\test_nhs\NHS105.png7.png,0,0.21084535121917725
./iccad-official\iccad1\test\test_nhs\NHS105.png8.png,0,0.22584617137908936
./iccad-official\iccad1\test\test_nhs\NHS105.png9.png,0,0.22584617137908936
./iccad-official\iccad1\test\test_nhs\NHS106.png1.png,0,0.2733498811721802
./iccad-official\iccad1\test\test_nhs\NHS106.png2.png,0,0.4478186368942261
./iccad-official\iccad1\test\test_nhs\NHS106.png3.png,0,0.27327489852905273
./iccad-official\iccad1\test\test_nhs\NHS106.png4.png,0,0.10000663995742798
./iccad-official\iccad1\test\test_nhs\NHS106.png6.png,0,0.057984769344329834
./iccad-official\iccad1\test\test_nhs\NHS106.png7.png,0,0.061179935932159424
./iccad-official\iccad1\test\test_nhs\NHS106.png8.png,0,0.041939496994018555
./iccad-official\iccad1\test\test_nhs\NHS106.png9.png,0,0.045994579792022705
./iccad-official\iccad1\test\test_nhs\NHS107.png1.png,0,0.016141772270202637
./iccad-official\iccad1\test\test_nhs\NHS107.png2.png,0,0.016141772270202637
./iccad-official\iccad1\test\test_nhs\NHS107.png3.png,0,0.016141831874847412
./iccad-official\iccad1\test\test_nhs\NHS107.png4.png,0,0.21459710597991943
./iccad-official\iccad1\test\test_nhs\NHS107.png6.png,0,0.1494198441505432
./iccad-official\iccad1\test\test_nhs\NHS107.png7.png,0,0.23881465196609497
./iccad-official\iccad1\test\test_nhs\NHS107.png8.png,0,0.1512221097946167
./iccad-official\iccad1\test\test_nhs\NHS107.png9.png,0,0.1512221097946167
./iccad-official\iccad1\test\test_nhs\NHS108.png1.png,0,0.005657374858856201
./iccad-official\iccad1\test\test_nhs\NHS108.png2.png,0,0.005657374858856201
./iccad-official\iccad1\test\test_nhs\NHS108.png3.png,0,0.010870754718780518
./iccad-official\iccad1\test\test_nhs\NHS108.png4.png,0,0.06550872325897217
./iccad-official\iccad1\test\test_nhs\NHS108.png6.png,0,0.132307231426239
./iccad-official\iccad1\test\test_nhs\NHS108.png7.png,0,0.034538328647613525
./iccad-official\iccad1\test\test_nhs\NHS108.png8.png,0,0.10233938694000244
./iccad-official\iccad1\test\test_nhs\NHS108.png9.png,0,0.09054845571517944
./iccad-official\iccad1\test\test_nhs\NHS109.png1.png,0,0.016701161861419678
./iccad-official\iccad1\test\test_nhs\NHS109.png2.png,0,0.028443098068237305
./iccad-official\iccad1\test\test_nhs\NHS109.png3.png,0,0.023749232292175293
./iccad-official\iccad1\test\test_nhs\NHS109.png4.png,0,0.132307231426239
./iccad-official\iccad1\test\test_nhs\NHS109.png6.png,0,0.08353328704833984
./iccad-official\iccad1\test\test_nhs\NHS109.png7.png,0,0.034538328647613525
./iccad-official\iccad1\test\test_nhs\NHS109.png8.png,0,0.02249521017074585
./iccad-official\iccad1\test\test_nhs\NHS109.png9.png,0,0.11516332626342773
./iccad-official\iccad1\test\test_nhs\NHS11.png1.png,0,0.24738210439682007
./iccad-official\iccad1\test\test_nhs\NHS11.png2.png,0,0.07902687788009644
./iccad-official\iccad1\test\test_nhs\NHS11.png3.png,0,0.06880497932434082
./iccad-official\iccad1\test\test_nhs\NHS11.png4.png,0,0.009242236614227295
./iccad-official\iccad1\test\test_nhs\NHS11.png6.png,0,0.07400619983673096
./iccad-official\iccad1\test\test_nhs\NHS11.png7.png,0,0.0801348090171814
./iccad-official\iccad1\test\test_nhs\NHS11.png8.png,0,0.3087238073348999
./iccad-official\iccad1\test\test_nhs\NHS11.png9.png,0,0.25784558057785034
./iccad-official\iccad1\test\test_nhs\NHS110.png1.png,0,0.010490357875823975
./iccad-official\iccad1\test\test_nhs\NHS110.png2.png,0,0.010490357875823975
./iccad-official\iccad1\test\test_nhs\NHS110.png3.png,0,0.016141831874847412
./iccad-official\iccad1\test\test_nhs\NHS110.png4.png,0,0.7484709918498993
./iccad-official\iccad1\test\test_nhs\NHS110.png6.png,0,0.29607605934143066
./iccad-official\iccad1\test\test_nhs\NHS110.png7.png,0,0.06754797697067261
./iccad-official\iccad1\test\test_nhs\NHS110.png8.png,0,0.06332379579544067
./iccad-official\iccad1\test\test_nhs\NHS110.png9.png,0,0.14975237846374512
./iccad-official\iccad1\test\test_nhs\NHS111.png1.png,0,0.06880497932434082
./iccad-official\iccad1\test\test_nhs\NHS111.png2.png,0,0.06880497932434082
./iccad-official\iccad1\test\test_nhs\NHS111.png3.png,0,0.24078905582427979
./iccad-official\iccad1\test\test_nhs\NHS111.png4.png,0,0.06210380792617798
./iccad-official\iccad1\test\test_nhs\NHS111.png6.png,0,0.30393481254577637
./iccad-official\iccad1\test\test_nhs\NHS111.png7.png,0,0.07640600204467773
./iccad-official\iccad1\test\test_nhs\NHS111.png8.png,0,0.08217859268188477
./iccad-official\iccad1\test\test_nhs\NHS111.png9.png,0,0.08217859268188477
./iccad-official\iccad1\test\test_nhs\NHS112.png1.png,0,0.004572927951812744
./iccad-official\iccad1\test\test_nhs\NHS112.png2.png,0,0.03356039524078369
./iccad-official\iccad1\test\test_nhs\NHS112.png3.png,0,0.15255838632583618
./iccad-official\iccad1\test\test_nhs\NHS112.png4.png,0,0.197701096534729
./iccad-official\iccad1\test\test_nhs\NHS112.png6.png,0,0.21794414520263672
./iccad-official\iccad1\test\test_nhs\NHS112.png7.png,0,0.395611047744751
./iccad-official\iccad1\test\test_nhs\NHS112.png8.png,0,0.20636582374572754
./iccad-official\iccad1\test\test_nhs\NHS112.png9.png,0,0.0729057788848877
./iccad-official\iccad1\test\test_nhs\NHS113.png1.png,0,0.02667248249053955
./iccad-official\iccad1\test\test_nhs\NHS113.png2.png,0,0.08068370819091797
./iccad-official\iccad1\test\test_nhs\NHS113.png3.png,0,0.054925739765167236
./iccad-official\iccad1\test\test_nhs\NHS113.png4.png,0,0.8153453469276428
./iccad-official\iccad1\test\test_nhs\NHS113.png6.png,0,0.7862522453069687
./iccad-official\iccad1\test\test_nhs\NHS113.png7.png,0,0.029341161251068115
./iccad-official\iccad1\test\test_nhs\NHS113.png8.png,0,0.029341161251068115
./iccad-official\iccad1\test\test_nhs\NHS113.png9.png,0,0.029341161251068115
./iccad-official\iccad1\test\test_nhs\NHS114.png1.png,0,0.04117482900619507
./iccad-official\iccad1\test\test_nhs\NHS114.png2.png,0,0.035495638847351074
./iccad-official\iccad1\test\test_nhs\NHS114.png3.png,0,0.04055070877075195
./iccad-official\iccad1\test\test_nhs\NHS114.png4.png,0,0.39107000827789307
./iccad-official\iccad1\test\test_nhs\NHS114.png6.png,0,0.3521689176559448
./iccad-official\iccad1\test\test_nhs\NHS114.png7.png,0,0.029341161251068115
./iccad-official\iccad1\test\test_nhs\NHS114.png8.png,0,0.029341161251068115
./iccad-official\iccad1\test\test_nhs\NHS114.png9.png,0,0.23099929094314575
./iccad-official\iccad1\test\test_nhs\NHS115.png1.png,0,0.23391377925872803
./iccad-official\iccad1\test\test_nhs\NHS115.png2.png,0,0.24738210439682007
./iccad-official\iccad1\test\test_nhs\NHS115.png3.png,0,0.24738210439682007
./iccad-official\iccad1\test\test_nhs\NHS115.png4.png,0,0.10646235942840576
./iccad-official\iccad1\test\test_nhs\NHS115.png6.png,0,0.41767382621765137
./iccad-official\iccad1\test\test_nhs\NHS115.png7.png,0,0.3087589740753174
./iccad-official\iccad1\test\test_nhs\NHS115.png8.png,0,0.3087589740753174
./iccad-official\iccad1\test\test_nhs\NHS115.png9.png,0,0.3087589740753174
./iccad-official\iccad1\test\test_nhs\NHS116.png1.png,0,0.07400619983673096
./iccad-official\iccad1\test\test_nhs\NHS116.png2.png,0,0.07400619983673096
./iccad-official\iccad1\test\test_nhs\NHS116.png3.png,0,0.07400619983673096
./iccad-official\iccad1\test\test_nhs\NHS116.png4.png,0,0.7167649269104004
./iccad-official\iccad1\test\test_nhs\NHS116.png6.png,0,0.04725193977355957
./iccad-official\iccad1\test\test_nhs\NHS116.png7.png,0,0.06880497932434082
./iccad-official\iccad1\test\test_nhs\NHS116.png8.png,0,0.06880497932434082
./iccad-official\iccad1\test\test_nhs\NHS116.png9.png,0,0.06880497932434082
./iccad-official\iccad1\test\test_nhs\NHS117.png1.png,0,0.056431710720062256
./iccad-official\iccad1\test\test_nhs\NHS117.png2.png,0,0.01973193883895874
./iccad-official\iccad1\test\test_nhs\NHS117.png3.png,0,0.013688743114471436
./iccad-official\iccad1\test\test_nhs\NHS117.png4.png,0,0.04669421911239624
./iccad-official\iccad1\test\test_nhs\NHS117.png6.png,0,0.712954044342041
./iccad-official\iccad1\test\test_nhs\NHS117.png7.png,0,0.2791752815246582
./iccad-official\iccad1\test\test_nhs\NHS117.png8.png,0,0.2791752815246582
./iccad-official\iccad1\test\test_nhs\NHS117.png9.png,0,0.2791752815246582
./iccad-official\iccad1\test\test_nhs\NHS118.png1.png,0,0.09776878356933594
./iccad-official\iccad1\test\test_nhs\NHS118.png2.png,0,0.4374309778213501
./iccad-official\iccad1\test\test_nhs\NHS118.png3.png,0,0.5811826884746552
./iccad-official\iccad1\test\test_nhs\NHS118.png4.png,0,0.48104190826416016
./iccad-official\iccad1\test\test_nhs\NHS118.png6.png,0,0.06208086013793945
./iccad-official\iccad1\test\test_nhs\NHS118.png7.png,0,0.29171204566955566
./iccad-official\iccad1\test\test_nhs\NHS118.png8.png,0,0.07053244113922119
./iccad-official\iccad1\test\test_nhs\NHS118.png9.png,0,0.06880497932434082
./iccad-official\iccad1\test\test_nhs\NHS119.png1.png,0,0.0649799108505249
./iccad-official\iccad1\test\test_nhs\NHS119.png2.png,0,0.0649799108505249
./iccad-official\iccad1\test\test_nhs\NHS119.png3.png,0,0.0649799108505249
./iccad-official\iccad1\test\test_nhs\NHS119.png4.png,0,0.6957414746284485
./iccad-official\iccad1\test\test_nhs\NHS119.png6.png,0,0.03748446702957153
./iccad-official\iccad1\test\test_nhs\NHS119.png7.png,0,0.12218427658081055
./iccad-official\iccad1\test\test_nhs\NHS119.png8.png,0,0.12218427658081055
./iccad-official\iccad1\test\test_nhs\NHS119.png9.png,0,0.1493161916732788
./iccad-official\iccad1\test\test_nhs\NHS12.png1.png,0,0.2412702441215515
./iccad-official\iccad1\test\test_nhs\NHS12.png2.png,0,0.49024713039398193
./iccad-official\iccad1\test\test_nhs\NHS12.png3.png,0,0.07203161716461182
./iccad-official\iccad1\test\test_nhs\NHS12.png4.png,0,0.06575119495391846
./iccad-official\iccad1\test\test_nhs\NHS12.png6.png,0,0.13049602508544922
./iccad-official\iccad1\test\test_nhs\NHS12.png7.png,0,0.04725193977355957
./iccad-official\iccad1\test\test_nhs\NHS12.png8.png,0,0.04725193977355957
./iccad-official\iccad1\test\test_nhs\NHS12.png9.png,0,0.08265513181686401
./iccad-official\iccad1\test\test_nhs\NHS120.png1.png,0,0.06527590751647949
./iccad-official\iccad1\test\test_nhs\NHS120.png2.png,0,0.044003069400787354
./iccad-official\iccad1\test\test_nhs\NHS120.png3.png,0,0.038773953914642334
./iccad-official\iccad1\test\test_nhs\NHS120.png4.png,0,0.26683956384658813
./iccad-official\iccad1\test\test_nhs\NHS120.png6.png,0,0.26683950424194336
./iccad-official\iccad1\test\test_nhs\NHS120.png7.png,0,0.43969738483428955
./iccad-official\iccad1\test\test_nhs\NHS120.png8.png,0,0.4694787263870239
./iccad-official\iccad1\test\test_nhs\NHS120.png9.png,0,0.7341912090778351
./iccad-official\iccad1\test\test_nhs\NHS121.png1.png,0,0.07355642318725586
./iccad-official\iccad1\test\test_nhs\NHS121.png2.png,0,0.24125492572784424
./iccad-official\iccad1\test\test_nhs\NHS121.png3.png,0,0.3167024850845337
./iccad-official\iccad1\test\test_nhs\NHS121.png4.png,0,0.3521689176559448
./iccad-official\iccad1\test\test_nhs\NHS121.png6.png,0,0.4385080337524414
./iccad-official\iccad1\test\test_nhs\NHS121.png7.png,0,0.02468210458755493
./iccad-official\iccad1\test\test_nhs\NHS121.png8.png,0,0.029341161251068115
./iccad-official\iccad1\test\test_nhs\NHS121.png9.png,0,0.048339664936065674
./iccad-official\iccad1\test\test_nhs\NHS122.png1.png,0,0.06757199764251709
./iccad-official\iccad1\test\test_nhs\NHS122.png2.png,0,0.06757199764251709
./iccad-official\iccad1\test\test_nhs\NHS122.png3.png,0,0.07601797580718994
./iccad-official\iccad1\test\test_nhs\NHS122.png4.png,0,0.04452192783355713
./iccad-official\iccad1\test\test_nhs\NHS122.png6.png,0,0.31353867053985596
./iccad-official\iccad1\test\test_nhs\NHS122.png7.png,0,0.25784558057785034
./iccad-official\iccad1\test\test_nhs\NHS122.png8.png,0,0.25784558057785034
./iccad-official\iccad1\test\test_nhs\NHS122.png9.png,0,0.25784558057785034
./iccad-official\iccad1\test\test_nhs\NHS123.png1.png,0,0.004572927951812744
./iccad-official\iccad1\test\test_nhs\NHS123.png2.png,0,0.007144629955291748
./iccad-official\iccad1\test\test_nhs\NHS123.png3.png,0,0.008472681045532227
./iccad-official\iccad1\test\test_nhs\NHS123.png4.png,0,0.7770111113786697
./iccad-official\iccad1\test\test_nhs\NHS123.png6.png,0,0.16069287061691284
./iccad-official\iccad1\test\test_nhs\NHS123.png7.png,0,0.13015097379684448
./iccad-official\iccad1\test\test_nhs\NHS123.png8.png,0,0.13015097379684448
./iccad-official\iccad1\test\test_nhs\NHS123.png9.png,0,0.37137365341186523
./iccad-official\iccad1\test\test_nhs\NHS124.png1.png,0,0.19505292177200317
./iccad-official\iccad1\test\test_nhs\NHS124.png2.png,0,0.4338265657424927
./iccad-official\iccad1\test\test_nhs\NHS124.png3.png,0,0.20859313011169434
./iccad-official\iccad1\test\test_nhs\NHS124.png4.png,0,0.8076648116111755
./iccad-official\iccad1\test\test_nhs\NHS124.png6.png,0,0.7214511334896088
./iccad-official\iccad1\test\test_nhs\NHS124.png7.png,0,0.016444385051727295
./iccad-official\iccad1\test\test_nhs\NHS124.png8.png,0,0.019913077354431152
./iccad-official\iccad1\test\test_nhs\NHS124.png9.png,0,0.03295844793319702
./iccad-official\iccad1\test\test_nhs\NHS125.png1.png,0,0.28600871562957764
./iccad-official\iccad1\test\test_nhs\NHS125.png2.png,0,0.22495466470718384
./iccad-official\iccad1\test\test_nhs\NHS125.png3.png,0,0.24738210439682007
./iccad-official\iccad1\test\test_nhs\NHS125.png4.png,0,0.010490357875823975
./iccad-official\iccad1\test\test_nhs\NHS125.png6.png,0,0.29732513427734375
./iccad-official\iccad1\test\test_nhs\NHS125.png7.png,0,0.04725193977355957
./iccad-official\iccad1\test\test_nhs\NHS125.png8.png,0,0.04725193977355957
./iccad-official\iccad1\test\test_nhs\NHS125.png9.png,0,0.04725193977355957
./iccad-official\iccad1\test\test_nhs\NHS126.png1.png,0,0.07339555025100708
./iccad-official\iccad1\test\test_nhs\NHS126.png2.png,0,0.05951404571533203
./iccad-official\iccad1\test\test_nhs\NHS126.png3.png,0,0.05951404571533203
./iccad-official\iccad1\test\test_nhs\NHS126.png4.png,0,0.3315204381942749
./iccad-official\iccad1\test\test_nhs\NHS126.png6.png,0,0.6998755037784576
./iccad-official\iccad1\test\test_nhs\NHS126.png7.png,0,0.014551341533660889
./iccad-official\iccad1\test\test_nhs\NHS126.png8.png,0,0.014551341533660889
./iccad-official\iccad1\test\test_nhs\NHS126.png9.png,0,0.014551341533660889
./iccad-official\iccad1\test\test_nhs\NHS127.png1.png,0,0.010490357875823975
./iccad-official\iccad1\test\test_nhs\NHS127.png2.png,0,0.010490357875823975
./iccad-official\iccad1\test\test_nhs\NHS127.png3.png,0,0.010490357875823975
./iccad-official\iccad1\test\test_nhs\NHS127.png4.png,0,0.05448633432388306
./iccad-official\iccad1\test\test_nhs\NHS127.png6.png,0,0.21799862384796143
./iccad-official\iccad1\test\test_nhs\NHS127.png7.png,0,0.20698201656341553
./iccad-official\iccad1\test\test_nhs\NHS127.png8.png,0,0.29171204566955566
./iccad-official\iccad1\test\test_nhs\NHS127.png9.png,0,0.29171204566955566
./iccad-official\iccad1\test\test_nhs\NHS128.png1.png,0,0.1301666498184204
./iccad-official\iccad1\test\test_nhs\NHS128.png2.png,0,0.1451340913772583
./iccad-official\iccad1\test\test_nhs\NHS128.png3.png,0,0.1451340913772583
./iccad-official\iccad1\test\test_nhs\NHS128.png4.png,0,0.8153453469276428
./iccad-official\iccad1\test\test_nhs\NHS128.png6.png,0,0.6399306356906891
./iccad-official\iccad1\test\test_nhs\NHS128.png7.png,0,0.020006537437438965
./iccad-official\iccad1\test\test_nhs\NHS128.png8.png,0,0.020563185214996338
./iccad-official\iccad1\test\test_nhs\NHS128.png9.png,0,0.029341161251068115
./iccad-official\iccad1\test\test_nhs\NHS129.png1.png,0,0.056710898876190186
./iccad-official\iccad1\test\test_nhs\NHS129.png2.png,0,0.06604719161987305
./iccad-official\iccad1\test\test_nhs\NHS129.png3.png,0,0.06604719161987305
./iccad-official\iccad1\test\test_nhs\NHS129.png4.png,0,0.010490357875823975
./iccad-official\iccad1\test\test_nhs\NHS129.png6.png,0,0.07400619983673096
./iccad-official\iccad1\test\test_nhs\NHS129.png7.png,0,0.14520251750946045
./iccad-official\iccad1\test\test_nhs\NHS129.png8.png,0,0.15586453676223755
./iccad-official\iccad1\test\test_nhs\NHS129.png9.png,0,0.3896445631980896
./iccad-official\iccad1\test\test_nhs\NHS13.png1.png,0,0.010488033294677734
./iccad-official\iccad1\test\test_nhs\NHS13.png2.png,0,0.03186631202697754
./iccad-official\iccad1\test\test_nhs\NHS13.png3.png,0,0.02032369375228882
./iccad-official\iccad1\test\test_nhs\NHS13.png4.png,0,0.39932674169540405
./iccad-official\iccad1\test\test_nhs\NHS13.png6.png,0,0.033148884773254395
./iccad-official\iccad1\test\test_nhs\NHS13.png7.png,0,0.07462805509567261
./iccad-official\iccad1\test\test_nhs\NHS13.png8.png,0,0.07462805509567261
./iccad-official\iccad1\test\test_nhs\NHS13.png9.png,0,0.07462805509567261
./iccad-official\iccad1\test\test_nhs\NHS130.png1.png,0,0.06880497932434082
./iccad-official\iccad1\test\test_nhs\NHS130.png2.png,0,0.06880497932434082
./iccad-official\iccad1\test\test_nhs\NHS130.png3.png,0,0.06880497932434082
./iccad-official\iccad1\test\test_nhs\NHS130.png4.png,0,0.030984878540039062
./iccad-official\iccad1\test\test_nhs\NHS130.png6.png,0,0.020518481731414795
./iccad-official\iccad1\test\test_nhs\NHS130.png7.png,0,0.05277961492538452
./iccad-official\iccad1\test\test_nhs\NHS130.png8.png,0,0.051570773124694824
./iccad-official\iccad1\test\test_nhs\NHS130.png9.png,0,0.06317895650863647
./iccad-official\iccad1\test\test_nhs\NHS131.png1.png,0,0.0061342716217041016
./iccad-official\iccad1\test\test_nhs\NHS131.png2.png,0,0.03858137130737305
./iccad-official\iccad1\test\test_nhs\NHS131.png3.png,0,0.04249298572540283
./iccad-official\iccad1\test\test_nhs\NHS131.png4.png,0,0.12397313117980957
./iccad-official\iccad1\test\test_nhs\NHS131.png6.png,0,0.3087589740753174
./iccad-official\iccad1\test\test_nhs\NHS131.png7.png,0,0.18174093961715698
./iccad-official\iccad1\test\test_nhs\NHS131.png8.png,0,0.1632368564605713
./iccad-official\iccad1\test\test_nhs\NHS131.png9.png,0,0.1632368564605713
./iccad-official\iccad1\test\test_nhs\NHS132.png1.png,0,0.07462805509567261
./iccad-official\iccad1\test\test_nhs\NHS132.png2.png,0,0.2586846947669983
./iccad-official\iccad1\test\test_nhs\NHS132.png3.png,0,0.0649799108505249
./iccad-official\iccad1\test\test_nhs\NHS132.png4.png,0,0.010488033294677734
./iccad-official\iccad1\test\test_nhs\NHS132.png6.png,0,0.04056292772293091
./iccad-official\iccad1\test\test_nhs\NHS132.png7.png,0,0.11558723449707031
./iccad-official\iccad1\test\test_nhs\NHS132.png8.png,0,0.08518058061599731
./iccad-official\iccad1\test\test_nhs\NHS132.png9.png,0,0.02472132444381714
./iccad-official\iccad1\test\test_nhs\NHS133.png1.png,0,0.042504966259002686
./iccad-official\iccad1\test\test_nhs\NHS133.png2.png,0,0.5079447329044342
./iccad-official\iccad1\test\test_nhs\NHS133.png3.png,0,0.35482460260391235
./iccad-official\iccad1\test\test_nhs\NHS133.png4.png,0,0.49942803382873535
./iccad-official\iccad1\test\test_nhs\NHS133.png6.png,0,0.04725193977355957
./iccad-official\iccad1\test\test_nhs\NHS133.png7.png,0,0.08684080839157104
./iccad-official\iccad1\test\test_nhs\NHS133.png8.png,0,0.059028029441833496
./iccad-official\iccad1\test\test_nhs\NHS133.png9.png,0,0.059028029441833496
./iccad-official\iccad1\test\test_nhs\NHS134.png1.png,0,0.00999605655670166
./iccad-official\iccad1\test\test_nhs\NHS134.png2.png,0,0.007279336452484131
./iccad-official\iccad1\test\test_nhs\NHS134.png3.png,0,0.003239154815673828
./iccad-official\iccad1\test\test_nhs\NHS134.png4.png,0,0.2870727777481079
./iccad-official\iccad1\test\test_nhs\NHS134.png6.png,0,0.012916922569274902
./iccad-official\iccad1\test\test_nhs\NHS134.png7.png,0,0.012947261333465576
./iccad-official\iccad1\test\test_nhs\NHS134.png8.png,0,0.03744131326675415
./iccad-official\iccad1\test\test_nhs\NHS134.png9.png,0,0.01900959014892578
./iccad-official\iccad1\test\test_nhs\NHS135.png1.png,0,0.07649457454681396
./iccad-official\iccad1\test\test_nhs\NHS135.png2.png,0,0.06253594160079956
./iccad-official\iccad1\test\test_nhs\NHS135.png3.png,0,0.1359349489212036
./iccad-official\iccad1\test\test_nhs\NHS135.png4.png,0,0.13792157173156738
./iccad-official\iccad1\test\test_nhs\NHS135.png6.png,0,0.17609339952468872
./iccad-official\iccad1\test\test_nhs\NHS135.png7.png,0,0.40987515449523926
./iccad-official\iccad1\test\test_nhs\NHS135.png8.png,0,0.49837350845336914
./iccad-official\iccad1\test\test_nhs\NHS135.png9.png,0,0.7986335158348083
./iccad-official\iccad1\test\test_nhs\NHS136.png1.png,0,0.20785856246948242
./iccad-official\iccad1\test\test_nhs\NHS136.png2.png,0,0.030369937419891357
./iccad-official\iccad1\test\test_nhs\NHS136.png3.png,0,0.19430381059646606
./iccad-official\iccad1\test\test_nhs\NHS136.png4.png,0,0.10642606019973755
./iccad-official\iccad1\test\test_nhs\NHS136.png6.png,0,0.07976055145263672
./iccad-official\iccad1\test\test_nhs\NHS136.png7.png,0,0.5705062747001648
./iccad-official\iccad1\test\test_nhs\NHS136.png8.png,0,0.4089156985282898
./iccad-official\iccad1\test\test_nhs\NHS136.png9.png,0,0.25000089406967163
./iccad-official\iccad1\test\test_nhs\NHS137.png1.png,0,0.30020976066589355
./iccad-official\iccad1\test\test_nhs\NHS137.png2.png,0,0.30020976066589355
./iccad-official\iccad1\test\test_nhs\NHS137.png3.png,0,0.8304534256458282
./iccad-official\iccad1\test\test_nhs\NHS137.png4.png,0,0.5241373479366302
./iccad-official\iccad1\test\test_nhs\NHS137.png6.png,0,0.28370368480682373
./iccad-official\iccad1\test\test_nhs\NHS137.png7.png,0,0.011495411396026611
./iccad-official\iccad1\test\test_nhs\NHS137.png8.png,0,0.06167912483215332
./iccad-official\iccad1\test\test_nhs\NHS137.png9.png,0,0.01163870096206665
./iccad-official\iccad1\test\test_nhs\NHS138.png1.png,0,0.01383209228515625
./iccad-official\iccad1\test\test_nhs\NHS138.png2.png,0,0.11347371339797974
./iccad-official\iccad1\test\test_nhs\NHS138.png3.png,0,0.33244597911834717
./iccad-official\iccad1\test\test_nhs\NHS138.png4.png,0,0.01383209228515625
./iccad-official\iccad1\test\test_nhs\NHS138.png6.png,0,0.35802555084228516
./iccad-official\iccad1\test\test_nhs\NHS138.png7.png,0,0.01383209228515625
./iccad-official\iccad1\test\test_nhs\NHS138.png8.png,0,0.11677509546279907
./iccad-official\iccad1\test\test_nhs\NHS138.png9.png,0,0.06258422136306763
./iccad-official\iccad1\test\test_nhs\NHS139.png1.png,0,0.10425353050231934
./iccad-official\iccad1\test\test_nhs\NHS139.png2.png,0,0.09966230392456055
./iccad-official\iccad1\test\test_nhs\NHS139.png3.png,0,0.057097017765045166
./iccad-official\iccad1\test\test_nhs\NHS139.png4.png,0,0.04254382848739624
./iccad-official\iccad1\test\test_nhs\NHS139.png6.png,0,0.09412980079650879
./iccad-official\iccad1\test\test_nhs\NHS139.png7.png,0,0.014958560466766357
./iccad-official\iccad1\test\test_nhs\NHS139.png8.png,0,0.014958560466766357
./iccad-official\iccad1\test\test_nhs\NHS139.png9.png,0,0.014958560466766357
./iccad-official\iccad1\test\test_nhs\NHS14.png1.png,0,0.008054018020629883
./iccad-official\iccad1\test\test_nhs\NHS14.png2.png,0,0.004001259803771973
./iccad-official\iccad1\test\test_nhs\NHS14.png3.png,0,0.01174849271774292
./iccad-official\iccad1\test\test_nhs\NHS14.png4.png,0,0.5884705483913422
./iccad-official\iccad1\test\test_nhs\NHS14.png6.png,0,0.132307231426239
./iccad-official\iccad1\test\test_nhs\NHS14.png7.png,0,0.011631608009338379
./iccad-official\iccad1\test\test_nhs\NHS14.png8.png,0,0.06959116458892822
./iccad-official\iccad1\test\test_nhs\NHS14.png9.png,0,0.02332669496536255
./iccad-official\iccad1\test\test_nhs\NHS140.png1.png,0,0.39292269945144653
./iccad-official\iccad1\test\test_nhs\NHS140.png2.png,0,0.521028459072113
./iccad-official\iccad1\test\test_nhs\NHS140.png3.png,0,0.6819818615913391
./iccad-official\iccad1\test\test_nhs\NHS140.png4.png,0,0.13773828744888306
./iccad-official\iccad1\test\test_nhs\NHS140.png6.png,0,0.09191101789474487
./iccad-official\iccad1\test\test_nhs\NHS140.png7.png,0,0.5359673500061035
./iccad-official\iccad1\test\test_nhs\NHS140.png8.png,0,0.6839184761047363
./iccad-official\iccad1\test\test_nhs\NHS140.png9.png,0,0.33250290155410767
./iccad-official\iccad1\test\test_nhs\NHS141.png1.png,0,0.011892497539520264
./iccad-official\iccad1\test\test_nhs\NHS141.png2.png,0,0.012403547763824463
./iccad-official\iccad1\test\test_nhs\NHS141.png3.png,0,0.012403547763824463
./iccad-official\iccad1\test\test_nhs\NHS141.png4.png,0,0.9181336537003517
./iccad-official\iccad1\test\test_nhs\NHS141.png6.png,0,0.8944777473807335
./iccad-official\iccad1\test\test_nhs\NHS141.png7.png,0,0.08059018850326538
./iccad-official\iccad1\test\test_nhs\NHS141.png8.png,0,0.08059018850326538
./iccad-official\iccad1\test\test_nhs\NHS141.png9.png,0,0.08258479833602905
./iccad-official\iccad1\test\test_nhs\NHS142.png1.png,0,0.0018602609634399414
./iccad-official\iccad1\test\test_nhs\NHS142.png2.png,0,0.0018602609634399414
./iccad-official\iccad1\test\test_nhs\NHS142.png3.png,0,0.0018602609634399414
./iccad-official\iccad1\test\test_nhs\NHS142.png4.png,0,0.13043946027755737
./iccad-official\iccad1\test\test_nhs\NHS142.png6.png,0,0.3930633068084717
./iccad-official\iccad1\test\test_nhs\NHS142.png7.png,0,0.04742395877838135
./iccad-official\iccad1\test\test_nhs\NHS142.png8.png,0,0.02498304843902588
./iccad-official\iccad1\test\test_nhs\NHS142.png9.png,0,0.12532448768615723
./iccad-official\iccad1\test\test_nhs\NHS143.png1.png,0,0.019306659698486328
./iccad-official\iccad1\test\test_nhs\NHS143.png2.png,0,0.019306659698486328
./iccad-official\iccad1\test\test_nhs\NHS143.png3.png,0,0.019306659698486328
./iccad-official\iccad1\test\test_nhs\NHS143.png4.png,0,0.3656728267669678
./iccad-official\iccad1\test\test_nhs\NHS143.png6.png,0,0.36791110038757324
./iccad-official\iccad1\test\test_nhs\NHS143.png7.png,0,0.09335756301879883
./iccad-official\iccad1\test\test_nhs\NHS143.png8.png,0,0.03797489404678345
./iccad-official\iccad1\test\test_nhs\NHS143.png9.png,0,0.03379654884338379
./iccad-official\iccad1\test\test_nhs\NHS144.png1.png,0,0.01383209228515625
./iccad-official\iccad1\test\test_nhs\NHS144.png2.png,0,0.03520405292510986
./iccad-official\iccad1\test\test_nhs\NHS144.png3.png,0,0.007549583911895752
./iccad-official\iccad1\test\test_nhs\NHS144.png4.png,0,0.01383209228515625
./iccad-official\iccad1\test\test_nhs\NHS144.png6.png,0,0.39673423767089844
./iccad-official\iccad1\test\test_nhs\NHS144.png7.png,0,0.01383209228515625
./iccad-official\iccad1\test\test_nhs\NHS144.png8.png,0,0.3724435567855835
./iccad-official\iccad1\test\test_nhs\NHS144.png9.png,0,0.11356735229492188
./iccad-official\iccad1\test\test_nhs\NHS145.png1.png,0,0.1030460000038147
./iccad-official\iccad1\test\test_nhs\NHS145.png2.png,0,0.05764651298522949
./iccad-official\iccad1\test\test_nhs\NHS145.png3.png,0,0.05764651298522949
./iccad-official\iccad1\test\test_nhs\NHS145.png4.png,0,0.36079084873199463
./iccad-official\iccad1\test\test_nhs\NHS145.png6.png,0,0.06107372045516968
./iccad-official\iccad1\test\test_nhs\NHS145.png7.png,0,0.01570981740951538
./iccad-official\iccad1\test\test_nhs\NHS145.png8.png,0,0.01570981740951538
./iccad-official\iccad1\test\test_nhs\NHS145.png9.png,0,0.01570981740951538
./iccad-official\iccad1\test\test_nhs\NHS146.png1.png,0,0.005238056182861328
./iccad-official\iccad1\test\test_nhs\NHS146.png2.png,0,0.017290890216827393
./iccad-official\iccad1\test\test_nhs\NHS146.png3.png,0,0.019957363605499268
./iccad-official\iccad1\test\test_nhs\NHS146.png4.png,0,0.17241448163986206
./iccad-official\iccad1\test\test_nhs\NHS146.png6.png,0,0.2997204065322876
./iccad-official\iccad1\test\test_nhs\NHS146.png7.png,0,0.03744131326675415
./iccad-official\iccad1\test\test_nhs\NHS146.png8.png,0,0.03744131326675415
./iccad-official\iccad1\test\test_nhs\NHS146.png9.png,0,0.1305064558982849
./iccad-official\iccad1\test\test_nhs\NHS147.png1.png,0,0.7991992086172104
./iccad-official\iccad1\test\test_nhs\NHS147.png2.png,0,0.7892090082168579
./iccad-official\iccad1\test\test_nhs\NHS147.png3.png,0,0.6486005783081055
./iccad-official\iccad1\test\test_nhs\NHS147.png4.png,0,0.0793159008026123
./iccad-official\iccad1\test\test_nhs\NHS147.png6.png,0,0.1158592700958252
./iccad-official\iccad1\test\test_nhs\NHS147.png7.png,0,0.13760411739349365
./iccad-official\iccad1\test\test_nhs\NHS147.png8.png,0,0.07615041732788086
./iccad-official\iccad1\test\test_nhs\NHS147.png9.png,0,0.059106528759002686
./iccad-official\iccad1\test\test_nhs\NHS148.png1.png,0,0.05218768119812012
./iccad-official\iccad1\test\test_nhs\NHS148.png2.png,0,0.05218768119812012
./iccad-official\iccad1\test\test_nhs\NHS148.png3.png,0,0.05218768119812012
./iccad-official\iccad1\test\test_nhs\NHS148.png4.png,0,0.3748527765274048
./iccad-official\iccad1\test\test_nhs\NHS148.png6.png,0,0.4120333194732666
./iccad-official\iccad1\test\test_nhs\NHS148.png7.png,0,0.0343930721282959
./iccad-official\iccad1\test\test_nhs\NHS148.png8.png,0,0.0343930721282959
./iccad-official\iccad1\test\test_nhs\NHS148.png9.png,0,0.0343930721282959
./iccad-official\iccad1\test\test_nhs\NHS149.png1.png,0,0.0016837716102600098
./iccad-official\iccad1\test\test_nhs\NHS149.png2.png,0,0.0021981000900268555
./iccad-official\iccad1\test\test_nhs\NHS149.png3.png,0,0.0025850534439086914
./iccad-official\iccad1\test\test_nhs\NHS149.png4.png,0,0.32050126791000366
./iccad-official\iccad1\test\test_nhs\NHS149.png6.png,0,0.06163656711578369
./iccad-official\iccad1\test\test_nhs\NHS149.png7.png,0,0.03887283802032471
./iccad-official\iccad1\test\test_nhs\NHS149.png8.png,0,0.10486984252929688
./iccad-official\iccad1\test\test_nhs\NHS149.png9.png,0,0.10486984252929688
./iccad-official\iccad1\test\test_nhs\NHS15.png1.png,0,0.07153940200805664
./iccad-official\iccad1\test\test_nhs\NHS15.png2.png,0,0.04452192783355713
./iccad-official\iccad1\test\test_nhs\NHS15.png3.png,0,0.04452192783355713
./iccad-official\iccad1\test\test_nhs\NHS15.png4.png,0,0.03433042764663696
./iccad-official\iccad1\test\test_nhs\NHS15.png6.png,0,0.1810816526412964
./iccad-official\iccad1\test\test_nhs\NHS15.png7.png,0,0.07869982719421387
./iccad-official\iccad1\test\test_nhs\NHS15.png8.png,0,0.07462936639785767
./iccad-official\iccad1\test\test_nhs\NHS15.png9.png,0,0.22265541553497314
./iccad-official\iccad1\test\test_nhs\NHS150.png1.png,0,0.0019148588180541992
./iccad-official\iccad1\test\test_nhs\NHS150.png2.png,0,0.0019148588180541992
./iccad-official\iccad1\test\test_nhs\NHS150.png3.png,0,0.004153013229370117
./iccad-official\iccad1\test\test_nhs\NHS150.png4.png,0,0.08488595485687256
./iccad-official\iccad1\test\test_nhs\NHS150.png6.png,0,0.04132360219955444
./iccad-official\iccad1\test\test_nhs\NHS150.png7.png,0,0.0911218523979187
./iccad-official\iccad1\test\test_nhs\NHS150.png8.png,0,0.05989253520965576
./iccad-official\iccad1\test\test_nhs\NHS150.png9.png,0,0.02899491786956787
./iccad-official\iccad1\test\test_nhs\NHS151.png1.png,0,0.10765165090560913
./iccad-official\iccad1\test\test_nhs\NHS151.png2.png,0,0.14320820569992065
./iccad-official\iccad1\test\test_nhs\NHS151.png3.png,0,0.06804442405700684
./iccad-official\iccad1\test\test_nhs\NHS151.png4.png,0,0.028859496116638184
./iccad-official\iccad1\test\test_nhs\NHS151.png6.png,0,0.21429216861724854
./iccad-official\iccad1\test\test_nhs\NHS151.png7.png,0,0.04294157028198242
./iccad-official\iccad1\test\test_nhs\NHS151.png8.png,0,0.043372392654418945
./iccad-official\iccad1\test\test_nhs\NHS151.png9.png,0,0.014958560466766357
./iccad-official\iccad1\test\test_nhs\NHS152.png1.png,0,0.006397604942321777
./iccad-official\iccad1\test\test_nhs\NHS152.png2.png,0,0.025575339794158936
./iccad-official\iccad1\test\test_nhs\NHS152.png3.png,0,0.030695974826812744
./iccad-official\iccad1\test\test_nhs\NHS152.png4.png,0,0.1322268843650818
./iccad-official\iccad1\test\test_nhs\NHS152.png6.png,0,0.0667007565498352
./iccad-official\iccad1\test\test_nhs\NHS152.png7.png,0,0.140236496925354
./iccad-official\iccad1\test\test_nhs\NHS152.png8.png,0,0.034282684326171875
./iccad-official\iccad1\test\test_nhs\NHS152.png9.png,0,0.01756495237350464
./iccad-official\iccad1\test\test_nhs\NHS153.png1.png,0,0.03472167253494263
./iccad-official\iccad1\test\test_nhs\NHS153.png2.png,0,0.05400228500366211
./iccad-official\iccad1\test\test_nhs\NHS153.png3.png,0,0.08231115341186523
./iccad-official\iccad1\test\test_nhs\NHS153.png4.png,0,0.022655725479125977
./iccad-official\iccad1\test\test_nhs\NHS153.png6.png,0,0.19605660438537598
./iccad-official\iccad1\test\test_nhs\NHS153.png7.png,0,0.01383209228515625
./iccad-official\iccad1\test\test_nhs\NHS153.png8.png,0,0.01383209228515625
./iccad-official\iccad1\test\test_nhs\NHS153.png9.png,0,0.01383209228515625
./iccad-official\iccad1\test\test_nhs\NHS154.png1.png,0,0.10871303081512451
./iccad-official\iccad1\test\test_nhs\NHS154.png2.png,0,0.03499746322631836
./iccad-official\iccad1\test\test_nhs\NHS154.png3.png,0,0.04195338487625122
./iccad-official\iccad1\test\test_nhs\NHS154.png4.png,0,0.01290351152420044
./iccad-official\iccad1\test\test_nhs\NHS154.png6.png,0,0.03197222948074341
./iccad-official\iccad1\test\test_nhs\NHS154.png7.png,0,0.3640913963317871
./iccad-official\iccad1\test\test_nhs\NHS154.png8.png,0,0.8790266811847687
./iccad-official\iccad1\test\test_nhs\NHS154.png9.png,0,0.15837013721466064
./iccad-official\iccad1\test\test_nhs\NHS155.png1.png,0,0.029406607151031494
./iccad-official\iccad1\test\test_nhs\NHS155.png2.png,0,0.06144636869430542
./iccad-official\iccad1\test\test_nhs\NHS155.png3.png,0,0.09174120426177979
./iccad-official\iccad1\test\test_nhs\NHS155.png4.png,0,0.3748527765274048
./iccad-official\iccad1\test\test_nhs\NHS155.png6.png,0,0.04718965291976929
./iccad-official\iccad1\test\test_nhs\NHS155.png7.png,0,0.021300971508026123
./iccad-official\iccad1\test\test_nhs\NHS155.png8.png,0,0.021300971508026123
./iccad-official\iccad1\test\test_nhs\NHS155.png9.png,0,0.030106306076049805
./iccad-official\iccad1\test\test_nhs\NHS156.png1.png,0,0.08062666654586792
./iccad-official\iccad1\test\test_nhs\NHS156.png2.png,0,0.03319811820983887
./iccad-official\iccad1\test\test_nhs\NHS156.png3.png,0,0.0744704008102417
./iccad-official\iccad1\test\test_nhs\NHS156.png4.png,0,0.09507870674133301
./iccad-official\iccad1\test\test_nhs\NHS156.png6.png,0,0.2043553590774536
./iccad-official\iccad1\test\test_nhs\NHS156.png7.png,0,0.5082226693630219
./iccad-official\iccad1\test\test_nhs\NHS156.png8.png,0,0.5025018751621246
./iccad-official\iccad1\test\test_nhs\NHS156.png9.png,0,0.39016425609588623
./iccad-official\iccad1\test\test_nhs\NHS157.png1.png,0,0.11538428068161011
./iccad-official\iccad1\test\test_nhs\NHS157.png2.png,0,0.11538428068161011
./iccad-official\iccad1\test\test_nhs\NHS157.png3.png,0,0.2560018301010132
./iccad-official\iccad1\test\test_nhs\NHS157.png4.png,0,0.034583210945129395
./iccad-official\iccad1\test\test_nhs\NHS157.png6.png,0,0.1407853364944458
./iccad-official\iccad1\test\test_nhs\NHS157.png7.png,0,0.006878793239593506
./iccad-official\iccad1\test\test_nhs\NHS157.png8.png,0,0.006878793239593506
./iccad-official\iccad1\test\test_nhs\NHS157.png9.png,0,0.006878793239593506
./iccad-official\iccad1\test\test_nhs\NHS158.png1.png,0,0.4388798475265503
./iccad-official\iccad1\test\test_nhs\NHS158.png2.png,0,0.698712170124054
./iccad-official\iccad1\test\test_nhs\NHS158.png3.png,0,0.4388798475265503
./iccad-official\iccad1\test\test_nhs\NHS158.png4.png,0,0.11111724376678467
./iccad-official\iccad1\test\test_nhs\NHS158.png6.png,0,0.07007229328155518
./iccad-official\iccad1\test\test_nhs\NHS158.png7.png,0,0.014033675193786621
./iccad-official\iccad1\test\test_nhs\NHS158.png8.png,0,0.014033675193786621
./iccad-official\iccad1\test\test_nhs\NHS158.png9.png,0,0.014033675193786621
./iccad-official\iccad1\test\test_nhs\NHS159.png1.png,0,0.035548508167266846
./iccad-official\iccad1\test\test_nhs\NHS159.png2.png,0,0.035548508167266846
./iccad-official\iccad1\test\test_nhs\NHS159.png3.png,0,0.06326836347579956
./iccad-official\iccad1\test\test_nhs\NHS159.png4.png,0,0.059106528759002686
./iccad-official\iccad1\test\test_nhs\NHS159.png6.png,0,0.14608746767044067
./iccad-official\iccad1\test\test_nhs\NHS159.png7.png,0,0.39095550775527954
./iccad-official\iccad1\test\test_nhs\NHS159.png8.png,0,0.39095550775527954
./iccad-official\iccad1\test\test_nhs\NHS159.png9.png,0,0.39095550775527954
./iccad-official\iccad1\test\test_nhs\NHS16.png1.png,0,0.5025349259376526
./iccad-official\iccad1\test\test_nhs\NHS16.png2.png,0,0.4506623148918152
./iccad-official\iccad1\test\test_nhs\NHS16.png3.png,0,0.2776341438293457
./iccad-official\iccad1\test\test_nhs\NHS16.png4.png,0,0.01939535140991211
./iccad-official\iccad1\test\test_nhs\NHS16.png6.png,0,0.04452192783355713
./iccad-official\iccad1\test\test_nhs\NHS16.png7.png,0,0.16069281101226807
./iccad-official\iccad1\test\test_nhs\NHS16.png8.png,0,0.16069281101226807
./iccad-official\iccad1\test\test_nhs\NHS16.png9.png,0,0.16069281101226807
./iccad-official\iccad1\test\test_nhs\NHS160.png1.png,0,0.4388798475265503
./iccad-official\iccad1\test\test_nhs\NHS160.png2.png,0,0.4388798475265503
./iccad-official\iccad1\test\test_nhs\NHS160.png3.png,0,0.4388798475265503
./iccad-official\iccad1\test\test_nhs\NHS160.png4.png,0,0.23243403434753418
./iccad-official\iccad1\test\test_nhs\NHS160.png6.png,0,0.12579935789108276
./iccad-official\iccad1\test\test_nhs\NHS160.png7.png,0,0.014033675193786621
./iccad-official\iccad1\test\test_nhs\NHS160.png8.png,0,0.014033675193786621
./iccad-official\iccad1\test\test_nhs\NHS160.png9.png,0,0.014033675193786621
./iccad-official\iccad1\test\test_nhs\NHS161.png1.png,0,0.035548508167266846
./iccad-official\iccad1\test\test_nhs\NHS161.png2.png,0,0.035548508167266846
./iccad-official\iccad1\test\test_nhs\NHS161.png3.png,0,0.035548508167266846
./iccad-official\iccad1\test\test_nhs\NHS161.png4.png,0,0.10771352052688599
./iccad-official\iccad1\test\test_nhs\NHS161.png6.png,0,0.14139306545257568
./iccad-official\iccad1\test\test_nhs\NHS161.png7.png,0,0.39289700984954834
./iccad-official\iccad1\test\test_nhs\NHS161.png8.png,0,0.39292269945144653
./iccad-official\iccad1\test\test_nhs\NHS161.png9.png,0,0.39292269945144653
./iccad-official\iccad1\test\test_nhs\NHS162.png1.png,0,0.06552541255950928
./iccad-official\iccad1\test\test_nhs\NHS162.png2.png,0,0.12667500972747803
./iccad-official\iccad1\test\test_nhs\NHS162.png3.png,0,0.22190505266189575
./iccad-official\iccad1\test\test_nhs\NHS162.png4.png,0,0.18318361043930054
./iccad-official\iccad1\test\test_nhs\NHS162.png6.png,0,0.20735657215118408
./iccad-official\iccad1\test\test_nhs\NHS162.png7.png,0,0.7556598484516144
./iccad-official\iccad1\test\test_nhs\NHS162.png8.png,0,0.6678578555583954
./iccad-official\iccad1\test\test_nhs\NHS162.png9.png,0,0.6161805689334869
./iccad-official\iccad1\test\test_nhs\NHS163.png1.png,0,0.5078745186328888
./iccad-official\iccad1\test\test_nhs\NHS163.png2.png,0,0.4788467288017273
./iccad-official\iccad1\test\test_nhs\NHS163.png3.png,0,0.5169965624809265
./iccad-official\iccad1\test\test_nhs\NHS163.png4.png,0,0.11915737390518188
./iccad-official\iccad1\test\test_nhs\NHS163.png6.png,0,0.2160806655883789
./iccad-official\iccad1\test\test_nhs\NHS163.png7.png,0,0.026916205883026123
./iccad-official\iccad1\test\test_nhs\NHS163.png8.png,0,0.053285956382751465
./iccad-official\iccad1\test\test_nhs\NHS163.png9.png,0,0.009306490421295166
./iccad-official\iccad1\test\test_nhs\NHS164.png1.png,0,0.01727825403213501
./iccad-official\iccad1\test\test_nhs\NHS164.png2.png,0,0.04674375057220459
./iccad-official\iccad1\test\test_nhs\NHS164.png3.png,0,0.012761473655700684
./iccad-official\iccad1\test\test_nhs\NHS164.png4.png,0,0.10481452941894531
./iccad-official\iccad1\test\test_nhs\NHS164.png6.png,0,0.011928081512451172
./iccad-official\iccad1\test\test_nhs\NHS164.png7.png,0,0.12635576725006104
./iccad-official\iccad1\test\test_nhs\NHS164.png8.png,0,0.132307231426239
./iccad-official\iccad1\test\test_nhs\NHS164.png9.png,0,0.16301852464675903
./iccad-official\iccad1\test\test_nhs\NHS165.png1.png,0,0.0019148588180541992
./iccad-official\iccad1\test\test_nhs\NHS165.png2.png,0,0.0019148588180541992
./iccad-official\iccad1\test\test_nhs\NHS165.png3.png,0,0.005072176456451416
./iccad-official\iccad1\test\test_nhs\NHS165.png4.png,0,0.12244290113449097
./iccad-official\iccad1\test\test_nhs\NHS165.png6.png,0,0.2192668318748474
./iccad-official\iccad1\test\test_nhs\NHS165.png7.png,0,0.01940709352493286
./iccad-official\iccad1\test\test_nhs\NHS165.png8.png,0,0.01940709352493286
./iccad-official\iccad1\test\test_nhs\NHS165.png9.png,0,0.01940709352493286
./iccad-official\iccad1\test\test_nhs\NHS166.png1.png,0,0.16421324014663696
./iccad-official\iccad1\test\test_nhs\NHS166.png2.png,0,0.05447465181350708
./iccad-official\iccad1\test\test_nhs\NHS166.png3.png,0,0.05447465181350708
./iccad-official\iccad1\test\test_nhs\NHS166.png4.png,0,0.1812397837638855
./iccad-official\iccad1\test\test_nhs\NHS166.png6.png,0,0.3950694799423218
./iccad-official\iccad1\test\test_nhs\NHS166.png7.png,0,0.03134125471115112
./iccad-official\iccad1\test\test_nhs\NHS166.png8.png,0,0.0312952995300293
./iccad-official\iccad1\test\test_nhs\NHS166.png9.png,0,0.055864691734313965
./iccad-official\iccad1\test\test_nhs\NHS167.png1.png,0,0.0019148588180541992
./iccad-official\iccad1\test\test_nhs\NHS167.png2.png,0,0.0019148588180541992
./iccad-official\iccad1\test\test_nhs\NHS167.png3.png,0,0.011317431926727295
./iccad-official\iccad1\test\test_nhs\NHS167.png4.png,0,0.16712653636932373
./iccad-official\iccad1\test\test_nhs\NHS167.png6.png,0,0.06832629442214966
./iccad-official\iccad1\test\test_nhs\NHS167.png7.png,0,0.08559834957122803
./iccad-official\iccad1\test\test_nhs\NHS167.png8.png,0,0.07347303628921509
./iccad-official\iccad1\test\test_nhs\NHS167.png9.png,0,0.02806025743484497
./iccad-official\iccad1\test\test_nhs\NHS168.png1.png,0,0.01240229606628418
./iccad-official\iccad1\test\test_nhs\NHS168.png2.png,0,0.01334315538406372
./iccad-official\iccad1\test\test_nhs\NHS168.png3.png,0,0.01334315538406372
./iccad-official\iccad1\test\test_nhs\NHS168.png4.png,0,0.4067680835723877
./iccad-official\iccad1\test\test_nhs\NHS168.png6.png,0,0.08691084384918213
./iccad-official\iccad1\test\test_nhs\NHS168.png7.png,0,0.10011547803878784
./iccad-official\iccad1\test\test_nhs\NHS168.png8.png,0,0.10011547803878784
./iccad-official\iccad1\test\test_nhs\NHS168.png9.png,0,0.10011547803878784
./iccad-official\iccad1\test\test_nhs\NHS169.png1.png,0,0.015848755836486816
./iccad-official\iccad1\test\test_nhs\NHS169.png2.png,0,0.015848755836486816
./iccad-official\iccad1\test\test_nhs\NHS169.png3.png,0,0.015848755836486816
./iccad-official\iccad1\test\test_nhs\NHS169.png4.png,0,0.17033803462982178
./iccad-official\iccad1\test\test_nhs\NHS169.png6.png,0,0.4082084894180298
./iccad-official\iccad1\test\test_nhs\NHS169.png7.png,0,0.6719885468482971
./iccad-official\iccad1\test\test_nhs\NHS169.png8.png,0,0.6719885468482971
./iccad-official\iccad1\test\test_nhs\NHS169.png9.png,0,0.6719885468482971
./iccad-official\iccad1\test\test_nhs\NHS17.png1.png,0,0.06880497932434082
./iccad-official\iccad1\test\test_nhs\NHS17.png2.png,0,0.24738210439682007
./iccad-official\iccad1\test\test_nhs\NHS17.png3.png,0,0.14982640743255615
./iccad-official\iccad1\test\test_nhs\NHS17.png4.png,0,0.010490357875823975
./iccad-official\iccad1\test\test_nhs\NHS17.png6.png,0,0.05129051208496094
./iccad-official\iccad1\test\test_nhs\NHS17.png7.png,0,0.04725193977355957
./iccad-official\iccad1\test\test_nhs\NHS17.png8.png,0,0.2327170968055725
./iccad-official\iccad1\test\test_nhs\NHS17.png9.png,0,0.35937321186065674
./iccad-official\iccad1\test\test_nhs\NHS170.png1.png,0,0.005113065242767334
./iccad-official\iccad1\test\test_nhs\NHS170.png2.png,0,0.005113065242767334
./iccad-official\iccad1\test\test_nhs\NHS170.png3.png,0,0.007355332374572754
./iccad-official\iccad1\test\test_nhs\NHS170.png4.png,0,0.11179006099700928
./iccad-official\iccad1\test\test_nhs\NHS170.png6.png,0,0.024365663528442383
./iccad-official\iccad1\test\test_nhs\NHS170.png7.png,0,0.06932497024536133
./iccad-official\iccad1\test\test_nhs\NHS170.png8.png,0,0.09301578998565674
./iccad-official\iccad1\test\test_nhs\NHS170.png9.png,0,0.030658185482025146
./iccad-official\iccad1\test\test_nhs\NHS171.png1.png,0,0.005141258239746094
./iccad-official\iccad1\test\test_nhs\NHS171.png2.png,0,0.005141258239746094
./iccad-official\iccad1\test\test_nhs\NHS171.png3.png,0,0.005141258239746094
./iccad-official\iccad1\test\test_nhs\NHS171.png4.png,0,0.16469335556030273
./iccad-official\iccad1\test\test_nhs\NHS171.png6.png,0,0.14840734004974365
./iccad-official\iccad1\test\test_nhs\NHS171.png7.png,0,0.07260298728942871
./iccad-official\iccad1\test\test_nhs\NHS171.png8.png,0,0.07260298728942871
./iccad-official\iccad1\test\test_nhs\NHS171.png9.png,0,0.03744131326675415
./iccad-official\iccad1\test\test_nhs\NHS172.png1.png,0,0.0020055174827575684
./iccad-official\iccad1\test\test_nhs\NHS172.png2.png,0,0.0012415051460266113
./iccad-official\iccad1\test\test_nhs\NHS172.png3.png,0,0.0055370330810546875
./iccad-official\iccad1\test\test_nhs\NHS172.png4.png,0,0.533847838640213
./iccad-official\iccad1\test\test_nhs\NHS172.png6.png,0,0.49038076400756836
./iccad-official\iccad1\test\test_nhs\NHS172.png7.png,0,0.07581818103790283
./iccad-official\iccad1\test\test_nhs\NHS172.png8.png,0,0.028548002243041992
./iccad-official\iccad1\test\test_nhs\NHS172.png9.png,0,0.028548002243041992
./iccad-official\iccad1\test\test_nhs\NHS173.png1.png,0,0.11122000217437744
./iccad-official\iccad1\test\test_nhs\NHS173.png2.png,0,0.09203237295150757
./iccad-official\iccad1\test\test_nhs\NHS173.png3.png,0,0.09203237295150757
./iccad-official\iccad1\test\test_nhs\NHS173.png4.png,0,0.09588545560836792
./iccad-official\iccad1\test\test_nhs\NHS173.png6.png,0,0.04180562496185303
./iccad-official\iccad1\test\test_nhs\NHS173.png7.png,0,0.025602638721466064
./iccad-official\iccad1\test\test_nhs\NHS173.png8.png,0,0.025602638721466064
./iccad-official\iccad1\test\test_nhs\NHS173.png9.png,0,0.025602638721466064
./iccad-official\iccad1\test\test_nhs\NHS174.png1.png,0,0.5896370708942413
./iccad-official\iccad1\test\test_nhs\NHS174.png2.png,0,0.5344453155994415
./iccad-official\iccad1\test\test_nhs\NHS174.png3.png,0,0.3954737186431885
./iccad-official\iccad1\test\test_nhs\NHS174.png4.png,0,0.5901831388473511
./iccad-official\iccad1\test\test_nhs\NHS174.png6.png,0,0.3965527415275574
./iccad-official\iccad1\test\test_nhs\NHS174.png7.png,0,0.04836839437484741
./iccad-official\iccad1\test\test_nhs\NHS174.png8.png,0,0.02925717830657959
./iccad-official\iccad1\test\test_nhs\NHS174.png9.png,0,0.031371474266052246
./iccad-official\iccad1\test\test_nhs\NHS175.png1.png,0,0.0971636176109314
./iccad-official\iccad1\test\test_nhs\NHS175.png2.png,0,0.0971636176109314
./iccad-official\iccad1\test\test_nhs\NHS175.png3.png,0,0.1678931713104248
./iccad-official\iccad1\test\test_nhs\NHS175.png4.png,0,0.014033675193786621
./iccad-official\iccad1\test\test_nhs\NHS175.png6.png,0,0.049124956130981445
./iccad-official\iccad1\test\test_nhs\NHS175.png7.png,0,0.7892090082168579
./iccad-official\iccad1\test\test_nhs\NHS175.png8.png,0,0.7892090082168579
./iccad-official\iccad1\test\test_nhs\NHS175.png9.png,0,0.7892090082168579
./iccad-official\iccad1\test\test_nhs\NHS176.png1.png,0,0.008241832256317139
./iccad-official\iccad1\test\test_nhs\NHS176.png2.png,0,0.008241832256317139
./iccad-official\iccad1\test\test_nhs\NHS176.png3.png,0,0.008241832256317139
./iccad-official\iccad1\test\test_nhs\NHS176.png4.png,0,0.5613113939762115
./iccad-official\iccad1\test\test_nhs\NHS176.png6.png,0,0.19582372903823853
./iccad-official\iccad1\test\test_nhs\NHS176.png7.png,0,0.06028848886489868
./iccad-official\iccad1\test\test_nhs\NHS176.png8.png,0,0.06999856233596802
./iccad-official\iccad1\test\test_nhs\NHS176.png9.png,0,0.033036231994628906
./iccad-official\iccad1\test\test_nhs\NHS177.png1.png,0,0.02855098247528076
./iccad-official\iccad1\test\test_nhs\NHS177.png2.png,0,0.02855098247528076
./iccad-official\iccad1\test\test_nhs\NHS177.png3.png,0,0.07589298486709595
./iccad-official\iccad1\test\test_nhs\NHS177.png4.png,0,0.0778343677520752
./iccad-official\iccad1\test\test_nhs\NHS177.png6.png,0,0.05647081136703491
./iccad-official\iccad1\test\test_nhs\NHS177.png7.png,0,0.009820044040679932
./iccad-official\iccad1\test\test_nhs\NHS177.png8.png,0,0.025329411029815674
./iccad-official\iccad1\test\test_nhs\NHS177.png9.png,0,0.01563286781311035
./iccad-official\iccad1\test\test_nhs\NHS178.png1.png,0,0.006439685821533203
./iccad-official\iccad1\test\test_nhs\NHS178.png2.png,0,0.002377748489379883
./iccad-official\iccad1\test\test_nhs\NHS178.png3.png,0,0.0019148588180541992
./iccad-official\iccad1\test\test_nhs\NHS178.png4.png,0,0.09862738847732544
./iccad-official\iccad1\test\test_nhs\NHS178.png6.png,0,0.1249285340309143
./iccad-official\iccad1\test\test_nhs\NHS178.png7.png,0,0.10822612047195435
./iccad-official\iccad1\test\test_nhs\NHS178.png8.png,0,0.2321171760559082
./iccad-official\iccad1\test\test_nhs\NHS178.png9.png,0,0.14271867275238037
./iccad-official\iccad1\test\test_nhs\NHS179.png1.png,0,0.04283404350280762
./iccad-official\iccad1\test\test_nhs\NHS179.png2.png,0,0.04283404350280762
./iccad-official\iccad1\test\test_nhs\NHS179.png3.png,0,0.04283404350280762
./iccad-official\iccad1\test\test_nhs\NHS179.png4.png,0,0.18983358144760132
./iccad-official\iccad1\test\test_nhs\NHS179.png6.png,0,0.19035255908966064
./iccad-official\iccad1\test\test_nhs\NHS179.png7.png,0,0.06622254848480225
./iccad-official\iccad1\test\test_nhs\NHS179.png8.png,0,0.026356756687164307
./iccad-official\iccad1\test\test_nhs\NHS179.png9.png,0,0.006878793239593506
./iccad-official\iccad1\test\test_nhs\NHS18.png1.png,0,0.025703370571136475
./iccad-official\iccad1\test\test_nhs\NHS18.png2.png,0,0.3120145797729492
./iccad-official\iccad1\test\test_nhs\NHS18.png3.png,0,0.13602083921432495
./iccad-official\iccad1\test\test_nhs\NHS18.png4.png,0,0.7011014819145203
./iccad-official\iccad1\test\test_nhs\NHS18.png6.png,0,0.7112327516078949
./iccad-official\iccad1\test\test_nhs\NHS18.png7.png,0,0.029341161251068115
./iccad-official\iccad1\test\test_nhs\NHS18.png8.png,0,0.029341161251068115
./iccad-official\iccad1\test\test_nhs\NHS18.png9.png,0,0.029341161251068115
./iccad-official\iccad1\test\test_nhs\NHS180.png1.png,0,0.07682597637176514
./iccad-official\iccad1\test\test_nhs\NHS180.png2.png,0,0.035548508167266846
./iccad-official\iccad1\test\test_nhs\NHS180.png3.png,0,0.035548508167266846
./iccad-official\iccad1\test\test_nhs\NHS180.png4.png,0,0.09527891874313354
./iccad-official\iccad1\test\test_nhs\NHS180.png6.png,0,0.07871019840240479
./iccad-official\iccad1\test\test_nhs\NHS180.png7.png,0,0.11615008115768433
./iccad-official\iccad1\test\test_nhs\NHS180.png8.png,0,0.29534202814102173
./iccad-official\iccad1\test\test_nhs\NHS180.png9.png,0,0.39095550775527954
./iccad-official\iccad1\test\test_nhs\NHS181.png1.png,0,0.12521392107009888
./iccad-official\iccad1\test\test_nhs\NHS181.png2.png,0,0.060497164726257324
./iccad-official\iccad1\test\test_nhs\NHS181.png3.png,0,0.05987042188644409
./iccad-official\iccad1\test\test_nhs\NHS181.png4.png,0,0.12432771921157837
./iccad-official\iccad1\test\test_nhs\NHS181.png6.png,0,0.017225980758666992
./iccad-official\iccad1\test\test_nhs\NHS181.png7.png,0,0.39292269945144653
./iccad-official\iccad1\test\test_nhs\NHS181.png8.png,0,0.39292269945144653
./iccad-official\iccad1\test\test_nhs\NHS181.png9.png,0,0.39292269945144653
./iccad-official\iccad1\test\test_nhs\NHS182.png1.png,0,0.18596166372299194
./iccad-official\iccad1\test\test_nhs\NHS182.png2.png,0,0.17116081714630127
./iccad-official\iccad1\test\test_nhs\NHS182.png3.png,0,0.19522607326507568
./iccad-official\iccad1\test\test_nhs\NHS182.png4.png,0,0.1407853364944458
./iccad-official\iccad1\test\test_nhs\NHS182.png6.png,0,0.15847790241241455
./iccad-official\iccad1\test\test_nhs\NHS182.png7.png,0,0.01570981740951538
./iccad-official\iccad1\test\test_nhs\NHS182.png8.png,0,0.01570981740951538
./iccad-official\iccad1\test\test_nhs\NHS182.png9.png,0,0.01570981740951538
./iccad-official\iccad1\test\test_nhs\NHS183.png1.png,0,0.07512718439102173
./iccad-official\iccad1\test\test_nhs\NHS183.png2.png,0,0.11620283126831055
./iccad-official\iccad1\test\test_nhs\NHS183.png3.png,0,0.11620283126831055
./iccad-official\iccad1\test\test_nhs\NHS183.png4.png,0,0.059106528759002686
./iccad-official\iccad1\test\test_nhs\NHS183.png6.png,0,0.4872870445251465
./iccad-official\iccad1\test\test_nhs\NHS183.png7.png,0,0.25210797786712646
./iccad-official\iccad1\test\test_nhs\NHS183.png8.png,0,0.6444839835166931
./iccad-official\iccad1\test\test_nhs\NHS183.png9.png,0,0.2371501326560974
./iccad-official\iccad1\test\test_nhs\NHS184.png1.png,0,0.05836641788482666
./iccad-official\iccad1\test\test_nhs\NHS184.png2.png,0,0.07057267427444458
./iccad-official\iccad1\test\test_nhs\NHS184.png3.png,0,0.17158746719360352
./iccad-official\iccad1\test\test_nhs\NHS184.png4.png,0,0.07099556922912598
./iccad-official\iccad1\test\test_nhs\NHS184.png6.png,0,0.027212858200073242
./iccad-official\iccad1\test\test_nhs\NHS184.png7.png,0,0.05400228500366211
./iccad-official\iccad1\test\test_nhs\NHS184.png8.png,0,0.05400228500366211
./iccad-official\iccad1\test\test_nhs\NHS184.png9.png,0,0.05400228500366211
./iccad-official\iccad1\test\test_nhs\NHS185.png1.png,0,0.01383209228515625
./iccad-official\iccad1\test\test_nhs\NHS185.png2.png,0,0.020278751850128174
./iccad-official\iccad1\test\test_nhs\NHS185.png3.png,0,0.022065579891204834
./iccad-official\iccad1\test\test_nhs\NHS185.png4.png,0,0.01383209228515625
./iccad-official\iccad1\test\test_nhs\NHS185.png6.png,0,0.14935290813446045
./iccad-official\iccad1\test\test_nhs\NHS185.png7.png,0,0.01383209228515625
./iccad-official\iccad1\test\test_nhs\NHS185.png8.png,0,0.07026588916778564
./iccad-official\iccad1\test\test_nhs\NHS185.png9.png,0,0.10011547803878784
./iccad-official\iccad1\test\test_nhs\NHS186.png1.png,0,0.0030211210250854492
./iccad-official\iccad1\test\test_nhs\NHS186.png2.png,0,0.01983201503753662
./iccad-official\iccad1\test\test_nhs\NHS186.png3.png,0,0.05275517702102661
./iccad-official\iccad1\test\test_nhs\NHS186.png4.png,0,0.056638240814208984
./iccad-official\iccad1\test\test_nhs\NHS186.png6.png,0,0.14780855178833008
./iccad-official\iccad1\test\test_nhs\NHS186.png7.png,0,0.06319868564605713
./iccad-official\iccad1\test\test_nhs\NHS186.png8.png,0,0.08135348558425903
./iccad-official\iccad1\test\test_nhs\NHS186.png9.png,0,0.03809839487075806
./iccad-official\iccad1\test\test_nhs\NHS187.png1.png,0,0.08458662033081055
./iccad-official\iccad1\test\test_nhs\NHS187.png2.png,0,0.04172247648239136
./iccad-official\iccad1\test\test_nhs\NHS187.png3.png,0,0.08067715167999268
./iccad-official\iccad1\test\test_nhs\NHS187.png4.png,0,0.09035754203796387
./iccad-official\iccad1\test\test_nhs\NHS187.png6.png,0,0.44419705867767334
./iccad-official\iccad1\test\test_nhs\NHS187.png7.png,0,0.6719885468482971
./iccad-official\iccad1\test\test_nhs\NHS187.png8.png,0,0.6719885468482971
./iccad-official\iccad1\test\test_nhs\NHS187.png9.png,0,0.6719885468482971
./iccad-official\iccad1\test\test_nhs\NHS188.png1.png,0,0.06013303995132446
./iccad-official\iccad1\test\test_nhs\NHS188.png2.png,0,0.06013303995132446
./iccad-official\iccad1\test\test_nhs\NHS188.png3.png,0,0.06013303995132446
./iccad-official\iccad1\test\test_nhs\NHS188.png4.png,0,0.49407732486724854
./iccad-official\iccad1\test\test_nhs\NHS188.png6.png,0,0.38491755723953247
./iccad-official\iccad1\test\test_nhs\NHS188.png7.png,0,0.19257056713104248
./iccad-official\iccad1\test\test_nhs\NHS188.png8.png,0,0.27371692657470703
./iccad-official\iccad1\test\test_nhs\NHS188.png9.png,0,0.2784620523452759
./iccad-official\iccad1\test\test_nhs\NHS189.png1.png,0,0.018338680267333984
./iccad-official\iccad1\test\test_nhs\NHS189.png2.png,0,0.04109454154968262
./iccad-official\iccad1\test\test_nhs\NHS189.png3.png,0,0.02728283405303955
./iccad-official\iccad1\test\test_nhs\NHS189.png4.png,0,0.11219322681427002
./iccad-official\iccad1\test\test_nhs\NHS189.png6.png,0,0.09012490510940552
./iccad-official\iccad1\test\test_nhs\NHS189.png7.png,0,0.2704363465309143
./iccad-official\iccad1\test\test_nhs\NHS189.png8.png,0,0.0810282826423645
./iccad-official\iccad1\test\test_nhs\NHS189.png9.png,0,0.0810282826423645
./iccad-official\iccad1\test\test_nhs\NHS19.png1.png,0,0.16319972276687622
./iccad-official\iccad1\test\test_nhs\NHS19.png2.png,0,0.21937572956085205
./iccad-official\iccad1\test\test_nhs\NHS19.png3.png,0,0.21937572956085205
./iccad-official\iccad1\test\test_nhs\NHS19.png4.png,0,0.5568120777606964
./iccad-official\iccad1\test\test_nhs\NHS19.png6.png,0,0.4553903341293335
./iccad-official\iccad1\test\test_nhs\NHS19.png7.png,0,0.014551341533660889
./iccad-official\iccad1\test\test_nhs\NHS19.png8.png,0,0.014551341533660889
./iccad-official\iccad1\test\test_nhs\NHS19.png9.png,0,0.030399620532989502
./iccad-official\iccad1\test\test_nhs\NHS190.png1.png,0,0.04283404350280762
./iccad-official\iccad1\test\test_nhs\NHS190.png2.png,0,0.04283404350280762
./iccad-official\iccad1\test\test_nhs\NHS190.png3.png,0,0.04283404350280762
./iccad-official\iccad1\test\test_nhs\NHS190.png4.png,0,0.017585039138793945
./iccad-official\iccad1\test\test_nhs\NHS190.png6.png,0,0.034999847412109375
./iccad-official\iccad1\test\test_nhs\NHS190.png7.png,0,0.049208998680114746
./iccad-official\iccad1\test\test_nhs\NHS190.png8.png,0,0.047122061252593994
./iccad-official\iccad1\test\test_nhs\NHS190.png9.png,0,0.009272098541259766
./iccad-official\iccad1\test\test_nhs\NHS191.png1.png,0,0.019748449325561523
./iccad-official\iccad1\test\test_nhs\NHS191.png2.png,0,0.017949163913726807
./iccad-official\iccad1\test\test_nhs\NHS191.png3.png,0,0.05072736740112305
./iccad-official\iccad1\test\test_nhs\NHS191.png4.png,0,0.2488592267036438
./iccad-official\iccad1\test\test_nhs\NHS191.png6.png,0,0.39292269945144653
./iccad-official\iccad1\test\test_nhs\NHS191.png7.png,0,0.12141025066375732
./iccad-official\iccad1\test\test_nhs\NHS191.png8.png,0,0.12141025066375732
./iccad-official\iccad1\test\test_nhs\NHS191.png9.png,0,0.12141025066375732
./iccad-official\iccad1\test\test_nhs\NHS192.png1.png,0,0.02925717830657959
./iccad-official\iccad1\test\test_nhs\NHS192.png2.png,0,0.03912842273712158
./iccad-official\iccad1\test\test_nhs\NHS192.png3.png,0,0.05011814832687378
./iccad-official\iccad1\test\test_nhs\NHS192.png4.png,0,0.7173307538032532
./iccad-official\iccad1\test\test_nhs\NHS192.png6.png,0,0.23442697525024414
./iccad-official\iccad1\test\test_nhs\NHS192.png7.png,0,0.192795991897583
./iccad-official\iccad1\test\test_nhs\NHS192.png8.png,0,0.032412946224212646
./iccad-official\iccad1\test\test_nhs\NHS192.png9.png,0,0.1395840048789978
./iccad-official\iccad1\test\test_nhs\NHS193.png1.png,0,0.01383209228515625
./iccad-official\iccad1\test\test_nhs\NHS193.png2.png,0,0.04247099161148071
./iccad-official\iccad1\test\test_nhs\NHS193.png3.png,0,0.003478705883026123
./iccad-official\iccad1\test\test_nhs\NHS193.png4.png,0,0.01383209228515625
./iccad-official\iccad1\test\test_nhs\NHS193.png6.png,0,0.13877224922180176
./iccad-official\iccad1\test\test_nhs\NHS193.png7.png,0,0.01383209228515625
./iccad-official\iccad1\test\test_nhs\NHS193.png8.png,0,0.3174782395362854
./iccad-official\iccad1\test\test_nhs\NHS193.png9.png,0,0.07325601577758789
./iccad-official\iccad1\test\test_nhs\NHS194.png1.png,0,0.04364597797393799
./iccad-official\iccad1\test\test_nhs\NHS194.png2.png,0,0.23911666870117188
./iccad-official\iccad1\test\test_nhs\NHS194.png3.png,0,0.01921302080154419
./iccad-official\iccad1\test\test_nhs\NHS194.png4.png,0,0.7151970863342285
./iccad-official\iccad1\test\test_nhs\NHS194.png6.png,0,0.2857896089553833
./iccad-official\iccad1\test\test_nhs\NHS194.png7.png,0,0.4269341230392456
./iccad-official\iccad1\test\test_nhs\NHS194.png8.png,0,0.8105299770832062
./iccad-official\iccad1\test\test_nhs\NHS194.png9.png,0,0.6902625560760498
./iccad-official\iccad1\test\test_nhs\NHS195.png1.png,0,0.0694805383682251
./iccad-official\iccad1\test\test_nhs\NHS195.png2.png,0,0.1015741229057312
./iccad-official\iccad1\test\test_nhs\NHS195.png3.png,0,0.07554423809051514
./iccad-official\iccad1\test\test_nhs\NHS195.png4.png,0,0.1660672426223755
./iccad-official\iccad1\test\test_nhs\NHS195.png6.png,0,0.02999204397201538
./iccad-official\iccad1\test\test_nhs\NHS195.png7.png,0,0.6719885468482971
./iccad-official\iccad1\test\test_nhs\NHS195.png8.png,0,0.7619298994541168
./iccad-official\iccad1\test\test_nhs\NHS195.png9.png,0,0.6719885468482971
./iccad-official\iccad1\test\test_nhs\NHS196.png1.png,0,0.14122027158737183
./iccad-official\iccad1\test\test_nhs\NHS196.png2.png,0,0.01977992057800293
./iccad-official\iccad1\test\test_nhs\NHS196.png3.png,0,0.02022266387939453
./iccad-official\iccad1\test\test_nhs\NHS196.png4.png,0,0.28351008892059326
./iccad-official\iccad1\test\test_nhs\NHS196.png6.png,0,0.046970248222351074
./iccad-official\iccad1\test\test_nhs\NHS196.png7.png,0,0.28416556119918823
./iccad-official\iccad1\test\test_nhs\NHS196.png8.png,0,0.2847561836242676
./iccad-official\iccad1\test\test_nhs\NHS196.png9.png,0,0.39292269945144653
./iccad-official\iccad1\test\test_nhs\NHS197.png1.png,0,0.0018602609634399414
./iccad-official\iccad1\test\test_nhs\NHS197.png2.png,0,0.0030553340911865234
./iccad-official\iccad1\test\test_nhs\NHS197.png3.png,0,0.003773987293243408
./iccad-official\iccad1\test\test_nhs\NHS197.png4.png,0,0.1592423915863037
./iccad-official\iccad1\test\test_nhs\NHS197.png6.png,0,0.533847838640213
./iccad-official\iccad1\test\test_nhs\NHS197.png7.png,0,0.05689704418182373
./iccad-official\iccad1\test\test_nhs\NHS197.png8.png,0,0.08946424722671509
./iccad-official\iccad1\test\test_nhs\NHS197.png9.png,0,0.06608235836029053
./iccad-official\iccad1\test\test_nhs\NHS198.png1.png,0,0.01383209228515625
./iccad-official\iccad1\test\test_nhs\NHS198.png2.png,0,0.026467561721801758
./iccad-official\iccad1\test\test_nhs\NHS198.png3.png,0,0.008312344551086426
./iccad-official\iccad1\test\test_nhs\NHS198.png4.png,0,0.01383209228515625
./iccad-official\iccad1\test\test_nhs\NHS198.png6.png,0,0.1693912148475647
./iccad-official\iccad1\test\test_nhs\NHS198.png7.png,0,0.01383209228515625
./iccad-official\iccad1\test\test_nhs\NHS198.png8.png,0,0.052427053451538086
./iccad-official\iccad1\test\test_nhs\NHS198.png9.png,0,0.030925333499908447
./iccad-official\iccad1\test\test_nhs\NHS199.png1.png,0,0.01383209228515625
./iccad-official\iccad1\test\test_nhs\NHS199.png2.png,0,0.025936424732208252
./iccad-official\iccad1\test\test_nhs\NHS199.png3.png,0,0.012403547763824463
./iccad-official\iccad1\test\test_nhs\NHS199.png4.png,0,0.01383209228515625
./iccad-official\iccad1\test\test_nhs\NHS199.png6.png,0,0.5485416352748871
./iccad-official\iccad1\test\test_nhs\NHS199.png7.png,0,0.01383209228515625
./iccad-official\iccad1\test\test_nhs\NHS199.png8.png,0,0.039059340953826904
./iccad-official\iccad1\test\test_nhs\NHS199.png9.png,0,0.029341161251068115
./iccad-official\iccad1\test\test_nhs\NHS2.png1.png,0,0.09561741352081299
./iccad-official\iccad1\test\test_nhs\NHS2.png2.png,0,0.13303834199905396
./iccad-official\iccad1\test\test_nhs\NHS2.png3.png,0,0.18463987112045288
./iccad-official\iccad1\test\test_nhs\NHS2.png4.png,0,0.31752336025238037
./iccad-official\iccad1\test\test_nhs\NHS2.png6.png,0,0.7370615899562836
./iccad-official\iccad1\test\test_nhs\NHS2.png7.png,0,0.029341161251068115
./iccad-official\iccad1\test\test_nhs\NHS2.png8.png,0,0.029341161251068115
./iccad-official\iccad1\test\test_nhs\NHS2.png9.png,0,0.0783376693725586
./iccad-official\iccad1\test\test_nhs\NHS20.png1.png,0,0.10922098159790039
./iccad-official\iccad1\test\test_nhs\NHS20.png2.png,0,0.10922098159790039
./iccad-official\iccad1\test\test_nhs\NHS20.png3.png,0,0.10922098159790039
./iccad-official\iccad1\test\test_nhs\NHS20.png4.png,0,0.6654171049594879
./iccad-official\iccad1\test\test_nhs\NHS20.png6.png,0,0.1936362385749817
./iccad-official\iccad1\test\test_nhs\NHS20.png7.png,0,0.11504578590393066
./iccad-official\iccad1\test\test_nhs\NHS20.png8.png,0,0.05066400766372681
./iccad-official\iccad1\test\test_nhs\NHS20.png9.png,0,0.06317895650863647
./iccad-official\iccad1\test\test_nhs\NHS200.png1.png,0,0.3008834719657898
./iccad-official\iccad1\test\test_nhs\NHS200.png2.png,0,0.40491873025894165
./iccad-official\iccad1\test\test_nhs\NHS200.png3.png,0,0.28643298149108887
./iccad-official\iccad1\test\test_nhs\NHS200.png4.png,0,0.21880823373794556
./iccad-official\iccad1\test\test_nhs\NHS200.png6.png,0,0.19584763050079346
./iccad-official\iccad1\test\test_nhs\NHS200.png7.png,0,0.39095550775527954
./iccad-official\iccad1\test\test_nhs\NHS200.png8.png,0,0.39095550775527954
./iccad-official\iccad1\test\test_nhs\NHS200.png9.png,0,0.39095550775527954
./iccad-official\iccad1\test\test_nhs\NHS201.png1.png,0,0.07303988933563232
./iccad-official\iccad1\test\test_nhs\NHS201.png2.png,0,0.05714237689971924
./iccad-official\iccad1\test\test_nhs\NHS201.png3.png,0,0.036222636699676514
./iccad-official\iccad1\test\test_nhs\NHS201.png4.png,0,0.20113813877105713
./iccad-official\iccad1\test\test_nhs\NHS201.png6.png,0,0.044219136238098145
./iccad-official\iccad1\test\test_nhs\NHS201.png7.png,0,0.014958560466766357
./iccad-official\iccad1\test\test_nhs\NHS201.png8.png,0,0.14295148849487305
./iccad-official\iccad1\test\test_nhs\NHS201.png9.png,0,0.11317020654678345
./iccad-official\iccad1\test\test_nhs\NHS202.png1.png,0,0.4437759518623352
./iccad-official\iccad1\test\test_nhs\NHS202.png2.png,0,0.4437759518623352
./iccad-official\iccad1\test\test_nhs\NHS202.png3.png,0,0.4437759518623352
./iccad-official\iccad1\test\test_nhs\NHS202.png4.png,0,0.14244258403778076
./iccad-official\iccad1\test\test_nhs\NHS202.png6.png,0,0.026215732097625732
./iccad-official\iccad1\test\test_nhs\NHS202.png7.png,0,0.24843233823776245
./iccad-official\iccad1\test\test_nhs\NHS202.png8.png,0,0.41434526443481445
./iccad-official\iccad1\test\test_nhs\NHS202.png9.png,0,0.08880919218063354
./iccad-official\iccad1\test\test_nhs\NHS203.png1.png,0,0.23947608470916748
./iccad-official\iccad1\test\test_nhs\NHS203.png2.png,0,0.2069556713104248
./iccad-official\iccad1\test\test_nhs\NHS203.png3.png,0,0.2069556713104248
./iccad-official\iccad1\test\test_nhs\NHS203.png4.png,0,0.7055724859237671
./iccad-official\iccad1\test\test_nhs\NHS203.png6.png,0,0.7744516283273697
./iccad-official\iccad1\test\test_nhs\NHS203.png7.png,0,0.03777974843978882
./iccad-official\iccad1\test\test_nhs\NHS203.png8.png,0,0.03777974843978882
./iccad-official\iccad1\test\test_nhs\NHS203.png9.png,0,0.03777974843978882
./iccad-official\iccad1\test\test_nhs\NHS204.png1.png,0,0.017046570777893066
./iccad-official\iccad1\test\test_nhs\NHS204.png2.png,0,0.04640156030654907
./iccad-official\iccad1\test\test_nhs\NHS204.png3.png,0,0.004934072494506836
./iccad-official\iccad1\test\test_nhs\NHS204.png4.png,0,0.026507914066314697
./iccad-official\iccad1\test\test_nhs\NHS204.png6.png,0,0.026507914066314697
./iccad-official\iccad1\test\test_nhs\NHS204.png7.png,0,0.10045266151428223
./iccad-official\iccad1\test\test_nhs\NHS204.png8.png,0,0.10261350870132446
./iccad-official\iccad1\test\test_nhs\NHS204.png9.png,0,0.10939806699752808
./iccad-official\iccad1\test\test_nhs\NHS205.png1.png,0,0.021305561065673828
./iccad-official\iccad1\test\test_nhs\NHS205.png2.png,0,0.018397092819213867
./iccad-official\iccad1\test\test_nhs\NHS205.png3.png,0,0.11086916923522949
./iccad-official\iccad1\test\test_nhs\NHS205.png4.png,0,0.10416662693023682
./iccad-official\iccad1\test\test_nhs\NHS205.png6.png,0,0.05268615484237671
./iccad-official\iccad1\test\test_nhs\NHS205.png7.png,0,0.11441922187805176
./iccad-official\iccad1\test\test_nhs\NHS205.png8.png,0,0.08326476812362671
./iccad-official\iccad1\test\test_nhs\NHS205.png9.png,0,0.04766380786895752
./iccad-official\iccad1\test\test_nhs\NHS206.png1.png,0,0.13511991500854492
./iccad-official\iccad1\test\test_nhs\NHS206.png2.png,0,0.05124789476394653
./iccad-official\iccad1\test\test_nhs\NHS206.png3.png,0,0.09502816200256348
./iccad-official\iccad1\test\test_nhs\NHS206.png4.png,0,0.6554491519927979
./iccad-official\iccad1\test\test_nhs\NHS206.png6.png,0,0.3929227590560913
./iccad-official\iccad1\test\test_nhs\NHS206.png7.png,0,0.24996960163116455
./iccad-official\iccad1\test\test_nhs\NHS206.png8.png,0,0.10598260164260864
./iccad-official\iccad1\test\test_nhs\NHS206.png9.png,0,0.10598260164260864
./iccad-official\iccad1\test\test_nhs\NHS207.png1.png,0,0.01383209228515625
./iccad-official\iccad1\test\test_nhs\NHS207.png2.png,0,0.027917683124542236
./iccad-official\iccad1\test\test_nhs\NHS207.png3.png,0,0.010401487350463867
./iccad-official\iccad1\test\test_nhs\NHS207.png4.png,0,0.01383209228515625
./iccad-official\iccad1\test\test_nhs\NHS207.png6.png,0,0.10662305355072021
./iccad-official\iccad1\test\test_nhs\NHS207.png7.png,0,0.01383209228515625
./iccad-official\iccad1\test\test_nhs\NHS207.png8.png,0,0.1546088457107544
./iccad-official\iccad1\test\test_nhs\NHS207.png9.png,0,0.026933252811431885
./iccad-official\iccad1\test\test_nhs\NHS208.png1.png,0,0.2097117304801941
./iccad-official\iccad1\test\test_nhs\NHS208.png2.png,0,0.24679183959960938
./iccad-official\iccad1\test\test_nhs\NHS208.png3.png,0,0.8212012201547623
./iccad-official\iccad1\test\test_nhs\NHS208.png4.png,0,0.10033512115478516
./iccad-official\iccad1\test\test_nhs\NHS208.png6.png,0,0.25746917724609375
./iccad-official\iccad1\test\test_nhs\NHS208.png7.png,0,0.014033675193786621
./iccad-official\iccad1\test\test_nhs\NHS208.png8.png,0,0.014033675193786621
./iccad-official\iccad1\test\test_nhs\NHS208.png9.png,0,0.030594348907470703
./iccad-official\iccad1\test\test_nhs\NHS209.png1.png,0,0.0069547295570373535
./iccad-official\iccad1\test\test_nhs\NHS209.png2.png,0,0.0069547295570373535
./iccad-official\iccad1\test\test_nhs\NHS209.png3.png,0,0.0069547295570373535
./iccad-official\iccad1\test\test_nhs\NHS209.png4.png,0,0.14780855178833008
./iccad-official\iccad1\test\test_nhs\NHS209.png6.png,0,0.17675244808197021
./iccad-official\iccad1\test\test_nhs\NHS209.png7.png,0,0.03744131326675415
./iccad-official\iccad1\test\test_nhs\NHS209.png8.png,0,0.03744131326675415
./iccad-official\iccad1\test\test_nhs\NHS209.png9.png,0,0.11206722259521484
./iccad-official\iccad1\test\test_nhs\NHS21.png1.png,0,0.06529784202575684
./iccad-official\iccad1\test\test_nhs\NHS21.png2.png,0,0.26683950424194336
./iccad-official\iccad1\test\test_nhs\NHS21.png3.png,0,0.0948442816734314
./iccad-official\iccad1\test\test_nhs\NHS21.png4.png,0,0.197701096534729
./iccad-official\iccad1\test\test_nhs\NHS21.png6.png,0,0.04960751533508301
./iccad-official\iccad1\test\test_nhs\NHS21.png7.png,0,0.41748321056365967
./iccad-official\iccad1\test\test_nhs\NHS21.png8.png,0,0.14831721782684326
./iccad-official\iccad1\test\test_nhs\NHS21.png9.png,0,0.21423214673995972
./iccad-official\iccad1\test\test_nhs\NHS210.png1.png,0,0.23505938053131104
./iccad-official\iccad1\test\test_nhs\NHS210.png2.png,0,0.2888139486312866
./iccad-official\iccad1\test\test_nhs\NHS210.png3.png,0,0.3901780843734741
./iccad-official\iccad1\test\test_nhs\NHS210.png4.png,0,0.028859496116638184
./iccad-official\iccad1\test\test_nhs\NHS210.png6.png,0,0.10419321060180664
./iccad-official\iccad1\test\test_nhs\NHS210.png7.png,0,0.13190913200378418
./iccad-official\iccad1\test\test_nhs\NHS210.png8.png,0,0.06667876243591309
./iccad-official\iccad1\test\test_nhs\NHS210.png9.png,0,0.03211057186126709
./iccad-official\iccad1\test\test_nhs\NHS211.png1.png,0,0.02073526382446289
./iccad-official\iccad1\test\test_nhs\NHS211.png2.png,0,0.019689083099365234
./iccad-official\iccad1\test\test_nhs\NHS211.png3.png,0,0.014033675193786621
./iccad-official\iccad1\test\test_nhs\NHS211.png4.png,0,0.2097117304801941
./iccad-official\iccad1\test\test_nhs\NHS211.png6.png,0,0.25200963020324707
./iccad-official\iccad1\test\test_nhs\NHS211.png7.png,0,0.026649534702301025
./iccad-official\iccad1\test\test_nhs\NHS211.png8.png,0,0.12001276016235352
./iccad-official\iccad1\test\test_nhs\NHS211.png9.png,0,0.12141025066375732
./iccad-official\iccad1\test\test_nhs\NHS212.png1.png,0,0.0022854208946228027
./iccad-official\iccad1\test\test_nhs\NHS212.png2.png,0,0.0022854208946228027
./iccad-official\iccad1\test\test_nhs\NHS212.png3.png,0,0.0022854208946228027
./iccad-official\iccad1\test\test_nhs\NHS212.png4.png,0,0.3094184398651123
./iccad-official\iccad1\test\test_nhs\NHS212.png6.png,0,0.050505220890045166
./iccad-official\iccad1\test\test_nhs\NHS212.png7.png,0,0.022829174995422363
./iccad-official\iccad1\test\test_nhs\NHS212.png8.png,0,0.4090145230293274
./iccad-official\iccad1\test\test_nhs\NHS212.png9.png,0,0.7223591208457947
./iccad-official\iccad1\test\test_nhs\NHS213.png1.png,0,0.015403211116790771
./iccad-official\iccad1\test\test_nhs\NHS213.png2.png,0,0.008331239223480225
./iccad-official\iccad1\test\test_nhs\NHS213.png3.png,0,0.08355683088302612
./iccad-official\iccad1\test\test_nhs\NHS213.png4.png,0,0.14521920680999756
./iccad-official\iccad1\test\test_nhs\NHS213.png6.png,0,0.19362574815750122
./iccad-official\iccad1\test\test_nhs\NHS213.png7.png,0,0.16119176149368286
./iccad-official\iccad1\test\test_nhs\NHS213.png8.png,0,0.06028848886489868
./iccad-official\iccad1\test\test_nhs\NHS213.png9.png,0,0.24825751781463623
./iccad-official\iccad1\test\test_nhs\NHS214.png1.png,0,0.01383209228515625
./iccad-official\iccad1\test\test_nhs\NHS214.png2.png,0,0.11229991912841797
./iccad-official\iccad1\test\test_nhs\NHS214.png3.png,0,0.05320858955383301
./iccad-official\iccad1\test\test_nhs\NHS214.png4.png,0,0.01383209228515625
./iccad-official\iccad1\test\test_nhs\NHS214.png6.png,0,0.28380322456359863
./iccad-official\iccad1\test\test_nhs\NHS214.png7.png,0,0.01383209228515625
./iccad-official\iccad1\test\test_nhs\NHS214.png8.png,0,0.2593250870704651
./iccad-official\iccad1\test\test_nhs\NHS214.png9.png,0,0.5312516689300537
./iccad-official\iccad1\test\test_nhs\NHS215.png1.png,0,0.003328382968902588
./iccad-official\iccad1\test\test_nhs\NHS215.png2.png,0,0.003328382968902588
./iccad-official\iccad1\test\test_nhs\NHS215.png3.png,0,0.003328382968902588
./iccad-official\iccad1\test\test_nhs\NHS215.png4.png,0,0.03829836845397949
./iccad-official\iccad1\test\test_nhs\NHS215.png6.png,0,0.02855008840560913
./iccad-official\iccad1\test\test_nhs\NHS215.png7.png,0,0.09796851873397827
./iccad-official\iccad1\test\test_nhs\NHS215.png8.png,0,0.460483193397522
./iccad-official\iccad1\test\test_nhs\NHS215.png9.png,0,0.4945882558822632
./iccad-official\iccad1\test\test_nhs\NHS216.png1.png,0,0.02667248249053955
./iccad-official\iccad1\test\test_nhs\NHS216.png2.png,0,0.08577263355255127
./iccad-official\iccad1\test\test_nhs\NHS216.png3.png,0,0.02840733528137207
./iccad-official\iccad1\test\test_nhs\NHS216.png4.png,0,0.511137992143631
./iccad-official\iccad1\test\test_nhs\NHS216.png6.png,0,0.5298562347888947
./iccad-official\iccad1\test\test_nhs\NHS216.png7.png,0,0.05105888843536377
./iccad-official\iccad1\test\test_nhs\NHS216.png8.png,0,0.05105888843536377
./iccad-official\iccad1\test\test_nhs\NHS216.png9.png,0,0.027712762355804443
./iccad-official\iccad1\test\test_nhs\NHS217.png1.png,0,0.7358431220054626
./iccad-official\iccad1\test\test_nhs\NHS217.png2.png,0,0.633764386177063
./iccad-official\iccad1\test\test_nhs\NHS217.png3.png,0,0.4388798475265503
./iccad-official\iccad1\test\test_nhs\NHS217.png4.png,0,0.2909824848175049
./iccad-official\iccad1\test\test_nhs\NHS217.png6.png,0,0.273074746131897
./iccad-official\iccad1\test\test_nhs\NHS217.png7.png,0,0.049826622009277344
./iccad-official\iccad1\test\test_nhs\NHS217.png8.png,0,0.1317286491394043
./iccad-official\iccad1\test\test_nhs\NHS217.png9.png,0,0.016405045986175537
./iccad-official\iccad1\test\test_nhs\NHS218.png1.png,0,0.19375813007354736
./iccad-official\iccad1\test\test_nhs\NHS218.png2.png,0,0.3748946189880371
./iccad-official\iccad1\test\test_nhs\NHS218.png3.png,0,0.10174471139907837
./iccad-official\iccad1\test\test_nhs\NHS218.png4.png,0,0.04571378231048584
./iccad-official\iccad1\test\test_nhs\NHS218.png6.png,0,0.013664484024047852
./iccad-official\iccad1\test\test_nhs\NHS218.png7.png,0,0.027023613452911377
./iccad-official\iccad1\test\test_nhs\NHS218.png8.png,0,0.03194892406463623
./iccad-official\iccad1\test\test_nhs\NHS218.png9.png,0,0.08453553915023804
./iccad-official\iccad1\test\test_nhs\NHS219.png1.png,0,0.16225820779800415
./iccad-official\iccad1\test\test_nhs\NHS219.png2.png,0,0.060908377170562744
./iccad-official\iccad1\test\test_nhs\NHS219.png3.png,0,0.06703978776931763
./iccad-official\iccad1\test\test_nhs\NHS219.png4.png,0,0.07111740112304688
./iccad-official\iccad1\test\test_nhs\NHS219.png6.png,0,0.03632611036300659
./iccad-official\iccad1\test\test_nhs\NHS219.png7.png,0,0.39095550775527954
./iccad-official\iccad1\test\test_nhs\NHS219.png8.png,0,0.39095550775527954
./iccad-official\iccad1\test\test_nhs\NHS219.png9.png,0,0.39095550775527954
./iccad-official\iccad1\test\test_nhs\NHS22.png1.png,0,0.03713536262512207
./iccad-official\iccad1\test\test_nhs\NHS22.png2.png,0,0.03713536262512207
./iccad-official\iccad1\test\test_nhs\NHS22.png3.png,0,0.03713536262512207
./iccad-official\iccad1\test\test_nhs\NHS22.png4.png,0,0.6574479639530182
./iccad-official\iccad1\test\test_nhs\NHS22.png6.png,0,0.6407543122768402
./iccad-official\iccad1\test\test_nhs\NHS22.png7.png,0,0.029341161251068115
./iccad-official\iccad1\test\test_nhs\NHS22.png8.png,0,0.029341161251068115
./iccad-official\iccad1\test\test_nhs\NHS22.png9.png,0,0.029341161251068115
./iccad-official\iccad1\test\test_nhs\NHS220.png1.png,0,0.39292269945144653
./iccad-official\iccad1\test\test_nhs\NHS220.png2.png,0,0.39292269945144653
./iccad-official\iccad1\test\test_nhs\NHS220.png3.png,0,0.39292269945144653
./iccad-official\iccad1\test\test_nhs\NHS220.png4.png,0,0.1333332657814026
./iccad-official\iccad1\test\test_nhs\NHS220.png6.png,0,0.06386423110961914
./iccad-official\iccad1\test\test_nhs\NHS220.png7.png,0,0.029332637786865234
./iccad-official\iccad1\test\test_nhs\NHS220.png8.png,0,0.03135991096496582
./iccad-official\iccad1\test\test_nhs\NHS220.png9.png,0,0.02925717830657959
./iccad-official\iccad1\test\test_nhs\NHS221.png1.png,0,0.01383209228515625
./iccad-official\iccad1\test\test_nhs\NHS221.png2.png,0,0.055937230587005615
./iccad-official\iccad1\test\test_nhs\NHS221.png3.png,0,0.006856083869934082
./iccad-official\iccad1\test\test_nhs\NHS221.png4.png,0,0.01383209228515625
./iccad-official\iccad1\test\test_nhs\NHS221.png6.png,0,0.13940763473510742
./iccad-official\iccad1\test\test_nhs\NHS221.png7.png,0,0.01383209228515625
./iccad-official\iccad1\test\test_nhs\NHS221.png8.png,0,0.04191792011260986
./iccad-official\iccad1\test\test_nhs\NHS221.png9.png,0,0.12063246965408325
./iccad-official\iccad1\test\test_nhs\NHS222.png1.png,0,0.010127365589141846
./iccad-official\iccad1\test\test_nhs\NHS222.png2.png,0,0.007279336452484131
./iccad-official\iccad1\test\test_nhs\NHS222.png3.png,0,0.004609882831573486
./iccad-official\iccad1\test\test_nhs\NHS222.png4.png,0,0.2870727777481079
./iccad-official\iccad1\test\test_nhs\NHS222.png6.png,0,0.09495055675506592
./iccad-official\iccad1\test\test_nhs\NHS222.png7.png,0,0.012891113758087158
./iccad-official\iccad1\test\test_nhs\NHS222.png8.png,0,0.03744131326675415
./iccad-official\iccad1\test\test_nhs\NHS222.png9.png,0,0.12002956867218018
./iccad-official\iccad1\test\test_nhs\NHS223.png1.png,0,0.0971636176109314
./iccad-official\iccad1\test\test_nhs\NHS223.png2.png,0,0.1569916009902954
./iccad-official\iccad1\test\test_nhs\NHS223.png3.png,0,0.16008597612380981
./iccad-official\iccad1\test\test_nhs\NHS223.png4.png,0,0.10004115104675293
./iccad-official\iccad1\test\test_nhs\NHS223.png6.png,0,0.1968746781349182
./iccad-official\iccad1\test\test_nhs\NHS223.png7.png,0,0.39095550775527954
./iccad-official\iccad1\test\test_nhs\NHS223.png8.png,0,0.39095550775527954
./iccad-official\iccad1\test\test_nhs\NHS223.png9.png,0,0.3187824487686157
./iccad-official\iccad1\test\test_nhs\NHS224.png1.png,0,0.0021684765815734863
./iccad-official\iccad1\test\test_nhs\NHS224.png2.png,0,0.007549583911895752
./iccad-official\iccad1\test\test_nhs\NHS224.png3.png,0,0.004626810550689697
./iccad-official\iccad1\test\test_nhs\NHS224.png4.png,0,0.07655096054077148
./iccad-official\iccad1\test\test_nhs\NHS224.png6.png,0,0.044094204902648926
./iccad-official\iccad1\test\test_nhs\NHS224.png7.png,0,0.0790594220161438
./iccad-official\iccad1\test\test_nhs\NHS224.png8.png,0,0.0790594220161438
./iccad-official\iccad1\test\test_nhs\NHS224.png9.png,0,0.08933413028717041
./iccad-official\iccad1\test\test_nhs\NHS225.png1.png,0,0.01383209228515625
./iccad-official\iccad1\test\test_nhs\NHS225.png2.png,0,0.25593996047973633
./iccad-official\iccad1\test\test_nhs\NHS225.png3.png,0,0.3457094430923462
./iccad-official\iccad1\test\test_nhs\NHS225.png4.png,0,0.01383209228515625
./iccad-official\iccad1\test\test_nhs\NHS225.png6.png,0,0.6067745983600616
./iccad-official\iccad1\test\test_nhs\NHS225.png7.png,0,0.01383209228515625
./iccad-official\iccad1\test\test_nhs\NHS225.png8.png,0,0.10898411273956299
./iccad-official\iccad1\test\test_nhs\NHS225.png9.png,0,0.052194952964782715
./iccad-official\iccad1\test\test_nhs\NHS226.png,0,0.02480870485305786
./iccad-official\iccad1\test\test_nhs\NHS227.png,0,0.01612675189971924
./iccad-official\iccad1\test\test_nhs\NHS228.png,0,0.02307373285293579
./iccad-official\iccad1\test\test_nhs\NHS229.png,0,0.01612675189971924
./iccad-official\iccad1\test\test_nhs\NHS23.png1.png,0,0.008016526699066162
./iccad-official\iccad1\test\test_nhs\NHS23.png2.png,0,0.00594639778137207
./iccad-official\iccad1\test\test_nhs\NHS23.png3.png,0,0.00594639778137207
./iccad-official\iccad1\test\test_nhs\NHS23.png4.png,0,0.5884705483913422
./iccad-official\iccad1\test\test_nhs\NHS23.png6.png,0,0.060547590255737305
./iccad-official\iccad1\test\test_nhs\NHS23.png7.png,0,0.012301504611968994
./iccad-official\iccad1\test\test_nhs\NHS23.png8.png,0,0.011550962924957275
./iccad-official\iccad1\test\test_nhs\NHS23.png9.png,0,0.01784747838973999
./iccad-official\iccad1\test\test_nhs\NHS230.png,0,0.011260688304901123
./iccad-official\iccad1\test\test_nhs\NHS231.png,0,0.026707947254180908
./iccad-official\iccad1\test\test_nhs\NHS232.png,0,0.012081265449523926
./iccad-official\iccad1\test\test_nhs\NHS233.png,0,0.01612675189971924
./iccad-official\iccad1\test\test_nhs\NHS234.png,0,0.019178330898284912
./iccad-official\iccad1\test\test_nhs\NHS235.png,0,0.01312178373336792
./iccad-official\iccad1\test\test_nhs\NHS236.png,0,0.07974040508270264
./iccad-official\iccad1\test\test_nhs\NHS237.png,0,0.010696709156036377
./iccad-official\iccad1\test\test_nhs\NHS238.png,0,0.002270996570587158
./iccad-official\iccad1\test\test_nhs\NHS239.png,0,0.018774747848510742
./iccad-official\iccad1\test\test_nhs\NHS24.png1.png,0,0.06880497932434082
./iccad-official\iccad1\test\test_nhs\NHS24.png2.png,0,0.06880497932434082
./iccad-official\iccad1\test\test_nhs\NHS24.png3.png,0,0.06880497932434082
./iccad-official\iccad1\test\test_nhs\NHS24.png4.png,0,0.3505960702896118
./iccad-official\iccad1\test\test_nhs\NHS24.png6.png,0,0.06970417499542236
./iccad-official\iccad1\test\test_nhs\NHS24.png7.png,0,0.04725193977355957
./iccad-official\iccad1\test\test_nhs\NHS24.png8.png,0,0.04725193977355957
./iccad-official\iccad1\test\test_nhs\NHS24.png9.png,0,0.04725193977355957
./iccad-official\iccad1\test\test_nhs\NHS240.png,0,0.01612675189971924
./iccad-official\iccad1\test\test_nhs\NHS241.png,0,0.004547297954559326
./iccad-official\iccad1\test\test_nhs\NHS242.png,0,0.01612675189971924
./iccad-official\iccad1\test\test_nhs\NHS243.png,0,0.005966305732727051
./iccad-official\iccad1\test\test_nhs\NHS244.png,0,0.033592045307159424
./iccad-official\iccad1\test\test_nhs\NHS245.png,0,0.025613069534301758
./iccad-official\iccad1\test\test_nhs\NHS246.png,0,0.0019472837448120117
./iccad-official\iccad1\test\test_nhs\NHS247.png,0,0.023840367794036865
./iccad-official\iccad1\test\test_nhs\NHS248.png,0,0.007486462593078613
./iccad-official\iccad1\test\test_nhs\NHS249.png,0,0.008959710597991943
./iccad-official\iccad1\test\test_nhs\NHS25.png1.png,0,0.008871138095855713
./iccad-official\iccad1\test\test_nhs\NHS25.png2.png,0,0.008871138095855713
./iccad-official\iccad1\test\test_nhs\NHS25.png3.png,0,0.00599062442779541
./iccad-official\iccad1\test\test_nhs\NHS25.png4.png,0,0.6489627957344055
./iccad-official\iccad1\test\test_nhs\NHS25.png6.png,0,0.07735896110534668
./iccad-official\iccad1\test\test_nhs\NHS25.png7.png,0,0.10178709030151367
./iccad-official\iccad1\test\test_nhs\NHS25.png8.png,0,0.12028312683105469
./iccad-official\iccad1\test\test_nhs\NHS25.png9.png,0,0.03497600555419922
./iccad-official\iccad1\test\test_nhs\NHS250.png,0,0.002295374870300293
./iccad-official\iccad1\test\test_nhs\NHS251.png,0,0.007237732410430908
./iccad-official\iccad1\test\test_nhs\NHS252.png,0,0.002927839756011963
./iccad-official\iccad1\test\test_nhs\NHS253.png,0,0.01612675189971924
./iccad-official\iccad1\test\test_nhs\NHS254.png,0,0.01612675189971924
./iccad-official\iccad1\test\test_nhs\NHS255.png,0,0.01612675189971924
./iccad-official\iccad1\test\test_nhs\NHS256.png,0,0.01113361120223999
./iccad-official\iccad1\test\test_nhs\NHS257.png,0,0.043949782848358154
./iccad-official\iccad1\test\test_nhs\NHS258.png,0,0.01612675189971924
./iccad-official\iccad1\test\test_nhs\NHS259.png,0,0.004055440425872803
./iccad-official\iccad1\test\test_nhs\NHS26.png1.png,0,0.01383209228515625
./iccad-official\iccad1\test\test_nhs\NHS26.png2.png,0,0.01383209228515625
./iccad-official\iccad1\test\test_nhs\NHS26.png3.png,0,0.01383209228515625
./iccad-official\iccad1\test\test_nhs\NHS26.png4.png,0,0.1508834958076477
./iccad-official\iccad1\test\test_nhs\NHS26.png6.png,0,0.007639586925506592
./iccad-official\iccad1\test\test_nhs\NHS26.png7.png,0,0.019446372985839844
./iccad-official\iccad1\test\test_nhs\NHS26.png8.png,0,0.02137470245361328
./iccad-official\iccad1\test\test_nhs\NHS26.png9.png,0,0.011637449264526367
./iccad-official\iccad1\test\test_nhs\NHS260.png,0,0.01612675189971924
./iccad-official\iccad1\test\test_nhs\NHS261.png,0,0.005700469017028809
./iccad-official\iccad1\test\test_nhs\NHS262.png,0,0.01612675189971924
./iccad-official\iccad1\test\test_nhs\NHS263.png,0,0.0074547529220581055
./iccad-official\iccad1\test\test_nhs\NHS264.png,0,0.014760076999664307
./iccad-official\iccad1\test\test_nhs\NHS265.png,0,0.03095412254333496
./iccad-official\iccad1\test\test_nhs\NHS266.png,0,0.007445573806762695
./iccad-official\iccad1\test\test_nhs\NHS267.png,0,0.006543278694152832
./iccad-official\iccad1\test\test_nhs\NHS268.png,0,0.01178067922592163
./iccad-official\iccad1\test\test_nhs\NHS269.png,0,0.023840367794036865
./iccad-official\iccad1\test\test_nhs\NHS27.png1.png,0,0.07400619983673096
./iccad-official\iccad1\test\test_nhs\NHS27.png2.png,0,0.07400619983673096
./iccad-official\iccad1\test\test_nhs\NHS27.png3.png,0,0.07400619983673096
./iccad-official\iccad1\test\test_nhs\NHS27.png4.png,0,0.24706923961639404
./iccad-official\iccad1\test\test_nhs\NHS27.png6.png,0,0.21868181228637695
./iccad-official\iccad1\test\test_nhs\NHS27.png7.png,0,0.1842145323753357
./iccad-official\iccad1\test\test_nhs\NHS27.png8.png,0,0.18959349393844604
./iccad-official\iccad1\test\test_nhs\NHS27.png9.png,0,0.18959349393844604
./iccad-official\iccad1\test\test_nhs\NHS270.png,0,0.02307373285293579
./iccad-official\iccad1\test\test_nhs\NHS271.png,0,0.01612675189971924
./iccad-official\iccad1\test\test_nhs\NHS272.png,0,0.02307373285293579
./iccad-official\iccad1\test\test_nhs\NHS273.png,0,0.0241396427154541
./iccad-official\iccad1\test\test_nhs\NHS274.png,0,0.033592045307159424
./iccad-official\iccad1\test\test_nhs\NHS275.png,0,0.007237732410430908
./iccad-official\iccad1\test\test_nhs\NHS276.png,0,0.02307373285293579
./iccad-official\iccad1\test\test_nhs\NHS277.png,0,0.01612675189971924
./iccad-official\iccad1\test\test_nhs\NHS278.png,0,0.00788050889968872
./iccad-official\iccad1\test\test_nhs\NHS279.png,0,0.01612675189971924
./iccad-official\iccad1\test\test_nhs\NHS28.png1.png,0,0.30191242694854736
./iccad-official\iccad1\test\test_nhs\NHS28.png2.png,0,0.5703320503234863
./iccad-official\iccad1\test\test_nhs\NHS28.png3.png,0,0.46759462356567383
./iccad-official\iccad1\test\test_nhs\NHS28.png4.png,0,0.04319334030151367
./iccad-official\iccad1\test\test_nhs\NHS28.png6.png,0,0.030437588691711426
./iccad-official\iccad1\test\test_nhs\NHS28.png7.png,0,0.03388327360153198
./iccad-official\iccad1\test\test_nhs\NHS28.png8.png,0,0.03705781698226929
./iccad-official\iccad1\test\test_nhs\NHS28.png9.png,0,0.042610108852386475
./iccad-official\iccad1\test\test_nhs\NHS280.png,0,0.01612675189971924
./iccad-official\iccad1\test\test_nhs\NHS281.png,0,0.01612675189971924
./iccad-official\iccad1\test\test_nhs\NHS282.png,0,0.01612675189971924
./iccad-official\iccad1\test\test_nhs\NHS283.png,0,0.02307373285293579
./iccad-official\iccad1\test\test_nhs\NHS284.png,0,0.01612675189971924
./iccad-official\iccad1\test\test_nhs\NHS285.png,0,0.0074547529220581055
./iccad-official\iccad1\test\test_nhs\NHS286.png,0,0.008083939552307129
./iccad-official\iccad1\test\test_nhs\NHS287.png,0,0.004996895790100098
./iccad-official\iccad1\test\test_nhs\NHS288.png,0,0.04776102304458618
./iccad-official\iccad1\test\test_nhs\NHS289.png,0,0.02307373285293579
./iccad-official\iccad1\test\test_nhs\NHS29.png1.png,0,0.044856131076812744
./iccad-official\iccad1\test\test_nhs\NHS29.png2.png,0,0.044856131076812744
./iccad-official\iccad1\test\test_nhs\NHS29.png3.png,0,0.043218016624450684
./iccad-official\iccad1\test\test_nhs\NHS29.png4.png,0,0.8613659888505936
./iccad-official\iccad1\test\test_nhs\NHS29.png6.png,0,0.6217171847820282
./iccad-official\iccad1\test\test_nhs\NHS29.png7.png,0,0.04109233617782593
./iccad-official\iccad1\test\test_nhs\NHS29.png8.png,0,0.04007309675216675
./iccad-official\iccad1\test\test_nhs\NHS29.png9.png,0,0.04007309675216675
./iccad-official\iccad1\test\test_nhs\NHS290.png,0,0.04887521266937256
./iccad-official\iccad1\test\test_nhs\NHS291.png,0,0.01966947317123413
./iccad-official\iccad1\test\test_nhs\NHS292.png,0,0.0038268566131591797
./iccad-official\iccad1\test\test_nhs\NHS293.png,0,0.02307373285293579
./iccad-official\iccad1\test\test_nhs\NHS294.png,0,0.01612675189971924
./iccad-official\iccad1\test\test_nhs\NHS295.png,0,0.01033097505569458
./iccad-official\iccad1\test\test_nhs\NHS296.png,0,0.007501721382141113
./iccad-official\iccad1\test\test_nhs\NHS297.png,0,0.0046356916427612305
./iccad-official\iccad1\test\test_nhs\NHS298.png,0,0.01612675189971924
./iccad-official\iccad1\test\test_nhs\NHS299.png,0,0.01612675189971924
./iccad-official\iccad1\test\test_nhs\NHS3.png1.png,0,0.16468900442123413
./iccad-official\iccad1\test\test_nhs\NHS3.png2.png,0,0.045240163803100586
./iccad-official\iccad1\test\test_nhs\NHS3.png3.png,0,0.03485506772994995
./iccad-official\iccad1\test\test_nhs\NHS3.png4.png,0,0.7743739783763885
./iccad-official\iccad1\test\test_nhs\NHS3.png6.png,0,0.410844087600708
./iccad-official\iccad1\test\test_nhs\NHS3.png7.png,0,0.1809215545654297
./iccad-official\iccad1\test\test_nhs\NHS3.png8.png,0,0.1129191517829895
./iccad-official\iccad1\test\test_nhs\NHS3.png9.png,0,0.1809215545654297
./iccad-official\iccad1\test\test_nhs\NHS30.png1.png,0,0.06578719615936279
./iccad-official\iccad1\test\test_nhs\NHS30.png2.png,0,0.06578719615936279
./iccad-official\iccad1\test\test_nhs\NHS30.png3.png,0,0.05819904804229736
./iccad-official\iccad1\test\test_nhs\NHS30.png4.png,0,0.03587275743484497
./iccad-official\iccad1\test\test_nhs\NHS30.png6.png,0,0.19514566659927368
./iccad-official\iccad1\test\test_nhs\NHS30.png7.png,0,0.16048794984817505
./iccad-official\iccad1\test\test_nhs\NHS30.png8.png,0,0.0773465633392334
./iccad-official\iccad1\test\test_nhs\NHS30.png9.png,0,0.2848546504974365
./iccad-official\iccad1\test\test_nhs\NHS300.png,0,0.01171422004699707
./iccad-official\iccad1\test\test_nhs\NHS301.png,0,0.023840367794036865
./iccad-official\iccad1\test\test_nhs\NHS302.png,0,0.02307373285293579
./iccad-official\iccad1\test\test_nhs\NHS303.png,0,0.002031087875366211
./iccad-official\iccad1\test\test_nhs\NHS304.png,0,0.01661151647567749
./iccad-official\iccad1\test\test_nhs\NHS305.png,0,0.023840367794036865
./iccad-official\iccad1\test\test_nhs\NHS306.png,0,0.004547297954559326
./iccad-official\iccad1\test\test_nhs\NHS307.png,0,0.01612675189971924
./iccad-official\iccad1\test\test_nhs\NHS308.png,0,0.006847977638244629
./iccad-official\iccad1\test\test_nhs\NHS309.png,0,0.0037217140197753906
./iccad-official\iccad1\test\test_nhs\NHS31.png1.png,0,0.027381539344787598
./iccad-official\iccad1\test\test_nhs\NHS31.png2.png,0,0.04604792594909668
./iccad-official\iccad1\test\test_nhs\NHS31.png3.png,0,0.04467958211898804
./iccad-official\iccad1\test\test_nhs\NHS31.png4.png,0,0.03811216354370117
./iccad-official\iccad1\test\test_nhs\NHS31.png6.png,0,0.3488762378692627
./iccad-official\iccad1\test\test_nhs\NHS31.png7.png,0,0.0312952995300293
./iccad-official\iccad1\test\test_nhs\NHS31.png8.png,0,0.0312952995300293
./iccad-official\iccad1\test\test_nhs\NHS31.png9.png,0,0.10039311647415161
./iccad-official\iccad1\test\test_nhs\NHS310.png,0,0.014760076999664307
./iccad-official\iccad1\test\test_nhs\NHS311.png,0,0.01612675189971924
./iccad-official\iccad1\test\test_nhs\NHS312.png,0,0.00911170244216919
./iccad-official\iccad1\test\test_nhs\NHS313.png,0,0.004055440425872803
./iccad-official\iccad1\test\test_nhs\NHS314.png,0,0.04542338848114014
./iccad-official\iccad1\test\test_nhs\NHS315.png,0,0.0240323543548584
./iccad-official\iccad1\test\test_nhs\NHS316.png,0,0.023840367794036865
./iccad-official\iccad1\test\test_nhs\NHS317.png,0,0.014760076999664307
./iccad-official\iccad1\test\test_nhs\NHS318.png,0,0.004698753356933594
./iccad-official\iccad1\test\test_nhs\NHS319.png,0,0.00788050889968872
./iccad-official\iccad1\test\test_nhs\NHS32.png1.png,0,0.0361819863319397
./iccad-official\iccad1\test\test_nhs\NHS32.png2.png,0,0.0361819863319397
./iccad-official\iccad1\test\test_nhs\NHS32.png3.png,0,0.07400619983673096
./iccad-official\iccad1\test\test_nhs\NHS32.png4.png,0,0.6396187245845795
./iccad-official\iccad1\test\test_nhs\NHS32.png6.png,0,0.6147891879081726
./iccad-official\iccad1\test\test_nhs\NHS32.png7.png,0,0.056516289710998535
./iccad-official\iccad1\test\test_nhs\NHS32.png8.png,0,0.09425562620162964
./iccad-official\iccad1\test\test_nhs\NHS32.png9.png,0,0.11122238636016846
./iccad-official\iccad1\test\test_nhs\NHS320.png,0,0.0022394657135009766
./iccad-official\iccad1\test\test_nhs\NHS321.png,0,0.028770625591278076
./iccad-official\iccad1\test\test_nhs\NHS322.png,0,0.018786847591400146
./iccad-official\iccad1\test\test_nhs\NHS323.png,0,0.01909804344177246
./iccad-official\iccad1\test\test_nhs\NHS324.png,0,0.004060089588165283
./iccad-official\iccad1\test\test_nhs\NHS325.png,0,0.044843435287475586
./iccad-official\iccad1\test\test_nhs\NHS326.png,0,0.01966947317123413
./iccad-official\iccad1\test\test_nhs\NHS327.png,0,0.01612675189971924
./iccad-official\iccad1\test\test_nhs\NHS328.png,0,0.010902464389801025
./iccad-official\iccad1\test\test_nhs\NHS329.png,0,0.01612675189971924
./iccad-official\iccad1\test\test_nhs\NHS33.png1.png,0,0.059028029441833496
./iccad-official\iccad1\test\test_nhs\NHS33.png2.png,0,0.059028029441833496
./iccad-official\iccad1\test\test_nhs\NHS33.png3.png,0,0.059028029441833496
./iccad-official\iccad1\test\test_nhs\NHS33.png4.png,0,0.8163077384233475
./iccad-official\iccad1\test\test_nhs\NHS33.png6.png,0,0.043542683124542236
./iccad-official\iccad1\test\test_nhs\NHS33.png7.png,0,0.04725193977355957
./iccad-official\iccad1\test\test_nhs\NHS33.png8.png,0,0.06069386005401611
./iccad-official\iccad1\test\test_nhs\NHS33.png9.png,0,0.17106348276138306
./iccad-official\iccad1\test\test_nhs\NHS330.png,0,0.004547297954559326
./iccad-official\iccad1\test\test_nhs\NHS331.png,0,0.04465591907501221
./iccad-official\iccad1\test\test_nhs\NHS332.png,0,0.007445573806762695
./iccad-official\iccad1\test\test_nhs\NHS333.png,0,0.01612675189971924
./iccad-official\iccad1\test\test_nhs\NHS334.png,0,0.020496129989624023
./iccad-official\iccad1\test\test_nhs\NHS335.png,0,0.017031431198120117
./iccad-official\iccad1\test\test_nhs\NHS336.png,0,0.010351300239562988
./iccad-official\iccad1\test\test_nhs\NHS337.png,0,0.033259451389312744
./iccad-official\iccad1\test\test_nhs\NHS338.png,0,0.01612675189971924
./iccad-official\iccad1\test\test_nhs\NHS339.png,0,0.014471054077148438
./iccad-official\iccad1\test\test_nhs\NHS34.png1.png,0,0.06880497932434082
./iccad-official\iccad1\test\test_nhs\NHS34.png2.png,0,0.06880497932434082
./iccad-official\iccad1\test\test_nhs\NHS34.png3.png,0,0.08309221267700195
./iccad-official\iccad1\test\test_nhs\NHS34.png4.png,0,0.06930100917816162
./iccad-official\iccad1\test\test_nhs\NHS34.png6.png,0,0.4110325574874878
./iccad-official\iccad1\test\test_nhs\NHS34.png7.png,0,0.05349069833755493
./iccad-official\iccad1\test\test_nhs\NHS34.png8.png,0,0.03433042764663696
./iccad-official\iccad1\test\test_nhs\NHS34.png9.png,0,0.03433042764663696
./iccad-official\iccad1\test\test_nhs\NHS340.png,0,0.005093574523925781
./iccad-official\iccad1\test\test_nhs\NHS341.png,0,0.02556055784225464
./iccad-official\iccad1\test\test_nhs\NHS342.png,0,0.008050978183746338
./iccad-official\iccad1\test\test_nhs\NHS343.png,0,0.017811477184295654
./iccad-official\iccad1\test\test_nhs\NHS344.png,0,0.01612675189971924
./iccad-official\iccad1\test\test_nhs\NHS345.png,0,0.005827546119689941
./iccad-official\iccad1\test\test_nhs\NHS346.png,0,0.00761336088180542
./iccad-official\iccad1\test\test_nhs\NHS347.png,0,0.00643765926361084
./iccad-official\iccad1\test\test_nhs\NHS348.png,0,0.01612675189971924
./iccad-official\iccad1\test\test_nhs\NHS349.png,0,0.00927203893661499
./iccad-official\iccad1\test\test_nhs\NHS35.png1.png,0,0.20344674587249756
./iccad-official\iccad1\test\test_nhs\NHS35.png2.png,0,0.38323408365249634
./iccad-official\iccad1\test\test_nhs\NHS35.png3.png,0,0.059883177280426025
./iccad-official\iccad1\test\test_nhs\NHS35.png4.png,0,0.019655883312225342
./iccad-official\iccad1\test\test_nhs\NHS35.png6.png,0,0.718192994594574
./iccad-official\iccad1\test\test_nhs\NHS35.png7.png,0,0.06880497932434082
./iccad-official\iccad1\test\test_nhs\NHS35.png8.png,0,0.12104356288909912
./iccad-official\iccad1\test\test_nhs\NHS35.png9.png,0,0.06880497932434082
./iccad-official\iccad1\test\test_nhs\NHS350.png,0,0.01612675189971924
./iccad-official\iccad1\test\test_nhs\NHS351.png,0,0.023840367794036865
./iccad-official\iccad1\test\test_nhs\NHS352.png,0,0.0017378926277160645
./iccad-official\iccad1\test\test_nhs\NHS353.png,0,0.002624988555908203
./iccad-official\iccad1\test\test_nhs\NHS354.png,0,0.0054360032081604
./iccad-official\iccad1\test\test_nhs\NHS355.png,0,0.02650362253189087
./iccad-official\iccad1\test\test_nhs\NHS356.png,0,0.007096648216247559
./iccad-official\iccad1\test\test_nhs\NHS357.png,0,0.014760076999664307
./iccad-official\iccad1\test\test_nhs\NHS358.png,0,0.014760076999664307
./iccad-official\iccad1\test\test_nhs\NHS359.png,0,0.018747687339782715
./iccad-official\iccad1\test\test_nhs\NHS36.png1.png,0,0.15015459060668945
./iccad-official\iccad1\test\test_nhs\NHS36.png2.png,0,0.1398860216140747
./iccad-official\iccad1\test\test_nhs\NHS36.png3.png,0,0.1097148060798645
./iccad-official\iccad1\test\test_nhs\NHS36.png4.png,0,0.9079352244734764
./iccad-official\iccad1\test\test_nhs\NHS36.png6.png,0,0.45730435848236084
./iccad-official\iccad1\test\test_nhs\NHS36.png7.png,0,0.059783995151519775
./iccad-official\iccad1\test\test_nhs\NHS36.png8.png,0,0.0630728006362915
./iccad-official\iccad1\test\test_nhs\NHS36.png9.png,0,0.024251699447631836
./iccad-official\iccad1\test\test_nhs\NHS360.png,0,0.0026021599769592285
./iccad-official\iccad1\test\test_nhs\NHS361.png,0,0.01612675189971924
./iccad-official\iccad1\test\test_nhs\NHS362.png,0,0.004547297954559326
./iccad-official\iccad1\test\test_nhs\NHS363.png,0,0.029397547245025635
./iccad-official\iccad1\test\test_nhs\NHS364.png,0,0.006842613220214844
./iccad-official\iccad1\test\test_nhs\NHS365.png,0,0.003592550754547119
./iccad-official\iccad1\test\test_nhs\NHS366.png,0,0.01612675189971924
./iccad-official\iccad1\test\test_nhs\NHS367.png,0,0.014760076999664307
./iccad-official\iccad1\test\test_nhs\NHS368.png,0,0.01612675189971924
./iccad-official\iccad1\test\test_nhs\NHS369.png,0,0.010894536972045898
./iccad-official\iccad1\test\test_nhs\NHS37.png1.png,0,0.07816213369369507
./iccad-official\iccad1\test\test_nhs\NHS37.png2.png,0,0.04115593433380127
./iccad-official\iccad1\test\test_nhs\NHS37.png3.png,0,0.00640869140625
./iccad-official\iccad1\test\test_nhs\NHS37.png4.png,0,0.0250852108001709
./iccad-official\iccad1\test\test_nhs\NHS37.png6.png,0,0.06208086013793945
./iccad-official\iccad1\test\test_nhs\NHS37.png7.png,0,0.10021191835403442
./iccad-official\iccad1\test\test_nhs\NHS37.png8.png,0,0.1754244565963745
./iccad-official\iccad1\test\test_nhs\NHS37.png9.png,0,0.24218672513961792
./iccad-official\iccad1\test\test_nhs\NHS370.png,0,0.02480870485305786
./iccad-official\iccad1\test\test_nhs\NHS371.png,0,0.00788050889968872
./iccad-official\iccad1\test\test_nhs\NHS372.png,0,0.01722884178161621
./iccad-official\iccad1\test\test_nhs\NHS373.png,0,0.003655374050140381
./iccad-official\iccad1\test\test_nhs\NHS374.png,0,0.011746525764465332
./iccad-official\iccad1\test\test_nhs\NHS375.png,0,0.0032594799995422363
./iccad-official\iccad1\test\test_nhs\NHS376.png,0,0.01612675189971924
./iccad-official\iccad1\test\test_nhs\NHS377.png,0,0.020381689071655273
./iccad-official\iccad1\test\test_nhs\NHS378.png,0,0.01612675189971924
./iccad-official\iccad1\test\test_nhs\NHS379.png,0,0.030311405658721924
./iccad-official\iccad1\test\test_nhs\NHS38.png1.png,0,0.08642655611038208
./iccad-official\iccad1\test\test_nhs\NHS38.png2.png,0,0.05770540237426758
./iccad-official\iccad1\test\test_nhs\NHS38.png3.png,0,0.02164602279663086
./iccad-official\iccad1\test\test_nhs\NHS38.png4.png,0,0.04695326089859009
./iccad-official\iccad1\test\test_nhs\NHS38.png6.png,0,0.5604933798313141
./iccad-official\iccad1\test\test_nhs\NHS38.png7.png,0,0.04453212022781372
./iccad-official\iccad1\test\test_nhs\NHS38.png8.png,0,0.059028029441833496
./iccad-official\iccad1\test\test_nhs\NHS38.png9.png,0,0.26264655590057373
./iccad-official\iccad1\test\test_nhs\NHS380.png,0,0.007109940052032471
./iccad-official\iccad1\test\test_nhs\NHS381.png,0,0.0056035518646240234
./iccad-official\iccad1\test\test_nhs\NHS382.png,0,0.017081081867218018
./iccad-official\iccad1\test\test_nhs\NHS383.png,0,0.023840367794036865
./iccad-official\iccad1\test\test_nhs\NHS384.png,0,0.033592045307159424
./iccad-official\iccad1\test\test_nhs\NHS385.png,0,0.02279597520828247
./iccad-official\iccad1\test\test_nhs\NHS386.png,0,0.007706582546234131
./iccad-official\iccad1\test\test_nhs\NHS387.png,0,0.01612675189971924
./iccad-official\iccad1\test\test_nhs\NHS388.png,0,0.006183207035064697
./iccad-official\iccad1\test\test_nhs\NHS389.png,0,0.014760076999664307
./iccad-official\iccad1\test\test_nhs\NHS39.png1.png,0,0.05791890621185303
./iccad-official\iccad1\test\test_nhs\NHS39.png2.png,0,0.05791890621185303
./iccad-official\iccad1\test\test_nhs\NHS39.png3.png,0,0.05791890621185303
./iccad-official\iccad1\test\test_nhs\NHS39.png4.png,0,0.6346931159496307
./iccad-official\iccad1\test\test_nhs\NHS39.png6.png,0,0.8135915696620941
./iccad-official\iccad1\test\test_nhs\NHS39.png7.png,0,0.07931780815124512
./iccad-official\iccad1\test\test_nhs\NHS39.png8.png,0,0.029341161251068115
./iccad-official\iccad1\test\test_nhs\NHS39.png9.png,0,0.029341161251068115
./iccad-official\iccad1\test\test_nhs\NHS390.png,0,0.0035216212272644043
./iccad-official\iccad1\test\test_nhs\NHS391.png,0,0.009011983871459961
./iccad-official\iccad1\test\test_nhs\NHS392.png,0,0.029397547245025635
./iccad-official\iccad1\test\test_nhs\NHS393.png,0,0.0033146142959594727
./iccad-official\iccad1\test\test_nhs\NHS394.png,0,0.01612675189971924
./iccad-official\iccad1\test\test_nhs\NHS395.png,0,0.002576172351837158
./iccad-official\iccad1\test\test_nhs\NHS396.png,0,0.006543278694152832
./iccad-official\iccad1\test\test_nhs\NHS397.png,0,0.042323946952819824
./iccad-official\iccad1\test\test_nhs\NHS398.png,0,0.01612675189971924
./iccad-official\iccad1\test\test_nhs\NHS399.png,0,0.01612675189971924
./iccad-official\iccad1\test\test_nhs\NHS4.png1.png,0,0.04023343324661255
./iccad-official\iccad1\test\test_nhs\NHS4.png2.png,0,0.060989975929260254
./iccad-official\iccad1\test\test_nhs\NHS4.png3.png,0,0.09480154514312744
./iccad-official\iccad1\test\test_nhs\NHS4.png4.png,0,0.012081623077392578
./iccad-official\iccad1\test\test_nhs\NHS4.png6.png,0,0.021296441555023193
./iccad-official\iccad1\test\test_nhs\NHS4.png7.png,0,0.18757933378219604
./iccad-official\iccad1\test\test_nhs\NHS4.png8.png,0,0.20595711469650269
./iccad-official\iccad1\test\test_nhs\NHS4.png9.png,0,0.100247323513031
./iccad-official\iccad1\test\test_nhs\NHS40.png1.png,0,0.11102449893951416
./iccad-official\iccad1\test\test_nhs\NHS40.png2.png,0,0.11102449893951416
./iccad-official\iccad1\test\test_nhs\NHS40.png3.png,0,0.11102449893951416
./iccad-official\iccad1\test\test_nhs\NHS40.png4.png,0,0.19310474395751953
./iccad-official\iccad1\test\test_nhs\NHS40.png6.png,0,0.16797101497650146
./iccad-official\iccad1\test\test_nhs\NHS40.png7.png,0,0.14507806301116943
./iccad-official\iccad1\test\test_nhs\NHS40.png8.png,0,0.4481358528137207
./iccad-official\iccad1\test\test_nhs\NHS40.png9.png,0,0.3399682641029358
./iccad-official\iccad1\test\test_nhs\NHS400.png,0,0.058505892753601074
./iccad-official\iccad1\test\test_nhs\NHS401.png,0,0.003198385238647461
./iccad-official\iccad1\test\test_nhs\NHS402.png,0,0.01612675189971924
./iccad-official\iccad1\test\test_nhs\NHS403.png,0,0.012282133102416992
./iccad-official\iccad1\test\test_nhs\NHS404.png,0,0.01612675189971924
./iccad-official\iccad1\test\test_nhs\NHS405.png,0,0.03204703330993652
./iccad-official\iccad1\test\test_nhs\NHS406.png,0,0.005266964435577393
./iccad-official\iccad1\test\test_nhs\NHS407.png,0,0.004851043224334717
./iccad-official\iccad1\test\test_nhs\NHS408.png,0,0.014518201351165771
./iccad-official\iccad1\test\test_nhs\NHS409.png,0,0.01890707015991211
./iccad-official\iccad1\test\test_nhs\NHS41.png1.png,0,0.6108410060405731
./iccad-official\iccad1\test\test_nhs\NHS41.png2.png,0,0.0917622447013855
./iccad-official\iccad1\test\test_nhs\NHS41.png3.png,0,0.07779115438461304
./iccad-official\iccad1\test\test_nhs\NHS41.png4.png,0,0.04725193977355957
./iccad-official\iccad1\test\test_nhs\NHS41.png6.png,0,0.10936588048934937
./iccad-official\iccad1\test\test_nhs\NHS41.png7.png,0,0.059028029441833496
./iccad-official\iccad1\test\test_nhs\NHS41.png8.png,0,0.040555715560913086
./iccad-official\iccad1\test\test_nhs\NHS41.png9.png,0,0.040555715560913086
./iccad-official\iccad1\test\test_nhs\NHS410.png,0,0.002300262451171875
./iccad-official\iccad1\test\test_nhs\NHS411.png,0,0.02685004472732544
./iccad-official\iccad1\test\test_nhs\NHS412.png,0,0.00788050889968872
./iccad-official\iccad1\test\test_nhs\NHS413.png,0,0.03054279088973999
./iccad-official\iccad1\test\test_nhs\NHS414.png,0,0.0283544659614563
./iccad-official\iccad1\test\test_nhs\NHS415.png,0,0.01612675189971924
./iccad-official\iccad1\test\test_nhs\NHS416.png,0,0.008247911930084229
./iccad-official\iccad1\test\test_nhs\NHS417.png,0,0.01300281286239624
./iccad-official\iccad1\test\test_nhs\NHS418.png,0,0.01612675189971924
./iccad-official\iccad1\test\test_nhs\NHS419.png,0,0.01612675189971924
./iccad-official\iccad1\test\test_nhs\NHS42.png1.png,0,0.1437833309173584
./iccad-official\iccad1\test\test_nhs\NHS42.png2.png,0,0.2225741744041443
./iccad-official\iccad1\test\test_nhs\NHS42.png3.png,0,0.22072076797485352
./iccad-official\iccad1\test\test_nhs\NHS42.png4.png,0,0.31760597229003906
./iccad-official\iccad1\test\test_nhs\NHS42.png6.png,0,0.39579737186431885
./iccad-official\iccad1\test\test_nhs\NHS42.png7.png,0,0.13834762573242188
./iccad-official\iccad1\test\test_nhs\NHS42.png8.png,0,0.10874783992767334
./iccad-official\iccad1\test\test_nhs\NHS42.png9.png,0,0.10874783992767334
./iccad-official\iccad1\test\test_nhs\NHS420.png,0,0.034453630447387695
./iccad-official\iccad1\test\test_nhs\NHS421.png,0,0.018378138542175293
./iccad-official\iccad1\test\test_nhs\NHS422.png,0,0.008535325527191162
./iccad-official\iccad1\test\test_nhs\NHS423.png,0,0.033259451389312744
./iccad-official\iccad1\test\test_nhs\NHS424.png,0,0.01612675189971924
./iccad-official\iccad1\test\test_nhs\NHS425.png,0,0.02307373285293579
./iccad-official\iccad1\test\test_nhs\NHS426.png,0,0.007237732410430908
./iccad-official\iccad1\test\test_nhs\NHS427.png,0,0.0023764371871948242
./iccad-official\iccad1\test\test_nhs\NHS428.png,0,0.02188706398010254
./iccad-official\iccad1\test\test_nhs\NHS429.png,0,0.016489803791046143
./iccad-official\iccad1\test\test_nhs\NHS43.png1.png,0,0.07846289873123169
./iccad-official\iccad1\test\test_nhs\NHS43.png2.png,0,0.07846289873123169
./iccad-official\iccad1\test\test_nhs\NHS43.png3.png,0,0.07846289873123169
./iccad-official\iccad1\test\test_nhs\NHS43.png4.png,0,0.12472224235534668
./iccad-official\iccad1\test\test_nhs\NHS43.png6.png,0,0.08367711305618286
./iccad-official\iccad1\test\test_nhs\NHS43.png7.png,0,0.03177511692047119
./iccad-official\iccad1\test\test_nhs\NHS43.png8.png,0,0.03177511692047119
./iccad-official\iccad1\test\test_nhs\NHS43.png9.png,0,0.03177511692047119
./iccad-official\iccad1\test\test_nhs\NHS430.png,0,0.014700114727020264
./iccad-official\iccad1\test\test_nhs\NHS431.png,0,0.014760076999664307
./iccad-official\iccad1\test\test_nhs\NHS432.png,0,0.0032266974449157715
./iccad-official\iccad1\test\test_nhs\NHS433.png,0,0.01612675189971924
./iccad-official\iccad1\test\test_nhs\NHS434.png,0,0.01612675189971924
./iccad-official\iccad1\test\test_nhs\NHS435.png,0,0.006436586380004883
./iccad-official\iccad1\test\test_nhs\NHS436.png,0,0.002359628677368164
./iccad-official\iccad1\test\test_nhs\NHS437.png,0,0.026703238487243652
./iccad-official\iccad1\test\test_nhs\NHS438.png,0,0.02325260639190674
./iccad-official\iccad1\test\test_nhs\NHS439.png,0,0.02480870485305786
./iccad-official\iccad1\test\test_nhs\NHS44.png1.png,0,0.05861830711364746
./iccad-official\iccad1\test\test_nhs\NHS44.png2.png,0,0.05861830711364746
./iccad-official\iccad1\test\test_nhs\NHS44.png3.png,0,0.05861830711364746
./iccad-official\iccad1\test\test_nhs\NHS44.png4.png,0,0.31149977445602417
./iccad-official\iccad1\test\test_nhs\NHS44.png6.png,0,0.08217859268188477
./iccad-official\iccad1\test\test_nhs\NHS44.png7.png,0,0.3011217713356018
./iccad-official\iccad1\test\test_nhs\NHS44.png8.png,0,0.3934133052825928
./iccad-official\iccad1\test\test_nhs\NHS44.png9.png,0,0.37136173248291016
./iccad-official\iccad1\test\test_nhs\NHS440.png,0,0.02480870485305786
./iccad-official\iccad1\test\test_nhs\NHS441.png,0,0.012243032455444336
./iccad-official\iccad1\test\test_nhs\NHS442.png,0,0.01612675189971924
./iccad-official\iccad1\test\test_nhs\NHS443.png,0,0.016923606395721436
./iccad-official\iccad1\test\test_nhs\NHS444.png,0,0.006195366382598877
./iccad-official\iccad1\test\test_nhs\NHS445.png,0,0.0020908117294311523
./iccad-official\iccad1\test\test_nhs\NHS446.png,0,0.033592045307159424
./iccad-official\iccad1\test\test_nhs\NHS447.png,0,0.00643765926361084
./iccad-official\iccad1\test\test_nhs\NHS448.png,0,0.02307373285293579
./iccad-official\iccad1\test\test_nhs\NHS449.png,0,0.00788050889968872
./iccad-official\iccad1\test\test_nhs\NHS45.png1.png,0,0.34673649072647095
./iccad-official\iccad1\test\test_nhs\NHS45.png2.png,0,0.4137890338897705
./iccad-official\iccad1\test\test_nhs\NHS45.png3.png,0,0.01383209228515625
./iccad-official\iccad1\test\test_nhs\NHS45.png4.png,0,0.04836159944534302
./iccad-official\iccad1\test\test_nhs\NHS45.png6.png,0,0.01383209228515625
./iccad-official\iccad1\test\test_nhs\NHS45.png7.png,0,0.07605540752410889
./iccad-official\iccad1\test\test_nhs\NHS45.png8.png,0,0.03430444002151489
./iccad-official\iccad1\test\test_nhs\NHS45.png9.png,0,0.01383209228515625
./iccad-official\iccad1\test\test_nhs\NHS450.png,0,0.004547297954559326
./iccad-official\iccad1\test\test_nhs\NHS451.png,0,0.0031896233558654785
./iccad-official\iccad1\test\test_nhs\NHS452.png,0,0.007968664169311523
./iccad-official\iccad1\test\test_nhs\NHS453.png,0,0.0011047124862670898
./iccad-official\iccad1\test\test_nhs\NHS454.png,0,0.002300262451171875
./iccad-official\iccad1\test\test_nhs\NHS455.png,0,0.01612675189971924
./iccad-official\iccad1\test\test_nhs\NHS456.png,0,0.02307373285293579
./iccad-official\iccad1\test\test_nhs\NHS457.png,0,0.004391014575958252
./iccad-official\iccad1\test\test_nhs\NHS458.png,0,0.033592045307159424
./iccad-official\iccad1\test\test_nhs\NHS459.png,0,0.007159292697906494
./iccad-official\iccad1\test\test_nhs\NHS46.png1.png,0,0.07031005620956421
./iccad-official\iccad1\test\test_nhs\NHS46.png2.png,0,0.07467132806777954
./iccad-official\iccad1\test\test_nhs\NHS46.png3.png,0,0.010490357875823975
./iccad-official\iccad1\test\test_nhs\NHS46.png4.png,0,0.7343127131462097
./iccad-official\iccad1\test\test_nhs\NHS46.png6.png,0,0.5898243486881256
./iccad-official\iccad1\test\test_nhs\NHS46.png7.png,0,0.1513587236404419
./iccad-official\iccad1\test\test_nhs\NHS46.png8.png,0,0.09591341018676758
./iccad-official\iccad1\test\test_nhs\NHS46.png9.png,0,0.06675517559051514
./iccad-official\iccad1\test\test_nhs\NHS460.png,0,0.02307373285293579
./iccad-official\iccad1\test\test_nhs\NHS461.png,0,0.007237732410430908
./iccad-official\iccad1\test\test_nhs\NHS462.png,0,0.04576706886291504
./iccad-official\iccad1\test\test_nhs\NHS463.png,0,0.01612675189971924
./iccad-official\iccad1\test\test_nhs\NHS464.png,0,0.023840367794036865
./iccad-official\iccad1\test\test_nhs\NHS465.png,0,0.0013689994812011719
./iccad-official\iccad1\test\test_nhs\NHS466.png,0,0.011260688304901123
./iccad-official\iccad1\test\test_nhs\NHS467.png,0,0.009065508842468262
./iccad-official\iccad1\test\test_nhs\NHS468.png,0,0.016439318656921387
./iccad-official\iccad1\test\test_nhs\NHS469.png,0,0.003988981246948242
./iccad-official\iccad1\test\test_nhs\NHS47.png1.png,0,0.0035732388496398926
./iccad-official\iccad1\test\test_nhs\NHS47.png2.png,0,0.0026067495346069336
./iccad-official\iccad1\test\test_nhs\NHS47.png3.png,0,0.0035732388496398926
./iccad-official\iccad1\test\test_nhs\NHS47.png4.png,0,0.5884705483913422
./iccad-official\iccad1\test\test_nhs\NHS47.png6.png,0,0.5884705483913422
./iccad-official\iccad1\test\test_nhs\NHS47.png7.png,0,0.02332669496536255
./iccad-official\iccad1\test\test_nhs\NHS47.png8.png,0,0.022483408451080322
./iccad-official\iccad1\test\test_nhs\NHS47.png9.png,0,0.02332669496536255
./iccad-official\iccad1\test\test_nhs\NHS470.png,0,0.007445573806762695
./iccad-official\iccad1\test\test_nhs\NHS471.png,0,0.01612675189971924
./iccad-official\iccad1\test\test_nhs\NHS472.png,0,0.007445573806762695
./iccad-official\iccad1\test\test_nhs\NHS473.png,0,0.0032266974449157715
./iccad-official\iccad1\test\test_nhs\NHS474.png,0,0.008075714111328125
./iccad-official\iccad1\test\test_nhs\NHS475.png,0,0.0014641880989074707
./iccad-official\iccad1\test\test_nhs\NHS476.png,0,0.003592550754547119
./iccad-official\iccad1\test\test_nhs\NHS477.png,0,0.021890759468078613
./iccad-official\iccad1\test\test_nhs\NHS478.png,0,0.00788050889968872
./iccad-official\iccad1\test\test_nhs\NHS479.png,0,0.015955328941345215
./iccad-official\iccad1\test\test_nhs\NHS48.png1.png,0,0.016113877296447754
./iccad-official\iccad1\test\test_nhs\NHS48.png2.png,0,0.013656198978424072
./iccad-official\iccad1\test\test_nhs\NHS48.png3.png,0,0.01618713140487671
./iccad-official\iccad1\test\test_nhs\NHS48.png4.png,0,0.14280849695205688
./iccad-official\iccad1\test\test_nhs\NHS48.png6.png,0,0.19514566659927368
./iccad-official\iccad1\test\test_nhs\NHS48.png7.png,0,0.18153834342956543
./iccad-official\iccad1\test\test_nhs\NHS48.png8.png,0,0.2251737117767334
./iccad-official\iccad1\test\test_nhs\NHS48.png9.png,0,0.10413134098052979
./iccad-official\iccad1\test\test_nhs\NHS480.png,0,0.03488004207611084
./iccad-official\iccad1\test\test_nhs\NHS481.png,0,0.01612675189971924
./iccad-official\iccad1\test\test_nhs\NHS482.png,0,0.040434837341308594
./iccad-official\iccad1\test\test_nhs\NHS483.png,0,0.012703537940979004
./iccad-official\iccad1\test\test_nhs\NHS484.png,0,0.013063013553619385
./iccad-official\iccad1\test\test_nhs\NHS485.png,0,0.01919269561767578
./iccad-official\iccad1\test\test_nhs\NHS486.png,0,0.006207644939422607
./iccad-official\iccad1\test\test_nhs\NHS487.png,0,0.01966947317123413
./iccad-official\iccad1\test\test_nhs\NHS488.png,0,0.011260688304901123
./iccad-official\iccad1\test\test_nhs\NHS489.png,0,0.02160876989364624
./iccad-official\iccad1\test\test_nhs\NHS49.png1.png,0,0.3989103436470032
./iccad-official\iccad1\test\test_nhs\NHS49.png2.png,0,0.3404592275619507
./iccad-official\iccad1\test\test_nhs\NHS49.png3.png,0,0.5140602290630341
./iccad-official\iccad1\test\test_nhs\NHS49.png4.png,0,0.35360705852508545
./iccad-official\iccad1\test\test_nhs\NHS49.png6.png,0,0.273434042930603
./iccad-official\iccad1\test\test_nhs\NHS49.png7.png,0,0.019550681114196777
./iccad-official\iccad1\test\test_nhs\NHS49.png8.png,0,0.029341161251068115
./iccad-official\iccad1\test\test_nhs\NHS49.png9.png,0,0.029341161251068115
./iccad-official\iccad1\test\test_nhs\NHS490.png,0,0.008710145950317383
./iccad-official\iccad1\test\test_nhs\NHS491.png,0,0.008083939552307129
./iccad-official\iccad1\test\test_nhs\NHS492.png,0,0.019098222255706787
./iccad-official\iccad1\test\test_nhs\NHS493.png,0,0.02480870485305786
./iccad-official\iccad1\test\test_nhs\NHS494.png,0,0.00788050889968872
./iccad-official\iccad1\test\test_nhs\NHS495.png,0,0.021858632564544678
./iccad-official\iccad1\test\test_nhs\NHS496.png,0,0.0025665760040283203
./iccad-official\iccad1\test\test_nhs\NHS497.png,0,0.006525695323944092
./iccad-official\iccad1\test\test_nhs\NHS498.png,0,0.01612675189971924
./iccad-official\iccad1\test\test_nhs\NHS499.png,0,0.02307373285293579
./iccad-official\iccad1\test\test_nhs\NHS5.png1.png,0,0.09447836875915527
./iccad-official\iccad1\test\test_nhs\NHS5.png2.png,0,0.07168722152709961
./iccad-official\iccad1\test\test_nhs\NHS5.png3.png,0,0.06880497932434082
./iccad-official\iccad1\test\test_nhs\NHS5.png4.png,0,0.04480087757110596
./iccad-official\iccad1\test\test_nhs\NHS5.png6.png,0,0.0320965051651001
./iccad-official\iccad1\test\test_nhs\NHS5.png7.png,0,0.197701096534729
./iccad-official\iccad1\test\test_nhs\NHS5.png8.png,0,0.197701096534729
./iccad-official\iccad1\test\test_nhs\NHS5.png9.png,0,0.197701096534729
./iccad-official\iccad1\test\test_nhs\NHS50.png1.png,0,0.010490357875823975
./iccad-official\iccad1\test\test_nhs\NHS50.png2.png,0,0.015581011772155762
./iccad-official\iccad1\test\test_nhs\NHS50.png3.png,0,0.013720810413360596
./iccad-official\iccad1\test\test_nhs\NHS50.png4.png,0,0.197701096534729
./iccad-official\iccad1\test\test_nhs\NHS50.png6.png,0,0.03744840621948242
./iccad-official\iccad1\test\test_nhs\NHS50.png7.png,0,0.09225624799728394
./iccad-official\iccad1\test\test_nhs\NHS50.png8.png,0,0.21286356449127197
./iccad-official\iccad1\test\test_nhs\NHS50.png9.png,0,0.21286356449127197
./iccad-official\iccad1\test\test_nhs\NHS500.png,0,0.01612675189971924
./iccad-official\iccad1\test\test_nhs\NHS501.png,0,0.0028076171875
./iccad-official\iccad1\test\test_nhs\NHS502.png,0,0.05408167839050293
./iccad-official\iccad1\test\test_nhs\NHS503.png,0,0.01612675189971924
./iccad-official\iccad1\test\test_nhs\NHS504.png,0,0.006641566753387451
./iccad-official\iccad1\test\test_nhs\NHS505.png,0,0.015824198722839355
./iccad-official\iccad1\test\test_nhs\NHS506.png,0,0.014760076999664307
./iccad-official\iccad1\test\test_nhs\NHS507.png,0,0.01612675189971924
./iccad-official\iccad1\test\test_nhs\NHS508.png,0,0.009118258953094482
./iccad-official\iccad1\test\test_nhs\NHS509.png,0,0.033259451389312744
./iccad-official\iccad1\test\test_nhs\NHS51.png1.png,0,0.0034644603729248047
./iccad-official\iccad1\test\test_nhs\NHS51.png2.png,0,0.0035732388496398926
./iccad-official\iccad1\test\test_nhs\NHS51.png3.png,0,0.0035732388496398926
./iccad-official\iccad1\test\test_nhs\NHS51.png4.png,0,0.5301412642002106
./iccad-official\iccad1\test\test_nhs\NHS51.png6.png,0,0.2066720724105835
./iccad-official\iccad1\test\test_nhs\NHS51.png7.png,0,0.02332669496536255
./iccad-official\iccad1\test\test_nhs\NHS51.png8.png,0,0.02332669496536255
./iccad-official\iccad1\test\test_nhs\NHS51.png9.png,0,0.02332669496536255
./iccad-official\iccad1\test\test_nhs\NHS510.png,0,0.009771287441253662
./iccad-official\iccad1\test\test_nhs\NHS511.png,0,0.0242159366607666
./iccad-official\iccad1\test\test_nhs\NHS512.png,0,0.032052457332611084
./iccad-official\iccad1\test\test_nhs\NHS513.png,0,0.01612675189971924
./iccad-official\iccad1\test\test_nhs\NHS514.png,0,0.00788050889968872
./iccad-official\iccad1\test\test_nhs\NHS515.png,0,0.002300262451171875
./iccad-official\iccad1\test\test_nhs\NHS516.png,0,0.05408167839050293
./iccad-official\iccad1\test\test_nhs\NHS517.png,0,0.0176507830619812
./iccad-official\iccad1\test\test_nhs\NHS518.png,0,0.01612675189971924
./iccad-official\iccad1\test\test_nhs\NHS519.png,0,0.007237732410430908
./iccad-official\iccad1\test\test_nhs\NHS52.png1.png,0,0.0035732388496398926
./iccad-official\iccad1\test\test_nhs\NHS52.png2.png,0,0.0035732388496398926
./iccad-official\iccad1\test\test_nhs\NHS52.png3.png,0,0.0035732388496398926
./iccad-official\iccad1\test\test_nhs\NHS52.png4.png,0,0.15187561511993408
./iccad-official\iccad1\test\test_nhs\NHS52.png6.png,0,0.28898072242736816
./iccad-official\iccad1\test\test_nhs\NHS52.png7.png,0,0.0790557861328125
./iccad-official\iccad1\test\test_nhs\NHS52.png8.png,0,0.01997429132461548
./iccad-official\iccad1\test\test_nhs\NHS52.png9.png,0,0.02332669496536255
./iccad-official\iccad1\test\test_nhs\NHS520.png,0,0.003328979015350342
./iccad-official\iccad1\test\test_nhs\NHS521.png,0,0.01612675189971924
./iccad-official\iccad1\test\test_nhs\NHS522.png,0,0.0032266974449157715
./iccad-official\iccad1\test\test_nhs\NHS523.png,0,0.004652976989746094
./iccad-official\iccad1\test\test_nhs\NHS524.png,0,0.027478158473968506
./iccad-official\iccad1\test\test_nhs\NHS525.png,0,0.023840367794036865
./iccad-official\iccad1\test\test_nhs\NHS526.png,0,0.00788050889968872
./iccad-official\iccad1\test\test_nhs\NHS527.png,0,0.004547297954559326
./iccad-official\iccad1\test\test_nhs\NHS528.png,0,0.023840367794036865
./iccad-official\iccad1\test\test_nhs\NHS529.png,0,0.032435595989227295
./iccad-official\iccad1\test\test_nhs\NHS53.png1.png,0,0.06880497932434082
./iccad-official\iccad1\test\test_nhs\NHS53.png2.png,0,0.06969332695007324
./iccad-official\iccad1\test\test_nhs\NHS53.png3.png,0,0.06927484273910522
./iccad-official\iccad1\test\test_nhs\NHS53.png4.png,0,0.06456482410430908
./iccad-official\iccad1\test\test_nhs\NHS53.png6.png,0,0.01730978488922119
./iccad-official\iccad1\test\test_nhs\NHS53.png7.png,0,0.04725193977355957
./iccad-official\iccad1\test\test_nhs\NHS53.png8.png,0,0.04725193977355957
./iccad-official\iccad1\test\test_nhs\NHS53.png9.png,0,0.044307172298431396
./iccad-official\iccad1\test\test_nhs\NHS530.png,0,0.005115687847137451
./iccad-official\iccad1\test\test_nhs\NHS531.png,0,0.005581259727478027
./iccad-official\iccad1\test\test_nhs\NHS532.png,0,0.023840367794036865
./iccad-official\iccad1\test\test_nhs\NHS533.png,0,0.033592045307159424
./iccad-official\iccad1\test\test_nhs\NHS534.png,0,0.01612675189971924
./iccad-official\iccad1\test\test_nhs\NHS535.png,0,0.002469658851623535
./iccad-official\iccad1\test\test_nhs\NHS536.png,0,0.01178067922592163
./iccad-official\iccad1\test\test_nhs\NHS537.png,0,0.013517916202545166
./iccad-official\iccad1\test\test_nhs\NHS538.png,0,0.007079482078552246
./iccad-official\iccad1\test\test_nhs\NHS539.png,0,0.01612675189971924
./iccad-official\iccad1\test\test_nhs\NHS54.png1.png,0,0.0658261775970459
./iccad-official\iccad1\test\test_nhs\NHS54.png2.png,0,0.0658261775970459
./iccad-official\iccad1\test\test_nhs\NHS54.png3.png,0,0.0658261775970459
./iccad-official\iccad1\test\test_nhs\NHS54.png4.png,0,0.6537902653217316
./iccad-official\iccad1\test\test_nhs\NHS54.png6.png,0,0.6537902653217316
./iccad-official\iccad1\test\test_nhs\NHS54.png7.png,0,0.21862947940826416
./iccad-official\iccad1\test\test_nhs\NHS54.png8.png,0,0.2266930341720581
./iccad-official\iccad1\test\test_nhs\NHS54.png9.png,0,0.15187853574752808
./iccad-official\iccad1\test\test_nhs\NHS540.png,0,0.01612675189971924
./iccad-official\iccad1\test\test_nhs\NHS541.png,0,0.01612675189971924
./iccad-official\iccad1\test\test_nhs\NHS542.png,0,0.01612675189971924
./iccad-official\iccad1\test\test_nhs\NHS543.png,0,0.01374727487564087
./iccad-official\iccad1\test\test_nhs\NHS544.png,0,0.01612675189971924
./iccad-official\iccad1\test\test_nhs\NHS55.png1.png,0,0.1678370237350464
./iccad-official\iccad1\test\test_nhs\NHS55.png2.png,0,0.14071357250213623
./iccad-official\iccad1\test\test_nhs\NHS55.png3.png,0,0.28340816497802734
./iccad-official\iccad1\test\test_nhs\NHS55.png4.png,0,0.6979756355285645
./iccad-official\iccad1\test\test_nhs\NHS55.png6.png,0,0.5856005251407623
./iccad-official\iccad1\test\test_nhs\NHS55.png7.png,0,0.03354150056838989
./iccad-official\iccad1\test\test_nhs\NHS55.png8.png,0,0.022182226181030273
./iccad-official\iccad1\test\test_nhs\NHS55.png9.png,0,0.029341161251068115
./iccad-official\iccad1\test\test_nhs\NHS56.png1.png,0,0.010490357875823975
./iccad-official\iccad1\test\test_nhs\NHS56.png2.png,0,0.010490357875823975
./iccad-official\iccad1\test\test_nhs\NHS56.png3.png,0,0.3001331090927124
./iccad-official\iccad1\test\test_nhs\NHS56.png4.png,0,0.2993640899658203
./iccad-official\iccad1\test\test_nhs\NHS56.png6.png,0,0.04725193977355957
./iccad-official\iccad1\test\test_nhs\NHS56.png7.png,0,0.06880497932434082
./iccad-official\iccad1\test\test_nhs\NHS56.png8.png,0,0.10251480340957642
./iccad-official\iccad1\test\test_nhs\NHS56.png9.png,0,0.06880497932434082
./iccad-official\iccad1\test\test_nhs\NHS57.png1.png,0,0.14623987674713135
./iccad-official\iccad1\test\test_nhs\NHS57.png2.png,0,0.14623987674713135
./iccad-official\iccad1\test\test_nhs\NHS57.png3.png,0,0.14623993635177612
./iccad-official\iccad1\test\test_nhs\NHS57.png4.png,0,0.2481902837753296
./iccad-official\iccad1\test\test_nhs\NHS57.png6.png,0,0.3467097282409668
./iccad-official\iccad1\test\test_nhs\NHS57.png7.png,0,0.05617260932922363
./iccad-official\iccad1\test\test_nhs\NHS57.png8.png,0,0.052770376205444336
./iccad-official\iccad1\test\test_nhs\NHS57.png9.png,0,0.05593138933181763
./iccad-official\iccad1\test\test_nhs\NHS58.png1.png,0,0.02667248249053955
./iccad-official\iccad1\test\test_nhs\NHS58.png2.png,0,0.02667248249053955
./iccad-official\iccad1\test\test_nhs\NHS58.png3.png,0,0.02667248249053955
./iccad-official\iccad1\test\test_nhs\NHS58.png4.png,0,0.3384671211242676
./iccad-official\iccad1\test\test_nhs\NHS58.png6.png,0,0.8153452724218369
./iccad-official\iccad1\test\test_nhs\NHS58.png7.png,0,0.162645161151886
./iccad-official\iccad1\test\test_nhs\NHS58.png8.png,0,0.4422776699066162
./iccad-official\iccad1\test\test_nhs\NHS58.png9.png,0,0.706427127122879
./iccad-official\iccad1\test\test_nhs\NHS59.png1.png,0,0.2483089566230774
./iccad-official\iccad1\test\test_nhs\NHS59.png2.png,0,0.14275622367858887
./iccad-official\iccad1\test\test_nhs\NHS59.png3.png,0,0.06880497932434082
./iccad-official\iccad1\test\test_nhs\NHS59.png4.png,0,0.4058484435081482
./iccad-official\iccad1\test\test_nhs\NHS59.png6.png,0,0.04452192783355713
./iccad-official\iccad1\test\test_nhs\NHS59.png7.png,0,0.1233949065208435
./iccad-official\iccad1\test\test_nhs\NHS59.png8.png,0,0.1233949065208435
./iccad-official\iccad1\test\test_nhs\NHS59.png9.png,0,0.1233949065208435
./iccad-official\iccad1\test\test_nhs\NHS6.png1.png,0,0.07400619983673096
./iccad-official\iccad1\test\test_nhs\NHS6.png2.png,0,0.010490357875823975
./iccad-official\iccad1\test\test_nhs\NHS6.png3.png,0,0.010490357875823975
./iccad-official\iccad1\test\test_nhs\NHS6.png4.png,0,0.07132065296173096
./iccad-official\iccad1\test\test_nhs\NHS6.png6.png,0,0.3894333243370056
./iccad-official\iccad1\test\test_nhs\NHS6.png7.png,0,0.3353738784790039
./iccad-official\iccad1\test\test_nhs\NHS6.png8.png,0,0.18959349393844604
./iccad-official\iccad1\test\test_nhs\NHS6.png9.png,0,0.18959349393844604
./iccad-official\iccad1\test\test_nhs\NHS60.png1.png,0,0.2229819893836975
./iccad-official\iccad1\test\test_nhs\NHS60.png2.png,0,0.18959349393844604
./iccad-official\iccad1\test\test_nhs\NHS60.png3.png,0,0.18959343433380127
./iccad-official\iccad1\test\test_nhs\NHS60.png4.png,0,0.04358696937561035
./iccad-official\iccad1\test\test_nhs\NHS60.png6.png,0,0.13286858797073364
./iccad-official\iccad1\test\test_nhs\NHS60.png7.png,0,0.14520251750946045
./iccad-official\iccad1\test\test_nhs\NHS60.png8.png,0,0.14520251750946045
./iccad-official\iccad1\test\test_nhs\NHS60.png9.png,0,0.14520251750946045
./iccad-official\iccad1\test\test_nhs\NHS61.png1.png,0,0.11740052700042725
./iccad-official\iccad1\test\test_nhs\NHS61.png2.png,0,0.11740052700042725
./iccad-official\iccad1\test\test_nhs\NHS61.png3.png,0,0.11740052700042725
./iccad-official\iccad1\test\test_nhs\NHS61.png4.png,0,0.024919509887695312
./iccad-official\iccad1\test\test_nhs\NHS61.png6.png,0,0.5461446046829224
./iccad-official\iccad1\test\test_nhs\NHS61.png7.png,0,0.16069287061691284
./iccad-official\iccad1\test\test_nhs\NHS61.png8.png,0,0.16069281101226807
./iccad-official\iccad1\test\test_nhs\NHS61.png9.png,0,0.16069281101226807
./iccad-official\iccad1\test\test_nhs\NHS62.png1.png,0,0.3058840036392212
./iccad-official\iccad1\test\test_nhs\NHS62.png2.png,0,0.20905208587646484
./iccad-official\iccad1\test\test_nhs\NHS62.png3.png,0,0.20905208587646484
./iccad-official\iccad1\test\test_nhs\NHS62.png4.png,0,0.402987003326416
./iccad-official\iccad1\test\test_nhs\NHS62.png6.png,0,0.8153453469276428
./iccad-official\iccad1\test\test_nhs\NHS62.png7.png,0,0.09897011518478394
./iccad-official\iccad1\test\test_nhs\NHS62.png8.png,0,0.03399115800857544
./iccad-official\iccad1\test\test_nhs\NHS62.png9.png,0,0.07537883520126343
./iccad-official\iccad1\test\test_nhs\NHS63.png1.png,0,0.110667884349823
./iccad-official\iccad1\test\test_nhs\NHS63.png2.png,0,0.09824436902999878
./iccad-official\iccad1\test\test_nhs\NHS63.png3.png,0,0.1273646354675293
./iccad-official\iccad1\test\test_nhs\NHS63.png4.png,0,0.7823403775691986
./iccad-official\iccad1\test\test_nhs\NHS63.png6.png,0,0.44251692295074463
./iccad-official\iccad1\test\test_nhs\NHS63.png7.png,0,0.019913077354431152
./iccad-official\iccad1\test\test_nhs\NHS63.png8.png,0,0.057448387145996094
./iccad-official\iccad1\test\test_nhs\NHS63.png9.png,0,0.24785947799682617
./iccad-official\iccad1\test\test_nhs\NHS64.png1.png,0,0.31997716426849365
./iccad-official\iccad1\test\test_nhs\NHS64.png2.png,0,0.345034658908844
./iccad-official\iccad1\test\test_nhs\NHS64.png3.png,0,0.14071357250213623
./iccad-official\iccad1\test\test_nhs\NHS64.png4.png,0,0.2915229797363281
./iccad-official\iccad1\test\test_nhs\NHS64.png6.png,0,0.717642068862915
./iccad-official\iccad1\test\test_nhs\NHS64.png7.png,0,0.1443256139755249
./iccad-official\iccad1\test\test_nhs\NHS64.png8.png,0,0.18427860736846924
./iccad-official\iccad1\test\test_nhs\NHS64.png9.png,0,0.07726287841796875
./iccad-official\iccad1\test\test_nhs\NHS65.png1.png,0,0.010490357875823975
./iccad-official\iccad1\test\test_nhs\NHS65.png2.png,0,0.010490357875823975
./iccad-official\iccad1\test\test_nhs\NHS65.png3.png,0,0.010490357875823975
./iccad-official\iccad1\test\test_nhs\NHS65.png4.png,0,0.2550123929977417
./iccad-official\iccad1\test\test_nhs\NHS65.png6.png,0,0.1990988850593567
./iccad-official\iccad1\test\test_nhs\NHS65.png7.png,0,0.2385845184326172
./iccad-official\iccad1\test\test_nhs\NHS65.png8.png,0,0.2846974730491638
./iccad-official\iccad1\test\test_nhs\NHS65.png9.png,0,0.7136238813400269
./iccad-official\iccad1\test\test_nhs\NHS66.png1.png,0,0.04106086492538452
./iccad-official\iccad1\test\test_nhs\NHS66.png2.png,0,0.04106086492538452
./iccad-official\iccad1\test\test_nhs\NHS66.png3.png,0,0.04106086492538452
./iccad-official\iccad1\test\test_nhs\NHS66.png4.png,0,0.6574479639530182
./iccad-official\iccad1\test\test_nhs\NHS66.png6.png,0,0.6968629360198975
./iccad-official\iccad1\test\test_nhs\NHS66.png7.png,0,0.014551341533660889
./iccad-official\iccad1\test\test_nhs\NHS66.png8.png,0,0.014551341533660889
./iccad-official\iccad1\test\test_nhs\NHS66.png9.png,0,0.014551341533660889
./iccad-official\iccad1\test\test_nhs\NHS67.png1.png,0,0.16942745447158813
./iccad-official\iccad1\test\test_nhs\NHS67.png2.png,0,0.026593804359436035
./iccad-official\iccad1\test\test_nhs\NHS67.png3.png,0,0.04452192783355713
./iccad-official\iccad1\test\test_nhs\NHS67.png4.png,0,0.5781826376914978
./iccad-official\iccad1\test\test_nhs\NHS67.png6.png,0,0.04725193977355957
./iccad-official\iccad1\test\test_nhs\NHS67.png7.png,0,0.03138965368270874
./iccad-official\iccad1\test\test_nhs\NHS67.png8.png,0,0.03138965368270874
./iccad-official\iccad1\test\test_nhs\NHS67.png9.png,0,0.03138965368270874
./iccad-official\iccad1\test\test_nhs\NHS68.png1.png,0,0.08924782276153564
./iccad-official\iccad1\test\test_nhs\NHS68.png2.png,0,0.09063923358917236
./iccad-official\iccad1\test\test_nhs\NHS68.png3.png,0,0.21878266334533691
./iccad-official\iccad1\test\test_nhs\NHS68.png4.png,0,0.07131415605545044
./iccad-official\iccad1\test\test_nhs\NHS68.png6.png,0,0.10621380805969238
./iccad-official\iccad1\test\test_nhs\NHS68.png7.png,0,0.16616487503051758
./iccad-official\iccad1\test\test_nhs\NHS68.png8.png,0,0.4540107250213623
./iccad-official\iccad1\test\test_nhs\NHS68.png9.png,0,0.2406015396118164
./iccad-official\iccad1\test\test_nhs\NHS69.png1.png,0,0.06880497932434082
./iccad-official\iccad1\test\test_nhs\NHS69.png2.png,0,0.06880497932434082
./iccad-official\iccad1\test\test_nhs\NHS69.png3.png,0,0.06880497932434082
./iccad-official\iccad1\test\test_nhs\NHS69.png4.png,0,0.04359328746795654
./iccad-official\iccad1\test\test_nhs\NHS69.png6.png,0,0.010490357875823975
./iccad-official\iccad1\test\test_nhs\NHS69.png7.png,0,0.08199584484100342
./iccad-official\iccad1\test\test_nhs\NHS69.png8.png,0,0.04311180114746094
./iccad-official\iccad1\test\test_nhs\NHS69.png9.png,0,0.0250852108001709
./iccad-official\iccad1\test\test_nhs\NHS7.png1.png,0,0.11456722021102905
./iccad-official\iccad1\test\test_nhs\NHS7.png2.png,0,0.3222394585609436
./iccad-official\iccad1\test\test_nhs\NHS7.png3.png,0,0.013938188552856445
./iccad-official\iccad1\test\test_nhs\NHS7.png4.png,0,0.03388327360153198
./iccad-official\iccad1\test\test_nhs\NHS7.png6.png,0,0.19514566659927368
./iccad-official\iccad1\test\test_nhs\NHS7.png7.png,0,0.2430291771888733
./iccad-official\iccad1\test\test_nhs\NHS7.png8.png,0,0.26847994327545166
./iccad-official\iccad1\test\test_nhs\NHS7.png9.png,0,0.08465170860290527
./iccad-official\iccad1\test\test_nhs\NHS70.png1.png,0,0.1451340913772583
./iccad-official\iccad1\test\test_nhs\NHS70.png2.png,0,0.1451340913772583
./iccad-official\iccad1\test\test_nhs\NHS70.png3.png,0,0.1451340913772583
./iccad-official\iccad1\test\test_nhs\NHS70.png4.png,0,0.2809525728225708
./iccad-official\iccad1\test\test_nhs\NHS70.png6.png,0,0.38784098625183105
./iccad-official\iccad1\test\test_nhs\NHS70.png7.png,0,0.1947697401046753
./iccad-official\iccad1\test\test_nhs\NHS70.png8.png,0,0.12246048450469971
./iccad-official\iccad1\test\test_nhs\NHS70.png9.png,0,0.10874783992767334
./iccad-official\iccad1\test\test_nhs\NHS71.png1.png,0,0.6502817571163177
./iccad-official\iccad1\test\test_nhs\NHS71.png2.png,0,0.6502817571163177
./iccad-official\iccad1\test\test_nhs\NHS71.png3.png,0,0.6502817571163177
./iccad-official\iccad1\test\test_nhs\NHS71.png4.png,0,0.024622023105621338
./iccad-official\iccad1\test\test_nhs\NHS71.png6.png,0,0.12120610475540161
./iccad-official\iccad1\test\test_nhs\NHS71.png7.png,0,0.04725193977355957
./iccad-official\iccad1\test\test_nhs\NHS71.png8.png,0,0.04725193977355957
./iccad-official\iccad1\test\test_nhs\NHS71.png9.png,0,0.04725193977355957
./iccad-official\iccad1\test\test_nhs\NHS72.png1.png,0,0.020901620388031006
./iccad-official\iccad1\test\test_nhs\NHS72.png2.png,0,0.03283226490020752
./iccad-official\iccad1\test\test_nhs\NHS72.png3.png,0,0.01417607069015503
./iccad-official\iccad1\test\test_nhs\NHS72.png4.png,0,0.132307231426239
./iccad-official\iccad1\test\test_nhs\NHS72.png6.png,0,0.44128739833831787
./iccad-official\iccad1\test\test_nhs\NHS72.png7.png,0,0.16365593671798706
./iccad-official\iccad1\test\test_nhs\NHS72.png8.png,0,0.10825669765472412
./iccad-official\iccad1\test\test_nhs\NHS72.png9.png,0,0.10444647073745728
./iccad-official\iccad1\test\test_nhs\NHS73.png1.png,0,0.18959349393844604
./iccad-official\iccad1\test\test_nhs\NHS73.png2.png,0,0.18959349393844604
./iccad-official\iccad1\test\test_nhs\NHS73.png3.png,0,0.10786551237106323
./iccad-official\iccad1\test\test_nhs\NHS73.png4.png,0,0.05355185270309448
./iccad-official\iccad1\test\test_nhs\NHS73.png6.png,0,0.06836354732513428
./iccad-official\iccad1\test\test_nhs\NHS73.png7.png,0,0.14520251750946045
./iccad-official\iccad1\test\test_nhs\NHS73.png8.png,0,0.17978858947753906
./iccad-official\iccad1\test\test_nhs\NHS73.png9.png,0,0.05191546678543091
./iccad-official\iccad1\test\test_nhs\NHS74.png1.png,0,0.004572927951812744
./iccad-official\iccad1\test\test_nhs\NHS74.png2.png,0,0.004572927951812744
./iccad-official\iccad1\test\test_nhs\NHS74.png3.png,0,0.004572927951812744
./iccad-official\iccad1\test\test_nhs\NHS74.png4.png,0,0.16548365354537964
./iccad-official\iccad1\test\test_nhs\NHS74.png6.png,0,0.7167649269104004
./iccad-official\iccad1\test\test_nhs\NHS74.png7.png,0,0.11740052700042725
./iccad-official\iccad1\test\test_nhs\NHS74.png8.png,0,0.11740052700042725
./iccad-official\iccad1\test\test_nhs\NHS74.png9.png,0,0.11740052700042725
./iccad-official\iccad1\test\test_nhs\NHS75.png1.png,0,0.110667884349823
./iccad-official\iccad1\test\test_nhs\NHS75.png2.png,0,0.110667884349823
./iccad-official\iccad1\test\test_nhs\NHS75.png3.png,0,0.4660452604293823
./iccad-official\iccad1\test\test_nhs\NHS75.png4.png,0,0.3521689176559448
./iccad-official\iccad1\test\test_nhs\NHS75.png6.png,0,0.52541583776474
./iccad-official\iccad1\test\test_nhs\NHS75.png7.png,0,0.19394129514694214
./iccad-official\iccad1\test\test_nhs\NHS75.png8.png,0,0.2487817406654358
./iccad-official\iccad1\test\test_nhs\NHS75.png9.png,0,0.14971768856048584
./iccad-official\iccad1\test\test_nhs\NHS76.png1.png,0,0.02667248249053955
./iccad-official\iccad1\test\test_nhs\NHS76.png2.png,0,0.013570129871368408
./iccad-official\iccad1\test\test_nhs\NHS76.png3.png,0,0.012403547763824463
./iccad-official\iccad1\test\test_nhs\NHS76.png4.png,0,0.6103525757789612
./iccad-official\iccad1\test\test_nhs\NHS76.png6.png,0,0.5541326403617859
./iccad-official\iccad1\test\test_nhs\NHS76.png7.png,0,0.11736470460891724
./iccad-official\iccad1\test\test_nhs\NHS76.png8.png,0,0.11736464500427246
./iccad-official\iccad1\test\test_nhs\NHS76.png9.png,0,0.11736464500427246
./iccad-official\iccad1\test\test_nhs\NHS77.png1.png,0,0.02667248249053955
./iccad-official\iccad1\test\test_nhs\NHS77.png2.png,0,0.02667248249053955
./iccad-official\iccad1\test\test_nhs\NHS77.png3.png,0,0.044856131076812744
./iccad-official\iccad1\test\test_nhs\NHS77.png4.png,0,0.6209737360477448
./iccad-official\iccad1\test\test_nhs\NHS77.png6.png,0,0.7740530073642731
./iccad-official\iccad1\test\test_nhs\NHS77.png7.png,0,0.29990077018737793
./iccad-official\iccad1\test\test_nhs\NHS77.png8.png,0,0.37536919116973877
./iccad-official\iccad1\test\test_nhs\NHS77.png9.png,0,0.13948428630828857
./iccad-official\iccad1\test\test_nhs\NHS78.png1.png,0,0.045362651348114014
./iccad-official\iccad1\test\test_nhs\NHS78.png2.png,0,0.045362651348114014
./iccad-official\iccad1\test\test_nhs\NHS78.png3.png,0,0.045362651348114014
./iccad-official\iccad1\test\test_nhs\NHS78.png4.png,0,0.07369667291641235
./iccad-official\iccad1\test\test_nhs\NHS78.png6.png,0,0.07753914594650269
./iccad-official\iccad1\test\test_nhs\NHS78.png7.png,0,0.061179935932159424
./iccad-official\iccad1\test\test_nhs\NHS78.png8.png,0,0.061179935932159424
./iccad-official\iccad1\test\test_nhs\NHS78.png9.png,0,0.061179935932159424
./iccad-official\iccad1\test\test_nhs\NHS79.png1.png,0,0.010490357875823975
./iccad-official\iccad1\test\test_nhs\NHS79.png2.png,0,0.015051186084747314
./iccad-official\iccad1\test\test_nhs\NHS79.png3.png,0,0.013720810413360596
./iccad-official\iccad1\test\test_nhs\NHS79.png4.png,0,0.03433042764663696
./iccad-official\iccad1\test\test_nhs\NHS79.png6.png,0,0.231664776802063
./iccad-official\iccad1\test\test_nhs\NHS79.png7.png,0,0.0907103419303894
./iccad-official\iccad1\test\test_nhs\NHS79.png8.png,0,0.414531409740448
./iccad-official\iccad1\test\test_nhs\NHS79.png9.png,0,0.2935265302658081
./iccad-official\iccad1\test\test_nhs\NHS8.png1.png,0,0.11098748445510864
./iccad-official\iccad1\test\test_nhs\NHS8.png2.png,0,0.11098748445510864
./iccad-official\iccad1\test\test_nhs\NHS8.png3.png,0,0.11098748445510864
./iccad-official\iccad1\test\test_nhs\NHS8.png4.png,0,0.005657374858856201
./iccad-official\iccad1\test\test_nhs\NHS8.png6.png,0,0.013917863368988037
./iccad-official\iccad1\test\test_nhs\NHS8.png7.png,0,0.29941922426223755
./iccad-official\iccad1\test\test_nhs\NHS8.png8.png,0,0.42636221647262573
./iccad-official\iccad1\test\test_nhs\NHS8.png9.png,0,0.39788365364074707
./iccad-official\iccad1\test\test_nhs\NHS80.png1.png,0,0.010490357875823975
./iccad-official\iccad1\test\test_nhs\NHS80.png2.png,0,0.010490357875823975
./iccad-official\iccad1\test\test_nhs\NHS80.png3.png,0,0.010490357875823975
./iccad-official\iccad1\test\test_nhs\NHS80.png4.png,0,0.5264344215393066
./iccad-official\iccad1\test\test_nhs\NHS80.png6.png,0,0.3430963158607483
./iccad-official\iccad1\test\test_nhs\NHS80.png7.png,0,0.12252378463745117
./iccad-official\iccad1\test\test_nhs\NHS80.png8.png,0,0.05111771821975708
./iccad-official\iccad1\test\test_nhs\NHS80.png9.png,0,0.06880497932434082
./iccad-official\iccad1\test\test_nhs\NHS81.png1.png,0,0.02410966157913208
./iccad-official\iccad1\test\test_nhs\NHS81.png2.png,0,0.010490357875823975
./iccad-official\iccad1\test\test_nhs\NHS81.png3.png,0,0.010490357875823975
./iccad-official\iccad1\test\test_nhs\NHS81.png4.png,0,0.060791194438934326
./iccad-official\iccad1\test\test_nhs\NHS81.png6.png,0,0.6138443052768707
./iccad-official\iccad1\test\test_nhs\NHS81.png7.png,0,0.21085113286972046
./iccad-official\iccad1\test\test_nhs\NHS81.png8.png,0,0.05442535877227783
./iccad-official\iccad1\test\test_nhs\NHS81.png9.png,0,0.06880497932434082
./iccad-official\iccad1\test\test_nhs\NHS82.png1.png,0,0.266395628452301
./iccad-official\iccad1\test\test_nhs\NHS82.png2.png,0,0.10951018333435059
./iccad-official\iccad1\test\test_nhs\NHS82.png3.png,0,0.21384656429290771
./iccad-official\iccad1\test\test_nhs\NHS82.png4.png,0,0.017284631729125977
./iccad-official\iccad1\test\test_nhs\NHS82.png6.png,0,0.011283457279205322
./iccad-official\iccad1\test\test_nhs\NHS82.png7.png,0,0.04725193977355957
./iccad-official\iccad1\test\test_nhs\NHS82.png8.png,0,0.04725193977355957
./iccad-official\iccad1\test\test_nhs\NHS82.png9.png,0,0.04725193977355957
./iccad-official\iccad1\test\test_nhs\NHS83.png1.png,0,0.013658702373504639
./iccad-official\iccad1\test\test_nhs\NHS83.png2.png,0,0.01606804132461548
./iccad-official\iccad1\test\test_nhs\NHS83.png3.png,0,0.01606804132461548
./iccad-official\iccad1\test\test_nhs\NHS83.png4.png,0,0.5515694916248322
./iccad-official\iccad1\test\test_nhs\NHS83.png6.png,0,0.07009714841842651
./iccad-official\iccad1\test\test_nhs\NHS83.png7.png,0,0.0640496015548706
./iccad-official\iccad1\test\test_nhs\NHS83.png8.png,0,0.015852153301239014
./iccad-official\iccad1\test\test_nhs\NHS83.png9.png,0,0.015852153301239014
./iccad-official\iccad1\test\test_nhs\NHS84.png1.png,0,0.09063923358917236
./iccad-official\iccad1\test\test_nhs\NHS84.png2.png,0,0.21441471576690674
./iccad-official\iccad1\test\test_nhs\NHS84.png3.png,0,0.17075443267822266
./iccad-official\iccad1\test\test_nhs\NHS84.png4.png,0,0.010488033294677734
./iccad-official\iccad1\test\test_nhs\NHS84.png6.png,0,0.00456005334854126
./iccad-official\iccad1\test\test_nhs\NHS84.png7.png,0,0.03388327360153198
./iccad-official\iccad1\test\test_nhs\NHS84.png8.png,0,0.03388327360153198
./iccad-official\iccad1\test\test_nhs\NHS84.png9.png,0,0.03388327360153198
./iccad-official\iccad1\test\test_nhs\NHS85.png1.png,0,0.3332047462463379
./iccad-official\iccad1\test\test_nhs\NHS85.png2.png,0,0.06001001596450806
./iccad-official\iccad1\test\test_nhs\NHS85.png3.png,0,0.23617446422576904
./iccad-official\iccad1\test\test_nhs\NHS85.png4.png,0,0.007737398147583008
./iccad-official\iccad1\test\test_nhs\NHS85.png6.png,0,0.08864021301269531
./iccad-official\iccad1\test\test_nhs\NHS85.png7.png,0,0.048196256160736084
./iccad-official\iccad1\test\test_nhs\NHS85.png8.png,0,0.02519780397415161
./iccad-official\iccad1\test\test_nhs\NHS85.png9.png,0,0.03433042764663696
./iccad-official\iccad1\test\test_nhs\NHS86.png1.png,0,0.06880497932434082
./iccad-official\iccad1\test\test_nhs\NHS86.png2.png,0,0.06880497932434082
./iccad-official\iccad1\test\test_nhs\NHS86.png3.png,0,0.15378350019454956
./iccad-official\iccad1\test\test_nhs\NHS86.png4.png,0,0.04136240482330322
./iccad-official\iccad1\test\test_nhs\NHS86.png6.png,0,0.04452192783355713
./iccad-official\iccad1\test\test_nhs\NHS86.png7.png,0,0.04725193977355957
./iccad-official\iccad1\test\test_nhs\NHS86.png8.png,0,0.04725193977355957
./iccad-official\iccad1\test\test_nhs\NHS86.png9.png,0,0.04725193977355957
./iccad-official\iccad1\test\test_nhs\NHS87.png1.png,0,0.027381539344787598
./iccad-official\iccad1\test\test_nhs\NHS87.png2.png,0,0.027381539344787598
./iccad-official\iccad1\test\test_nhs\NHS87.png3.png,0,0.11849337816238403
./iccad-official\iccad1\test\test_nhs\NHS87.png4.png,0,0.052926838397979736
./iccad-official\iccad1\test\test_nhs\NHS87.png6.png,0,0.132307231426239
./iccad-official\iccad1\test\test_nhs\NHS87.png7.png,0,0.014711737632751465
./iccad-official\iccad1\test\test_nhs\NHS87.png8.png,0,0.021082162857055664
./iccad-official\iccad1\test\test_nhs\NHS87.png9.png,0,0.04684805870056152
./iccad-official\iccad1\test\test_nhs\NHS88.png1.png,0,0.44964003562927246
./iccad-official\iccad1\test\test_nhs\NHS88.png2.png,0,0.46436381340026855
./iccad-official\iccad1\test\test_nhs\NHS88.png3.png,0,0.29171204566955566
./iccad-official\iccad1\test\test_nhs\NHS88.png4.png,0,0.07295256853103638
./iccad-official\iccad1\test\test_nhs\NHS88.png6.png,0,0.5977773368358612
./iccad-official\iccad1\test\test_nhs\NHS88.png7.png,0,0.1233949065208435
./iccad-official\iccad1\test\test_nhs\NHS88.png8.png,0,0.1233949065208435
./iccad-official\iccad1\test\test_nhs\NHS88.png9.png,0,0.1233949065208435
./iccad-official\iccad1\test\test_nhs\NHS89.png1.png,0,0.08751130104064941
./iccad-official\iccad1\test\test_nhs\NHS89.png2.png,0,0.04231882095336914
./iccad-official\iccad1\test\test_nhs\NHS89.png3.png,0,0.04461371898651123
./iccad-official\iccad1\test\test_nhs\NHS89.png4.png,0,0.12462091445922852
./iccad-official\iccad1\test\test_nhs\NHS89.png6.png,0,0.16994094848632812
./iccad-official\iccad1\test\test_nhs\NHS89.png7.png,0,0.04725193977355957
./iccad-official\iccad1\test\test_nhs\NHS89.png8.png,0,0.04725193977355957
./iccad-official\iccad1\test\test_nhs\NHS89.png9.png,0,0.04725193977355957
./iccad-official\iccad1\test\test_nhs\NHS9.png1.png,0,0.07487618923187256
./iccad-official\iccad1\test\test_nhs\NHS9.png2.png,0,0.044856131076812744
./iccad-official\iccad1\test\test_nhs\NHS9.png3.png,0,0.02667248249053955
./iccad-official\iccad1\test\test_nhs\NHS9.png4.png,0,0.7112327516078949
./iccad-official\iccad1\test\test_nhs\NHS9.png6.png,0,0.23638874292373657
./iccad-official\iccad1\test\test_nhs\NHS9.png7.png,0,0.029341161251068115
./iccad-official\iccad1\test\test_nhs\NHS9.png8.png,0,0.029341161251068115
./iccad-official\iccad1\test\test_nhs\NHS9.png9.png,0,0.029341161251068115
./iccad-official\iccad1\test\test_nhs\NHS90.png1.png,0,0.060785531997680664
./iccad-official\iccad1\test\test_nhs\NHS90.png2.png,0,0.17007368803024292
./iccad-official\iccad1\test\test_nhs\NHS90.png3.png,0,0.03405153751373291
./iccad-official\iccad1\test\test_nhs\NHS90.png4.png,0,0.00763702392578125
./iccad-official\iccad1\test\test_nhs\NHS90.png6.png,0,0.010251164436340332
./iccad-official\iccad1\test\test_nhs\NHS90.png7.png,0,0.05800420045852661
./iccad-official\iccad1\test\test_nhs\NHS90.png8.png,0,0.05800420045852661
./iccad-official\iccad1\test\test_nhs\NHS90.png9.png,0,0.016174495220184326
./iccad-official\iccad1\test\test_nhs\NHS91.png1.png,0,0.010747313499450684
./iccad-official\iccad1\test\test_nhs\NHS91.png2.png,0,0.0035732388496398926
./iccad-official\iccad1\test\test_nhs\NHS91.png3.png,0,0.0035732388496398926
./iccad-official\iccad1\test\test_nhs\NHS91.png4.png,0,0.44128739833831787
./iccad-official\iccad1\test\test_nhs\NHS91.png6.png,0,0.5884705185890198
./iccad-official\iccad1\test\test_nhs\NHS91.png7.png,0,0.04500335454940796
./iccad-official\iccad1\test\test_nhs\NHS91.png8.png,0,0.03096991777420044
./iccad-official\iccad1\test\test_nhs\NHS91.png9.png,0,0.048893868923187256
./iccad-official\iccad1\test\test_nhs\NHS92.png1.png,0,0.02667248249053955
./iccad-official\iccad1\test\test_nhs\NHS92.png2.png,0,0.02667248249053955
./iccad-official\iccad1\test\test_nhs\NHS92.png3.png,0,0.02667248249053955
./iccad-official\iccad1\test\test_nhs\NHS92.png4.png,0,0.7112327516078949
./iccad-official\iccad1\test\test_nhs\NHS92.png6.png,0,0.7112327516078949
./iccad-official\iccad1\test\test_nhs\NHS92.png7.png,0,0.011578977108001709
./iccad-official\iccad1\test\test_nhs\NHS92.png8.png,0,0.014551341533660889
./iccad-official\iccad1\test\test_nhs\NHS92.png9.png,0,0.014551341533660889
./iccad-official\iccad1\test\test_nhs\NHS93.png1.png,0,0.02157425880432129
./iccad-official\iccad1\test\test_nhs\NHS93.png2.png,0,0.027381539344787598
./iccad-official\iccad1\test\test_nhs\NHS93.png3.png,0,0.027381539344787598
./iccad-official\iccad1\test\test_nhs\NHS93.png4.png,0,0.4199742078781128
./iccad-official\iccad1\test\test_nhs\NHS93.png6.png,0,0.32776808738708496
./iccad-official\iccad1\test\test_nhs\NHS93.png7.png,0,0.02332669496536255
./iccad-official\iccad1\test\test_nhs\NHS93.png8.png,0,0.05161547660827637
./iccad-official\iccad1\test\test_nhs\NHS93.png9.png,0,0.03966611623764038
./iccad-official\iccad1\test\test_nhs\NHS94.png1.png,0,0.010490357875823975
./iccad-official\iccad1\test\test_nhs\NHS94.png2.png,0,0.010490357875823975
./iccad-official\iccad1\test\test_nhs\NHS94.png3.png,0,0.010490357875823975
./iccad-official\iccad1\test\test_nhs\NHS94.png4.png,0,0.3915795087814331
./iccad-official\iccad1\test\test_nhs\NHS94.png6.png,0,0.3087589740753174
./iccad-official\iccad1\test\test_nhs\NHS94.png7.png,0,0.20638763904571533
./iccad-official\iccad1\test\test_nhs\NHS94.png8.png,0,0.17092525959014893
./iccad-official\iccad1\test\test_nhs\NHS94.png9.png,0,0.2242860198020935
./iccad-official\iccad1\test\test_nhs\NHS95.png1.png,0,0.4436401128768921
./iccad-official\iccad1\test\test_nhs\NHS95.png2.png,0,0.4680362939834595
./iccad-official\iccad1\test\test_nhs\NHS95.png3.png,0,0.4077873229980469
./iccad-official\iccad1\test\test_nhs\NHS95.png4.png,0,0.47730475664138794
./iccad-official\iccad1\test\test_nhs\NHS95.png6.png,0,0.19363629817962646
./iccad-official\iccad1\test\test_nhs\NHS95.png7.png,0,0.01562732458114624
./iccad-official\iccad1\test\test_nhs\NHS95.png8.png,0,0.0250852108001709
./iccad-official\iccad1\test\test_nhs\NHS95.png9.png,0,0.05127418041229248
./iccad-official\iccad1\test\test_nhs\NHS96.png1.png,0,0.25972992181777954
./iccad-official\iccad1\test\test_nhs\NHS96.png2.png,0,0.2562577724456787
./iccad-official\iccad1\test\test_nhs\NHS96.png3.png,0,0.12369740009307861
./iccad-official\iccad1\test\test_nhs\NHS96.png4.png,0,0.410844087600708
./iccad-official\iccad1\test\test_nhs\NHS96.png6.png,0,0.7385360300540924
./iccad-official\iccad1\test\test_nhs\NHS96.png7.png,0,0.029341161251068115
./iccad-official\iccad1\test\test_nhs\NHS96.png8.png,0,0.06272351741790771
./iccad-official\iccad1\test\test_nhs\NHS96.png9.png,0,0.048339664936065674
./iccad-official\iccad1\test\test_nhs\NHS97.png1.png,0,0.6502817571163177
./iccad-official\iccad1\test\test_nhs\NHS97.png2.png,0,0.48236531019210815
./iccad-official\iccad1\test\test_nhs\NHS97.png3.png,0,0.14024096727371216
./iccad-official\iccad1\test\test_nhs\NHS97.png4.png,0,0.1695731282234192
./iccad-official\iccad1\test\test_nhs\NHS97.png6.png,0,0.015054643154144287
./iccad-official\iccad1\test\test_nhs\NHS97.png7.png,0,0.4821813106536865
./iccad-official\iccad1\test\test_nhs\NHS97.png8.png,0,0.4680302143096924
./iccad-official\iccad1\test\test_nhs\NHS97.png9.png,0,0.09144866466522217
./iccad-official\iccad1\test\test_nhs\NHS98.png1.png,0,0.0035732388496398926
./iccad-official\iccad1\test\test_nhs\NHS98.png2.png,0,0.0035732388496398926
./iccad-official\iccad1\test\test_nhs\NHS98.png3.png,0,0.0035732388496398926
./iccad-official\iccad1\test\test_nhs\NHS98.png4.png,0,0.1709963083267212
./iccad-official\iccad1\test\test_nhs\NHS98.png6.png,0,0.1352856159210205
./iccad-official\iccad1\test\test_nhs\NHS98.png7.png,0,0.10187137126922607
./iccad-official\iccad1\test\test_nhs\NHS98.png8.png,0,0.028284132480621338
./iccad-official\iccad1\test\test_nhs\NHS98.png9.png,0,0.02332669496536255
./iccad-official\iccad1\test\test_nhs\NHS99.png1.png,0,0.02778315544128418
./iccad-official\iccad1\test\test_nhs\NHS99.png2.png,0,0.010490357875823975
./iccad-official\iccad1\test\test_nhs\NHS99.png3.png,0,0.04119294881820679
./iccad-official\iccad1\test\test_nhs\NHS99.png4.png,0,0.7442678511142731
./iccad-official\iccad1\test\test_nhs\NHS99.png6.png,0,0.04725193977355957
./iccad-official\iccad1\test\test_nhs\NHS99.png7.png,0,0.36970949172973633
./iccad-official\iccad1\test\test_nhs\NHS99.png8.png,0,0.37136173248291016
./iccad-official\iccad1\test\test_nhs\NHS99.png9.png,0,0.36364346742630005
./iccad-official\iccad1\test\test_nhs\NNHS226.png1.png,0,0.0052790045738220215
./iccad-official\iccad1\test\test_nhs\NNHS226.png2.png,0,0.0007006525993347168
./iccad-official\iccad1\test\test_nhs\NNHS226.png3.png,0,0.0006123781204223633
./iccad-official\iccad1\test\test_nhs\NNHS226.png4.png,0,0.02480870485305786
./iccad-official\iccad1\test\test_nhs\NNHS226.png6.png,0,0.023392796516418457
./iccad-official\iccad1\test\test_nhs\NNHS226.png7.png,0,0.00317990779876709
./iccad-official\iccad1\test\test_nhs\NNHS226.png8.png,0,0.0005074739456176758
./iccad-official\iccad1\test\test_nhs\NNHS226.png9.png,0,0.0009903311729431152
./iccad-official\iccad1\test\test_nhs\NNHS227.png1.png,0,0.0005639791488647461
./iccad-official\iccad1\test\test_nhs\NNHS227.png2.png,0,0.0005639791488647461
./iccad-official\iccad1\test\test_nhs\NNHS227.png3.png,0,0.0012581944465637207
./iccad-official\iccad1\test\test_nhs\NNHS227.png4.png,0,0.01612675189971924
./iccad-official\iccad1\test\test_nhs\NNHS227.png6.png,0,0.01612675189971924
./iccad-official\iccad1\test\test_nhs\NNHS227.png7.png,0,0.0020459890365600586
./iccad-official\iccad1\test\test_nhs\NNHS227.png8.png,0,0.0011574029922485352
./iccad-official\iccad1\test\test_nhs\NNHS227.png9.png,0,0.007748901844024658
./iccad-official\iccad1\test\test_nhs\NNHS228.png1.png,0,0.0007324814796447754
./iccad-official\iccad1\test\test_nhs\NNHS228.png2.png,0,0.0024758577346801758
./iccad-official\iccad1\test\test_nhs\NNHS228.png3.png,0,0.0011092424392700195
./iccad-official\iccad1\test\test_nhs\NNHS228.png4.png,0,0.02307373285293579
./iccad-official\iccad1\test\test_nhs\NNHS228.png6.png,0,0.018415987491607666
./iccad-official\iccad1\test\test_nhs\NNHS228.png7.png,0,0.026419401168823242
./iccad-official\iccad1\test\test_nhs\NNHS228.png8.png,0,0.03490406274795532
./iccad-official\iccad1\test\test_nhs\NNHS228.png9.png,0,0.03490406274795532
./iccad-official\iccad1\test\test_nhs\NNHS229.png1.png,0,0.0011296272277832031
./iccad-official\iccad1\test\test_nhs\NNHS229.png2.png,0,0.0011296272277832031
./iccad-official\iccad1\test\test_nhs\NNHS229.png3.png,0,0.0008029341697692871
./iccad-official\iccad1\test\test_nhs\NNHS229.png4.png,0,0.01612675189971924
./iccad-official\iccad1\test\test_nhs\NNHS229.png6.png,0,0.01612675189971924
./iccad-official\iccad1\test\test_nhs\NNHS229.png7.png,0,0.004711806774139404
./iccad-official\iccad1\test\test_nhs\NNHS229.png8.png,0,0.00851351022720337
./iccad-official\iccad1\test\test_nhs\NNHS229.png9.png,0,0.010098040103912354
./iccad-official\iccad1\test\test_nhs\NNHS230.png1.png,0,0.0005105137825012207
./iccad-official\iccad1\test\test_nhs\NNHS230.png2.png,0,0.00038814544677734375
./iccad-official\iccad1\test\test_nhs\NNHS230.png3.png,0,0.00038814544677734375
./iccad-official\iccad1\test\test_nhs\NNHS230.png4.png,0,0.011260688304901123
./iccad-official\iccad1\test\test_nhs\NNHS230.png6.png,0,0.021957218647003174
./iccad-official\iccad1\test\test_nhs\NNHS230.png7.png,0,0.007245540618896484
./iccad-official\iccad1\test\test_nhs\NNHS230.png8.png,0,0.004067420959472656
./iccad-official\iccad1\test\test_nhs\NNHS230.png9.png,0,0.0028063058853149414
./iccad-official\iccad1\test\test_nhs\NNHS231.png1.png,0,0.0005639791488647461
./iccad-official\iccad1\test\test_nhs\NNHS231.png2.png,0,0.0017020702362060547
./iccad-official\iccad1\test\test_nhs\NNHS231.png3.png,0,0.000423431396484375
./iccad-official\iccad1\test\test_nhs\NNHS231.png4.png,0,0.01612675189971924
./iccad-official\iccad1\test\test_nhs\NNHS231.png6.png,0,0.015906929969787598
./iccad-official\iccad1\test\test_nhs\NNHS231.png7.png,0,0.006171762943267822
./iccad-official\iccad1\test\test_nhs\NNHS231.png8.png,0,0.0063332319259643555
./iccad-official\iccad1\test\test_nhs\NNHS231.png9.png,0,0.003084897994995117
./iccad-official\iccad1\test\test_nhs\NNHS232.png1.png,0,0.0005639791488647461
./iccad-official\iccad1\test\test_nhs\NNHS232.png2.png,0,0.0005639791488647461
./iccad-official\iccad1\test\test_nhs\NNHS232.png3.png,0,0.0011171698570251465
./iccad-official\iccad1\test\test_nhs\NNHS232.png4.png,0,0.023840367794036865
./iccad-official\iccad1\test\test_nhs\NNHS232.png6.png,0,0.003592550754547119
./iccad-official\iccad1\test\test_nhs\NNHS232.png7.png,0,0.006985664367675781
./iccad-official\iccad1\test\test_nhs\NNHS232.png8.png,0,0.0053171515464782715
./iccad-official\iccad1\test\test_nhs\NNHS232.png9.png,0,0.007978558540344238
./iccad-official\iccad1\test\test_nhs\NNHS233.png1.png,0,0.0003858804702758789
./iccad-official\iccad1\test\test_nhs\NNHS233.png2.png,0,0.0009629726409912109
./iccad-official\iccad1\test\test_nhs\NNHS233.png3.png,0,0.0012157559394836426
./iccad-official\iccad1\test\test_nhs\NNHS233.png4.png,0,0.01614058017730713
./iccad-official\iccad1\test\test_nhs\NNHS233.png6.png,0,0.01612675189971924
./iccad-official\iccad1\test\test_nhs\NNHS233.png7.png,0,0.00521397590637207
./iccad-official\iccad1\test\test_nhs\NNHS233.png8.png,0,0.0025781989097595215
./iccad-official\iccad1\test\test_nhs\NNHS233.png9.png,0,0.002628147602081299
./iccad-official\iccad1\test\test_nhs\NNHS234.png1.png,0,0.0005639791488647461
./iccad-official\iccad1\test\test_nhs\NNHS234.png2.png,0,0.0005639791488647461
./iccad-official\iccad1\test\test_nhs\NNHS234.png3.png,0,0.0005068778991699219
./iccad-official\iccad1\test\test_nhs\NNHS234.png4.png,0,0.015284895896911621
./iccad-official\iccad1\test\test_nhs\NNHS234.png6.png,0,0.029060959815979004
./iccad-official\iccad1\test\test_nhs\NNHS234.png7.png,0,0.007978558540344238
./iccad-official\iccad1\test\test_nhs\NNHS234.png8.png,0,0.007978558540344238
./iccad-official\iccad1\test\test_nhs\NNHS234.png9.png,0,0.007978558540344238
./iccad-official\iccad1\test\test_nhs\NNHS235.png1.png,0,0.0009235739707946777
./iccad-official\iccad1\test\test_nhs\NNHS235.png2.png,0,0.0009235739707946777
./iccad-official\iccad1\test\test_nhs\NNHS235.png3.png,0,0.0004976987838745117
./iccad-official\iccad1\test\test_nhs\NNHS235.png4.png,0,0.007167220115661621
./iccad-official\iccad1\test\test_nhs\NNHS235.png6.png,0,0.02238410711288452
./iccad-official\iccad1\test\test_nhs\NNHS235.png7.png,0,0.007026851177215576
./iccad-official\iccad1\test\test_nhs\NNHS235.png8.png,0,0.007978558540344238
./iccad-official\iccad1\test\test_nhs\NNHS235.png9.png,0,0.007978558540344238
./iccad-official\iccad1\test\test_nhs\NNHS236.png1.png,0,0.00025391578674316406
./iccad-official\iccad1\test\test_nhs\NNHS236.png2.png,0,0.00025391578674316406
./iccad-official\iccad1\test\test_nhs\NNHS236.png3.png,0,0.00025391578674316406
./iccad-official\iccad1\test\test_nhs\NNHS236.png4.png,0,0.0051648616790771484
./iccad-official\iccad1\test\test_nhs\NNHS236.png6.png,0,0.008339941501617432
./iccad-official\iccad1\test\test_nhs\NNHS236.png7.png,0,0.0011906623840332031
./iccad-official\iccad1\test\test_nhs\NNHS236.png8.png,0,0.00023651123046875
./iccad-official\iccad1\test\test_nhs\NNHS236.png9.png,0,0.005766808986663818
./iccad-official\iccad1\test\test_nhs\NNHS237.png1.png,0,0.0005639791488647461
./iccad-official\iccad1\test\test_nhs\NNHS237.png2.png,0,0.0009214878082275391
./iccad-official\iccad1\test\test_nhs\NNHS237.png3.png,0,0.0004971027374267578
./iccad-official\iccad1\test\test_nhs\NNHS237.png4.png,0,0.0018172264099121094
./iccad-official\iccad1\test\test_nhs\NNHS237.png6.png,0,0.018382549285888672
./iccad-official\iccad1\test\test_nhs\NNHS237.png7.png,0,0.0031387805938720703
./iccad-official\iccad1\test\test_nhs\NNHS237.png8.png,0,0.0031387805938720703
./iccad-official\iccad1\test\test_nhs\NNHS237.png9.png,0,0.0031387805938720703
./iccad-official\iccad1\test\test_nhs\NNHS238.png1.png,0,0.0005639791488647461
./iccad-official\iccad1\test\test_nhs\NNHS238.png2.png,0,0.0005639791488647461
./iccad-official\iccad1\test\test_nhs\NNHS238.png3.png,0,0.0006287693977355957
./iccad-official\iccad1\test\test_nhs\NNHS238.png4.png,0,0.011503517627716064
./iccad-official\iccad1\test\test_nhs\NNHS238.png6.png,0,0.0081290602684021
./iccad-official\iccad1\test\test_nhs\NNHS238.png7.png,0,0.007978558540344238
./iccad-official\iccad1\test\test_nhs\NNHS238.png8.png,0,0.007978558540344238
./iccad-official\iccad1\test\test_nhs\NNHS238.png9.png,0,0.007978558540344238
./iccad-official\iccad1\test\test_nhs\NNHS239.png1.png,0,0.0007745027542114258
./iccad-official\iccad1\test\test_nhs\NNHS239.png2.png,0,0.00040543079376220703
./iccad-official\iccad1\test\test_nhs\NNHS239.png3.png,0,0.0008403658866882324
./iccad-official\iccad1\test\test_nhs\NNHS239.png4.png,0,0.023840367794036865
./iccad-official\iccad1\test\test_nhs\NNHS239.png6.png,0,0.03618812561035156
./iccad-official\iccad1\test\test_nhs\NNHS239.png7.png,0,0.01660168170928955
./iccad-official\iccad1\test\test_nhs\NNHS239.png8.png,0,0.01660168170928955
./iccad-official\iccad1\test\test_nhs\NNHS239.png9.png,0,0.01660168170928955
./iccad-official\iccad1\test\test_nhs\NNHS240.png1.png,0,0.00041043758392333984
./iccad-official\iccad1\test\test_nhs\NNHS240.png2.png,0,0.0009440183639526367
./iccad-official\iccad1\test\test_nhs\NNHS240.png3.png,0,0.004031956195831299
./iccad-official\iccad1\test\test_nhs\NNHS240.png4.png,0,0.01612675189971924
./iccad-official\iccad1\test\test_nhs\NNHS240.png6.png,0,0.01612675189971924
./iccad-official\iccad1\test\test_nhs\NNHS240.png7.png,0,0.007468879222869873
./iccad-official\iccad1\test\test_nhs\NNHS240.png8.png,0,0.007468879222869873
./iccad-official\iccad1\test\test_nhs\NNHS240.png9.png,0,0.013021528720855713
./iccad-official\iccad1\test\test_nhs\NNHS241.png1.png,0,0.0009975433349609375
./iccad-official\iccad1\test\test_nhs\NNHS241.png2.png,0,0.0008105635643005371
./iccad-official\iccad1\test\test_nhs\NNHS241.png3.png,0,0.0006440877914428711
./iccad-official\iccad1\test\test_nhs\NNHS241.png4.png,0,0.006083667278289795
./iccad-official\iccad1\test\test_nhs\NNHS241.png6.png,0,0.004547297954559326
./iccad-official\iccad1\test\test_nhs\NNHS241.png7.png,0,0.018602728843688965
./iccad-official\iccad1\test\test_nhs\NNHS241.png8.png,0,0.003294229507446289
./iccad-official\iccad1\test\test_nhs\NNHS241.png9.png,0,0.003804326057434082
./iccad-official\iccad1\test\test_nhs\NNHS242.png1.png,0,0.0005639791488647461
./iccad-official\iccad1\test\test_nhs\NNHS242.png2.png,0,0.0005639791488647461
./iccad-official\iccad1\test\test_nhs\NNHS242.png3.png,0,0.0005639791488647461
./iccad-official\iccad1\test\test_nhs\NNHS242.png4.png,0,0.01612675189971924
./iccad-official\iccad1\test\test_nhs\NNHS242.png6.png,0,0.01612675189971924
./iccad-official\iccad1\test\test_nhs\NNHS242.png7.png,0,0.0004885196685791016
./iccad-official\iccad1\test\test_nhs\NNHS242.png8.png,0,0.0015130043029785156
./iccad-official\iccad1\test\test_nhs\NNHS242.png9.png,0,0.0014819502830505371
./iccad-official\iccad1\test\test_nhs\NNHS243.png1.png,0,0.0005436539649963379
./iccad-official\iccad1\test\test_nhs\NNHS243.png2.png,0,0.00025391578674316406
./iccad-official\iccad1\test\test_nhs\NNHS243.png3.png,0,0.00025391578674316406
./iccad-official\iccad1\test\test_nhs\NNHS243.png4.png,0,0.014760076999664307
./iccad-official\iccad1\test\test_nhs\NNHS243.png6.png,0,0.00307619571685791
./iccad-official\iccad1\test\test_nhs\NNHS243.png7.png,0,0.007978558540344238
./iccad-official\iccad1\test\test_nhs\NNHS243.png8.png,0,0.007978558540344238
./iccad-official\iccad1\test\test_nhs\NNHS243.png9.png,0,0.007978558540344238
./iccad-official\iccad1\test\test_nhs\NNHS244.png1.png,0,0.0005639791488647461
./iccad-official\iccad1\test\test_nhs\NNHS244.png2.png,0,0.0005639791488647461
./iccad-official\iccad1\test\test_nhs\NNHS244.png3.png,0,0.0005639791488647461
./iccad-official\iccad1\test\test_nhs\NNHS244.png4.png,0,0.018399834632873535
./iccad-official\iccad1\test\test_nhs\NNHS244.png6.png,0,0.033592045307159424
./iccad-official\iccad1\test\test_nhs\NNHS244.png7.png,0,0.00921720266342163
./iccad-official\iccad1\test\test_nhs\NNHS244.png8.png,0,0.0008617639541625977
./iccad-official\iccad1\test\test_nhs\NNHS244.png9.png,0,0.004378557205200195
./iccad-official\iccad1\test\test_nhs\NNHS245.png1.png,0,0.0004968643188476562
./iccad-official\iccad1\test\test_nhs\NNHS245.png2.png,0,0.0005639791488647461
./iccad-official\iccad1\test\test_nhs\NNHS245.png3.png,0,0.0005639791488647461
./iccad-official\iccad1\test\test_nhs\NNHS245.png4.png,0,0.025613069534301758
./iccad-official\iccad1\test\test_nhs\NNHS245.png6.png,0,0.014146864414215088
./iccad-official\iccad1\test\test_nhs\NNHS245.png7.png,0,0.00119781494140625
./iccad-official\iccad1\test\test_nhs\NNHS245.png8.png,0,0.015797019004821777
./iccad-official\iccad1\test\test_nhs\NNHS245.png9.png,0,0.010789692401885986
./iccad-official\iccad1\test\test_nhs\NNHS246.png1.png,0,0.0010300874710083008
./iccad-official\iccad1\test\test_nhs\NNHS246.png2.png,0,0.0011195540428161621
./iccad-official\iccad1\test\test_nhs\NNHS246.png3.png,0,0.0015412569046020508
./iccad-official\iccad1\test\test_nhs\NNHS246.png4.png,0,0.0011502504348754883
./iccad-official\iccad1\test\test_nhs\NNHS246.png6.png,0,0.004239499568939209
./iccad-official\iccad1\test\test_nhs\NNHS246.png7.png,0,0.003702700138092041
./iccad-official\iccad1\test\test_nhs\NNHS246.png8.png,0,0.0016760826110839844
./iccad-official\iccad1\test\test_nhs\NNHS246.png9.png,0,0.0016760826110839844
./iccad-official\iccad1\test\test_nhs\NNHS247.png1.png,0,0.0009794235229492188
./iccad-official\iccad1\test\test_nhs\NNHS247.png2.png,0,0.0014047026634216309
./iccad-official\iccad1\test\test_nhs\NNHS247.png3.png,0,0.001980304718017578
./iccad-official\iccad1\test\test_nhs\NNHS247.png4.png,0,0.023840367794036865
./iccad-official\iccad1\test\test_nhs\NNHS247.png6.png,0,0.032781362533569336
./iccad-official\iccad1\test\test_nhs\NNHS247.png7.png,0,0.016370296478271484
./iccad-official\iccad1\test\test_nhs\NNHS247.png8.png,0,0.007978558540344238
./iccad-official\iccad1\test\test_nhs\NNHS247.png9.png,0,0.007978558540344238
./iccad-official\iccad1\test\test_nhs\NNHS248.png1.png,0,0.0011116266250610352
./iccad-official\iccad1\test\test_nhs\NNHS248.png2.png,0,0.0010196566581726074
./iccad-official\iccad1\test\test_nhs\NNHS248.png3.png,0,0.0011438727378845215
./iccad-official\iccad1\test\test_nhs\NNHS248.png4.png,0,0.010103106498718262
./iccad-official\iccad1\test\test_nhs\NNHS248.png6.png,0,0.008882284164428711
./iccad-official\iccad1\test\test_nhs\NNHS248.png7.png,0,0.008470773696899414
./iccad-official\iccad1\test\test_nhs\NNHS248.png8.png,0,0.0064324140548706055
./iccad-official\iccad1\test\test_nhs\NNHS248.png9.png,0,0.007523000240325928
./iccad-official\iccad1\test\test_nhs\NNHS249.png1.png,0,0.0008713603019714355
./iccad-official\iccad1\test\test_nhs\NNHS249.png2.png,0,0.001851201057434082
./iccad-official\iccad1\test\test_nhs\NNHS249.png3.png,0,0.0008713603019714355
./iccad-official\iccad1\test\test_nhs\NNHS249.png4.png,0,0.022837162017822266
./iccad-official\iccad1\test\test_nhs\NNHS249.png6.png,0,0.01612675189971924
./iccad-official\iccad1\test\test_nhs\NNHS249.png7.png,0,0.00549006462097168
./iccad-official\iccad1\test\test_nhs\NNHS249.png8.png,0,0.0036808252334594727
./iccad-official\iccad1\test\test_nhs\NNHS249.png9.png,0,0.005928754806518555
./iccad-official\iccad1\test\test_nhs\NNHS250.png1.png,0,0.0007727742195129395
./iccad-official\iccad1\test\test_nhs\NNHS250.png2.png,0,0.0007727742195129395
./iccad-official\iccad1\test\test_nhs\NNHS250.png3.png,0,0.0007727742195129395
./iccad-official\iccad1\test\test_nhs\NNHS250.png4.png,0,0.0045046210289001465
./iccad-official\iccad1\test\test_nhs\NNHS250.png6.png,0,0.005963504314422607
./iccad-official\iccad1\test\test_nhs\NNHS250.png7.png,0,0.019634664058685303
./iccad-official\iccad1\test\test_nhs\NNHS250.png8.png,0,0.005876302719116211
./iccad-official\iccad1\test\test_nhs\NNHS250.png9.png,0,0.010819077491760254
./iccad-official\iccad1\test\test_nhs\NNHS251.png1.png,0,0.0004589557647705078
./iccad-official\iccad1\test\test_nhs\NNHS251.png2.png,0,0.0005639791488647461
./iccad-official\iccad1\test\test_nhs\NNHS251.png3.png,0,0.0008928775787353516
./iccad-official\iccad1\test\test_nhs\NNHS251.png4.png,0,0.007237732410430908
./iccad-official\iccad1\test\test_nhs\NNHS251.png6.png,0,0.008974730968475342
./iccad-official\iccad1\test\test_nhs\NNHS251.png7.png,0,0.009701073169708252
./iccad-official\iccad1\test\test_nhs\NNHS251.png8.png,0,0.017197251319885254
./iccad-official\iccad1\test\test_nhs\NNHS251.png9.png,0,0.005637526512145996
./iccad-official\iccad1\test\test_nhs\NNHS252.png1.png,0,0.0005639791488647461
./iccad-official\iccad1\test\test_nhs\NNHS252.png2.png,0,0.0005639791488647461
./iccad-official\iccad1\test\test_nhs\NNHS252.png3.png,0,0.0006243586540222168
./iccad-official\iccad1\test\test_nhs\NNHS252.png4.png,0,0.00938338041305542
./iccad-official\iccad1\test\test_nhs\NNHS252.png6.png,0,0.014270544052124023
./iccad-official\iccad1\test\test_nhs\NNHS252.png7.png,0,0.006413161754608154
./iccad-official\iccad1\test\test_nhs\NNHS252.png8.png,0,0.0026441216468811035
./iccad-official\iccad1\test\test_nhs\NNHS252.png9.png,0,0.0073871612548828125
./iccad-official\iccad1\test\test_nhs\NNHS253.png1.png,0,0.0005639791488647461
./iccad-official\iccad1\test\test_nhs\NNHS253.png2.png,0,0.0005639791488647461
./iccad-official\iccad1\test\test_nhs\NNHS253.png3.png,0,0.0005639791488647461
./iccad-official\iccad1\test\test_nhs\NNHS253.png4.png,0,0.01612675189971924
./iccad-official\iccad1\test\test_nhs\NNHS253.png6.png,0,0.01612675189971924
./iccad-official\iccad1\test\test_nhs\NNHS253.png7.png,0,0.00516819953918457
./iccad-official\iccad1\test\test_nhs\NNHS253.png8.png,0,0.0034987330436706543
./iccad-official\iccad1\test\test_nhs\NNHS253.png9.png,0,0.010667979717254639
./iccad-official\iccad1\test\test_nhs\NNHS254.png1.png,0,0.0006446242332458496
./iccad-official\iccad1\test\test_nhs\NNHS254.png2.png,0,0.0066342949867248535
./iccad-official\iccad1\test\test_nhs\NNHS254.png3.png,0,0.0016669631004333496
./iccad-official\iccad1\test\test_nhs\NNHS254.png4.png,0,0.01612675189971924
./iccad-official\iccad1\test\test_nhs\NNHS254.png6.png,0,0.01612675189971924
./iccad-official\iccad1\test\test_nhs\NNHS254.png7.png,0,0.00657278299331665
./iccad-official\iccad1\test\test_nhs\NNHS254.png8.png,0,0.013257384300231934
./iccad-official\iccad1\test\test_nhs\NNHS254.png9.png,0,0.009683012962341309
./iccad-official\iccad1\test\test_nhs\NNHS255.png1.png,0,0.0005639791488647461
./iccad-official\iccad1\test\test_nhs\NNHS255.png2.png,0,0.0019559264183044434
./iccad-official\iccad1\test\test_nhs\NNHS255.png3.png,0,0.0005639791488647461
./iccad-official\iccad1\test\test_nhs\NNHS255.png4.png,0,0.0232582688331604
./iccad-official\iccad1\test\test_nhs\NNHS255.png6.png,0,0.01612675189971924
./iccad-official\iccad1\test\test_nhs\NNHS255.png7.png,0,0.033049821853637695
./iccad-official\iccad1\test\test_nhs\NNHS255.png8.png,0,0.001887977123260498
./iccad-official\iccad1\test\test_nhs\NNHS255.png9.png,0,0.009171843528747559
./iccad-official\iccad1\test\test_nhs\NNHS256.png1.png,0,0.0008713603019714355
./iccad-official\iccad1\test\test_nhs\NNHS256.png2.png,0,0.0008713603019714355
./iccad-official\iccad1\test\test_nhs\NNHS256.png3.png,0,0.0015782713890075684
./iccad-official\iccad1\test\test_nhs\NNHS256.png4.png,0,0.01612675189971924
./iccad-official\iccad1\test\test_nhs\NNHS256.png6.png,0,0.007626652717590332
./iccad-official\iccad1\test\test_nhs\NNHS256.png7.png,0,0.001838982105255127
./iccad-official\iccad1\test\test_nhs\NNHS256.png8.png,0,0.0022084712982177734
./iccad-official\iccad1\test\test_nhs\NNHS256.png9.png,0,0.0016760826110839844
./iccad-official\iccad1\test\test_nhs\NNHS257.png1.png,0,0.000769495964050293
./iccad-official\iccad1\test\test_nhs\NNHS257.png2.png,0,0.003414630889892578
./iccad-official\iccad1\test\test_nhs\NNHS257.png3.png,0,0.0017197132110595703
./iccad-official\iccad1\test\test_nhs\NNHS257.png4.png,0,0.011204421520233154
./iccad-official\iccad1\test\test_nhs\NNHS257.png6.png,0,0.025099337100982666
./iccad-official\iccad1\test\test_nhs\NNHS257.png7.png,0,0.011979281902313232
./iccad-official\iccad1\test\test_nhs\NNHS257.png8.png,0,0.016448676586151123
./iccad-official\iccad1\test\test_nhs\NNHS257.png9.png,0,0.004618406295776367
./iccad-official\iccad1\test\test_nhs\NNHS258.png1.png,0,0.0010594725608825684
./iccad-official\iccad1\test\test_nhs\NNHS258.png2.png,0,0.0015906691551208496
./iccad-official\iccad1\test\test_nhs\NNHS258.png3.png,0,0.0015906691551208496
./iccad-official\iccad1\test\test_nhs\NNHS258.png4.png,0,0.01612675189971924
./iccad-official\iccad1\test\test_nhs\NNHS258.png6.png,0,0.01612675189971924
./iccad-official\iccad1\test\test_nhs\NNHS258.png7.png,0,0.010819077491760254
./iccad-official\iccad1\test\test_nhs\NNHS258.png8.png,0,0.0073738694190979
./iccad-official\iccad1\test\test_nhs\NNHS258.png9.png,0,0.007978558540344238
./iccad-official\iccad1\test\test_nhs\NNHS259.png1.png,0,0.0013563036918640137
./iccad-official\iccad1\test\test_nhs\NNHS259.png2.png,0,0.0013563036918640137
./iccad-official\iccad1\test\test_nhs\NNHS259.png3.png,0,0.0013563036918640137
./iccad-official\iccad1\test\test_nhs\NNHS259.png4.png,0,0.009175539016723633
./iccad-official\iccad1\test\test_nhs\NNHS259.png6.png,0,0.004055440425872803
./iccad-official\iccad1\test\test_nhs\NNHS259.png7.png,0,0.0016760826110839844
./iccad-official\iccad1\test\test_nhs\NNHS259.png8.png,0,0.0010613203048706055
./iccad-official\iccad1\test\test_nhs\NNHS259.png9.png,0,0.0010709166526794434
./iccad-official\iccad1\test\test_nhs\NNHS260.png1.png,0,0.000919640064239502
./iccad-official\iccad1\test\test_nhs\NNHS260.png2.png,0,0.0010911822319030762
./iccad-official\iccad1\test\test_nhs\NNHS260.png3.png,0,0.00033092498779296875
./iccad-official\iccad1\test\test_nhs\NNHS260.png4.png,0,0.019978880882263184
./iccad-official\iccad1\test\test_nhs\NNHS260.png6.png,0,0.01612675189971924
./iccad-official\iccad1\test\test_nhs\NNHS260.png7.png,0,0.007704317569732666
./iccad-official\iccad1\test\test_nhs\NNHS260.png8.png,0,0.0021878480911254883
./iccad-official\iccad1\test\test_nhs\NNHS260.png9.png,0,0.0021819472312927246
./iccad-official\iccad1\test\test_nhs\NNHS261.png1.png,0,0.0005639791488647461
./iccad-official\iccad1\test\test_nhs\NNHS261.png2.png,0,0.0005639791488647461
./iccad-official\iccad1\test\test_nhs\NNHS261.png3.png,0,0.0006651878356933594
./iccad-official\iccad1\test\test_nhs\NNHS261.png4.png,0,0.007192850112915039
./iccad-official\iccad1\test\test_nhs\NNHS261.png6.png,0,0.00788050889968872
./iccad-official\iccad1\test\test_nhs\NNHS261.png7.png,0,0.010098040103912354
./iccad-official\iccad1\test\test_nhs\NNHS261.png8.png,0,0.010098040103912354
./iccad-official\iccad1\test\test_nhs\NNHS261.png9.png,0,0.010098040103912354
./iccad-official\iccad1\test\test_nhs\NNHS262.png1.png,0,0.013389348983764648
./iccad-official\iccad1\test\test_nhs\NNHS262.png2.png,0,0.0007652640342712402
./iccad-official\iccad1\test\test_nhs\NNHS262.png3.png,0,0.0007709860801696777
./iccad-official\iccad1\test\test_nhs\NNHS262.png4.png,0,0.01612675189971924
./iccad-official\iccad1\test\test_nhs\NNHS262.png6.png,0,0.01612675189971924
./iccad-official\iccad1\test\test_nhs\NNHS262.png7.png,0,0.010819077491760254
./iccad-official\iccad1\test\test_nhs\NNHS262.png8.png,0,0.010819077491760254
./iccad-official\iccad1\test\test_nhs\NNHS262.png9.png,0,0.0178987979888916
./iccad-official\iccad1\test\test_nhs\NNHS263.png1.png,0,0.0018482804298400879
./iccad-official\iccad1\test\test_nhs\NNHS263.png2.png,0,0.0006103515625
./iccad-official\iccad1\test\test_nhs\NNHS263.png3.png,0,0.0005639791488647461
./iccad-official\iccad1\test\test_nhs\NNHS263.png4.png,0,0.007489800453186035
./iccad-official\iccad1\test\test_nhs\NNHS263.png6.png,0,0.0074547529220581055
./iccad-official\iccad1\test\test_nhs\NNHS263.png7.png,0,0.01660168170928955
./iccad-official\iccad1\test\test_nhs\NNHS263.png8.png,0,0.036839306354522705
./iccad-official\iccad1\test\test_nhs\NNHS263.png9.png,0,0.009251296520233154
./iccad-official\iccad1\test\test_nhs\NNHS264.png1.png,0,0.0010335445404052734
./iccad-official\iccad1\test\test_nhs\NNHS264.png2.png,0,0.0008360147476196289
./iccad-official\iccad1\test\test_nhs\NNHS264.png3.png,0,0.0007446408271789551
./iccad-official\iccad1\test\test_nhs\NNHS264.png4.png,0,0.01770484447479248
./iccad-official\iccad1\test\test_nhs\NNHS264.png6.png,0,0.014760076999664307
./iccad-official\iccad1\test\test_nhs\NNHS264.png7.png,0,0.016256749629974365
./iccad-official\iccad1\test\test_nhs\NNHS264.png8.png,0,0.019202053546905518
./iccad-official\iccad1\test\test_nhs\NNHS264.png9.png,0,0.009171843528747559
./iccad-official\iccad1\test\test_nhs\NNHS265.png1.png,0,0.0008436441421508789
./iccad-official\iccad1\test\test_nhs\NNHS265.png2.png,0,0.0011764764785766602
./iccad-official\iccad1\test\test_nhs\NNHS265.png3.png,0,0.0011764764785766602
./iccad-official\iccad1\test\test_nhs\NNHS265.png4.png,0,0.004897415637969971
./iccad-official\iccad1\test\test_nhs\NNHS265.png6.png,0,0.047760963439941406
./iccad-official\iccad1\test\test_nhs\NNHS265.png7.png,0,0.0006165504455566406
./iccad-official\iccad1\test\test_nhs\NNHS265.png8.png,0,0.000491023063659668
./iccad-official\iccad1\test\test_nhs\NNHS265.png9.png,0,0.0007697939872741699
./iccad-official\iccad1\test\test_nhs\NNHS266.png1.png,0,0.0018342137336730957
./iccad-official\iccad1\test\test_nhs\NNHS266.png2.png,0,0.0011861920356750488
./iccad-official\iccad1\test\test_nhs\NNHS266.png3.png,0,0.00047892332077026367
./iccad-official\iccad1\test\test_nhs\NNHS266.png4.png,0,0.0029674172401428223
./iccad-official\iccad1\test\test_nhs\NNHS266.png6.png,0,0.013907313346862793
./iccad-official\iccad1\test\test_nhs\NNHS266.png7.png,0,0.01316690444946289
./iccad-official\iccad1\test\test_nhs\NNHS266.png8.png,0,0.01316690444946289
./iccad-official\iccad1\test\test_nhs\NNHS266.png9.png,0,0.01316690444946289
./iccad-official\iccad1\test\test_nhs\NNHS267.png1.png,0,0.0005639791488647461
./iccad-official\iccad1\test\test_nhs\NNHS267.png2.png,0,0.0005639791488647461
./iccad-official\iccad1\test\test_nhs\NNHS267.png3.png,0,0.0009658336639404297
./iccad-official\iccad1\test\test_nhs\NNHS267.png4.png,0,0.017623305320739746
./iccad-official\iccad1\test\test_nhs\NNHS267.png6.png,0,0.006886482238769531
./iccad-official\iccad1\test\test_nhs\NNHS267.png7.png,0,0.004679620265960693
./iccad-official\iccad1\test\test_nhs\NNHS267.png8.png,0,0.0009616613388061523
./iccad-official\iccad1\test\test_nhs\NNHS267.png9.png,0,0.000924527645111084
./iccad-official\iccad1\test\test_nhs\NNHS268.png1.png,0,0.0004559159278869629
./iccad-official\iccad1\test\test_nhs\NNHS268.png2.png,0,0.0002892017364501953
./iccad-official\iccad1\test\test_nhs\NNHS268.png3.png,0,0.000505983829498291
./iccad-official\iccad1\test\test_nhs\NNHS268.png4.png,0,0.01178067922592163
./iccad-official\iccad1\test\test_nhs\NNHS268.png6.png,0,0.01178067922592163
./iccad-official\iccad1\test\test_nhs\NNHS268.png7.png,0,0.0016760826110839844
./iccad-official\iccad1\test\test_nhs\NNHS268.png8.png,0,0.0016760826110839844
./iccad-official\iccad1\test\test_nhs\NNHS268.png9.png,0,0.0016760826110839844
./iccad-official\iccad1\test\test_nhs\NNHS269.png1.png,0,0.0014900565147399902
./iccad-official\iccad1\test\test_nhs\NNHS269.png2.png,0,0.0017401576042175293
./iccad-official\iccad1\test\test_nhs\NNHS269.png3.png,0,0.0009261369705200195
./iccad-official\iccad1\test\test_nhs\NNHS269.png4.png,0,0.023840367794036865
./iccad-official\iccad1\test\test_nhs\NNHS269.png6.png,0,0.023840367794036865
./iccad-official\iccad1\test\test_nhs\NNHS269.png7.png,0,0.0008820295333862305
./iccad-official\iccad1\test\test_nhs\NNHS269.png8.png,0,0.0007612705230712891
./iccad-official\iccad1\test\test_nhs\NNHS269.png9.png,0,0.00880730152130127
./iccad-official\iccad1\test\test_nhs\NNHS270.png1.png,0,0.0004552602767944336
./iccad-official\iccad1\test\test_nhs\NNHS270.png2.png,0,0.0003170967102050781
./iccad-official\iccad1\test\test_nhs\NNHS270.png3.png,0,0.0002892017364501953
./iccad-official\iccad1\test\test_nhs\NNHS270.png4.png,0,0.009535431861877441
./iccad-official\iccad1\test\test_nhs\NNHS270.png6.png,0,0.02307373285293579
./iccad-official\iccad1\test\test_nhs\NNHS270.png7.png,0,0.006499648094177246
./iccad-official\iccad1\test\test_nhs\NNHS270.png8.png,0,0.007101178169250488
./iccad-official\iccad1\test\test_nhs\NNHS270.png9.png,0,0.004559874534606934
./iccad-official\iccad1\test\test_nhs\NNHS271.png1.png,0,0.0007216334342956543
./iccad-official\iccad1\test\test_nhs\NNHS271.png2.png,0,0.002986311912536621
./iccad-official\iccad1\test\test_nhs\NNHS271.png3.png,0,0.000885307788848877
./iccad-official\iccad1\test\test_nhs\NNHS271.png4.png,0,0.019978880882263184
./iccad-official\iccad1\test\test_nhs\NNHS271.png6.png,0,0.01612675189971924
./iccad-official\iccad1\test\test_nhs\NNHS271.png7.png,0,0.01404428482055664
./iccad-official\iccad1\test\test_nhs\NNHS271.png8.png,0,0.021658360958099365
./iccad-official\iccad1\test\test_nhs\NNHS271.png9.png,0,0.01660168170928955
./iccad-official\iccad1\test\test_nhs\NNHS272.png1.png,0,0.001293957233428955
./iccad-official\iccad1\test\test_nhs\NNHS272.png2.png,0,0.0012107491493225098
./iccad-official\iccad1\test\test_nhs\NNHS272.png3.png,0,0.0011796951293945312
./iccad-official\iccad1\test\test_nhs\NNHS272.png4.png,0,0.02307373285293579
./iccad-official\iccad1\test\test_nhs\NNHS272.png6.png,0,0.02307373285293579
./iccad-official\iccad1\test\test_nhs\NNHS272.png7.png,0,0.00531458854675293
./iccad-official\iccad1\test\test_nhs\NNHS272.png8.png,0,0.0049436092376708984
./iccad-official\iccad1\test\test_nhs\NNHS272.png9.png,0,0.007978558540344238
./iccad-official\iccad1\test\test_nhs\NNHS273.png1.png,0,0.0009149909019470215
./iccad-official\iccad1\test\test_nhs\NNHS273.png2.png,0,0.0017238855361938477
./iccad-official\iccad1\test\test_nhs\NNHS273.png3.png,0,0.0007459521293640137
./iccad-official\iccad1\test\test_nhs\NNHS273.png4.png,0,0.0241396427154541
./iccad-official\iccad1\test\test_nhs\NNHS273.png6.png,0,0.04929840564727783
./iccad-official\iccad1\test\test_nhs\NNHS273.png7.png,0,0.02391684055328369
./iccad-official\iccad1\test\test_nhs\NNHS273.png8.png,0,0.007978558540344238
./iccad-official\iccad1\test\test_nhs\NNHS273.png9.png,0,0.007978558540344238
./iccad-official\iccad1\test\test_nhs\NNHS274.png1.png,0,0.0009257793426513672
./iccad-official\iccad1\test\test_nhs\NNHS274.png2.png,0,0.0011764764785766602
./iccad-official\iccad1\test\test_nhs\NNHS274.png3.png,0,0.001114487648010254
./iccad-official\iccad1\test\test_nhs\NNHS274.png4.png,0,0.033592045307159424
./iccad-official\iccad1\test\test_nhs\NNHS274.png6.png,0,0.056605756282806396
./iccad-official\iccad1\test\test_nhs\NNHS274.png7.png,0,0.01033872365951538
./iccad-official\iccad1\test\test_nhs\NNHS274.png8.png,0,0.010819077491760254
./iccad-official\iccad1\test\test_nhs\NNHS274.png9.png,0,0.010819077491760254
./iccad-official\iccad1\test\test_nhs\NNHS275.png1.png,0,0.0005639791488647461
./iccad-official\iccad1\test\test_nhs\NNHS275.png2.png,0,0.0005639791488647461
./iccad-official\iccad1\test\test_nhs\NNHS275.png3.png,0,0.0005639791488647461
./iccad-official\iccad1\test\test_nhs\NNHS275.png4.png,0,0.007237732410430908
./iccad-official\iccad1\test\test_nhs\NNHS275.png6.png,0,0.007237732410430908
./iccad-official\iccad1\test\test_nhs\NNHS275.png7.png,0,0.009160280227661133
./iccad-official\iccad1\test\test_nhs\NNHS275.png8.png,0,0.005359172821044922
./iccad-official\iccad1\test\test_nhs\NNHS275.png9.png,0,0.012959778308868408
./iccad-official\iccad1\test\test_nhs\NNHS276.png1.png,0,0.0017635822296142578
./iccad-official\iccad1\test\test_nhs\NNHS276.png2.png,0,0.0007617473602294922
./iccad-official\iccad1\test\test_nhs\NNHS276.png3.png,0,0.0005639791488647461
./iccad-official\iccad1\test\test_nhs\NNHS276.png4.png,0,0.02307373285293579
./iccad-official\iccad1\test\test_nhs\NNHS276.png6.png,0,0.01613074541091919
./iccad-official\iccad1\test\test_nhs\NNHS276.png7.png,0,0.0027721524238586426
./iccad-official\iccad1\test\test_nhs\NNHS276.png8.png,0,0.00657278299331665
./iccad-official\iccad1\test\test_nhs\NNHS276.png9.png,0,0.016028642654418945
./iccad-official\iccad1\test\test_nhs\NNHS277.png1.png,0,0.0010461807250976562
./iccad-official\iccad1\test\test_nhs\NNHS277.png2.png,0,0.00034362077713012695
./iccad-official\iccad1\test\test_nhs\NNHS277.png3.png,0,0.0005639791488647461
./iccad-official\iccad1\test\test_nhs\NNHS277.png4.png,0,0.01612675189971924
./iccad-official\iccad1\test\test_nhs\NNHS277.png6.png,0,0.01612675189971924
./iccad-official\iccad1\test\test_nhs\NNHS277.png7.png,0,0.0029395222663879395
./iccad-official\iccad1\test\test_nhs\NNHS277.png8.png,0,0.006080925464630127
./iccad-official\iccad1\test\test_nhs\NNHS277.png9.png,0,0.01316690444946289
./iccad-official\iccad1\test\test_nhs\NNHS278.png1.png,0,0.0010613203048706055
./iccad-official\iccad1\test\test_nhs\NNHS278.png2.png,0,0.0018176436424255371
./iccad-official\iccad1\test\test_nhs\NNHS278.png3.png,0,0.0013819336891174316
./iccad-official\iccad1\test\test_nhs\NNHS278.png4.png,0,0.00788050889968872
./iccad-official\iccad1\test\test_nhs\NNHS278.png6.png,0,0.00788050889968872
./iccad-official\iccad1\test\test_nhs\NNHS278.png7.png,0,0.0029395222663879395
./iccad-official\iccad1\test\test_nhs\NNHS278.png8.png,0,0.003516256809234619
./iccad-official\iccad1\test\test_nhs\NNHS278.png9.png,0,0.0018295645713806152
./iccad-official\iccad1\test\test_nhs\NNHS279.png1.png,0,0.0008931756019592285
./iccad-official\iccad1\test\test_nhs\NNHS279.png2.png,0,0.0005639791488647461
./iccad-official\iccad1\test\test_nhs\NNHS279.png3.png,0,0.0005639791488647461
./iccad-official\iccad1\test\test_nhs\NNHS279.png4.png,0,0.01612675189971924
./iccad-official\iccad1\test\test_nhs\NNHS279.png6.png,0,0.01612675189971924
./iccad-official\iccad1\test\test_nhs\NNHS279.png7.png,0,0.010819077491760254
./iccad-official\iccad1\test\test_nhs\NNHS279.png8.png,0,0.010819077491760254
./iccad-official\iccad1\test\test_nhs\NNHS279.png9.png,0,0.01209193468093872
./iccad-official\iccad1\test\test_nhs\NNHS280.png1.png,0,0.0004436373710632324
./iccad-official\iccad1\test\test_nhs\NNHS280.png2.png,0,0.0024416446685791016
./iccad-official\iccad1\test\test_nhs\NNHS280.png3.png,0,0.00180816650390625
./iccad-official\iccad1\test\test_nhs\NNHS280.png4.png,0,0.01612675189971924
./iccad-official\iccad1\test\test_nhs\NNHS280.png6.png,0,0.01612675189971924
./iccad-official\iccad1\test\test_nhs\NNHS280.png7.png,0,0.01660168170928955
./iccad-official\iccad1\test\test_nhs\NNHS280.png8.png,0,0.01660168170928955
./iccad-official\iccad1\test\test_nhs\NNHS280.png9.png,0,0.017442703247070312
./iccad-official\iccad1\test\test_nhs\NNHS281.png1.png,0,0.0020746588706970215
./iccad-official\iccad1\test\test_nhs\NNHS281.png2.png,0,0.0010756254196166992
./iccad-official\iccad1\test\test_nhs\NNHS281.png3.png,0,0.000542759895324707
./iccad-official\iccad1\test\test_nhs\NNHS281.png4.png,0,0.01612675189971924
./iccad-official\iccad1\test\test_nhs\NNHS281.png6.png,0,0.01612675189971924
./iccad-official\iccad1\test\test_nhs\NNHS281.png7.png,0,0.007978558540344238
./iccad-official\iccad1\test\test_nhs\NNHS281.png8.png,0,0.007978558540344238
./iccad-official\iccad1\test\test_nhs\NNHS281.png9.png,0,0.0031940340995788574
./iccad-official\iccad1\test\test_nhs\NNHS282.png1.png,0,0.0006784796714782715
./iccad-official\iccad1\test\test_nhs\NNHS282.png2.png,0,0.0016390681266784668
./iccad-official\iccad1\test\test_nhs\NNHS282.png3.png,0,0.0011764764785766602
./iccad-official\iccad1\test\test_nhs\NNHS282.png4.png,0,0.01612675189971924
./iccad-official\iccad1\test\test_nhs\NNHS282.png6.png,0,0.01612675189971924
./iccad-official\iccad1\test\test_nhs\NNHS282.png7.png,0,0.012683629989624023
./iccad-official\iccad1\test\test_nhs\NNHS282.png8.png,0,0.004206418991088867
./iccad-official\iccad1\test\test_nhs\NNHS282.png9.png,0,0.006964623928070068
./iccad-official\iccad1\test\test_nhs\NNHS283.png1.png,0,0.0005639791488647461
./iccad-official\iccad1\test\test_nhs\NNHS283.png2.png,0,0.0005639791488647461
./iccad-official\iccad1\test\test_nhs\NNHS283.png3.png,0,0.0006361603736877441
./iccad-official\iccad1\test\test_nhs\NNHS283.png4.png,0,0.02307373285293579
./iccad-official\iccad1\test\test_nhs\NNHS283.png6.png,0,0.017251312732696533
./iccad-official\iccad1\test\test_nhs\NNHS283.png7.png,0,0.0010461211204528809
./iccad-official\iccad1\test\test_nhs\NNHS283.png8.png,0,0.0007326006889343262
./iccad-official\iccad1\test\test_nhs\NNHS283.png9.png,0,0.00977557897567749
./iccad-official\iccad1\test\test_nhs\NNHS284.png1.png,0,0.0005597472190856934
./iccad-official\iccad1\test\test_nhs\NNHS284.png2.png,0,0.00025391578674316406
./iccad-official\iccad1\test\test_nhs\NNHS284.png3.png,0,0.0005639791488647461
./iccad-official\iccad1\test\test_nhs\NNHS284.png4.png,0,0.01612675189971924
./iccad-official\iccad1\test\test_nhs\NNHS284.png6.png,0,0.01612675189971924
./iccad-official\iccad1\test\test_nhs\NNHS284.png7.png,0,0.00657278299331665
./iccad-official\iccad1\test\test_nhs\NNHS284.png8.png,0,0.003237903118133545
./iccad-official\iccad1\test\test_nhs\NNHS284.png9.png,0,0.006075441837310791
./iccad-official\iccad1\test\test_nhs\NNHS285.png1.png,0,0.0005639791488647461
./iccad-official\iccad1\test\test_nhs\NNHS285.png2.png,0,0.0005639791488647461
./iccad-official\iccad1\test\test_nhs\NNHS285.png3.png,0,0.0005639791488647461
./iccad-official\iccad1\test\test_nhs\NNHS285.png4.png,0,0.00650864839553833
./iccad-official\iccad1\test\test_nhs\NNHS285.png6.png,0,0.0074547529220581055
./iccad-official\iccad1\test\test_nhs\NNHS285.png7.png,0,0.0016838908195495605
./iccad-official\iccad1\test\test_nhs\NNHS285.png8.png,0,0.00047206878662109375
./iccad-official\iccad1\test\test_nhs\NNHS285.png9.png,0,0.00510174036026001
./iccad-official\iccad1\test\test_nhs\NNHS286.png1.png,0,0.0005639791488647461
./iccad-official\iccad1\test\test_nhs\NNHS286.png2.png,0,0.0007826685905456543
./iccad-official\iccad1\test\test_nhs\NNHS286.png3.png,0,0.0005447864532470703
./iccad-official\iccad1\test\test_nhs\NNHS286.png4.png,0,0.01612675189971924
./iccad-official\iccad1\test\test_nhs\NNHS286.png6.png,0,0.00788050889968872
./iccad-official\iccad1\test\test_nhs\NNHS286.png7.png,0,0.011180281639099121
./iccad-official\iccad1\test\test_nhs\NNHS286.png8.png,0,0.005296766757965088
./iccad-official\iccad1\test\test_nhs\NNHS286.png9.png,0,0.004003465175628662
./iccad-official\iccad1\test\test_nhs\NNHS287.png1.png,0,0.0005639791488647461
./iccad-official\iccad1\test\test_nhs\NNHS287.png2.png,0,0.0005639791488647461
./iccad-official\iccad1\test\test_nhs\NNHS287.png3.png,0,0.0005639791488647461
./iccad-official\iccad1\test\test_nhs\NNHS287.png4.png,0,0.014893651008605957
./iccad-official\iccad1\test\test_nhs\NNHS287.png6.png,0,0.012215137481689453
./iccad-official\iccad1\test\test_nhs\NNHS287.png7.png,0,0.003674030303955078
./iccad-official\iccad1\test\test_nhs\NNHS287.png8.png,0,0.01660168170928955
./iccad-official\iccad1\test\test_nhs\NNHS287.png9.png,0,0.01660168170928955
./iccad-official\iccad1\test\test_nhs\NNHS288.png1.png,0,0.0011438727378845215
./iccad-official\iccad1\test\test_nhs\NNHS288.png2.png,0,0.0029237866401672363
./iccad-official\iccad1\test\test_nhs\NNHS288.png3.png,0,0.001057267189025879
./iccad-official\iccad1\test\test_nhs\NNHS288.png4.png,0,0.04776269197463989
./iccad-official\iccad1\test\test_nhs\NNHS288.png6.png,0,0.04776102304458618
./iccad-official\iccad1\test\test_nhs\NNHS288.png7.png,0,0.001816391944885254
./iccad-official\iccad1\test\test_nhs\NNHS288.png8.png,0,0.005420267581939697
./iccad-official\iccad1\test\test_nhs\NNHS288.png9.png,0,0.005006372928619385
./iccad-official\iccad1\test\test_nhs\NNHS289.png1.png,0,0.0005306005477905273
./iccad-official\iccad1\test\test_nhs\NNHS289.png2.png,0,0.001022934913635254
./iccad-official\iccad1\test\test_nhs\NNHS289.png3.png,0,0.00039833784103393555
./iccad-official\iccad1\test\test_nhs\NNHS289.png4.png,0,0.02307373285293579
./iccad-official\iccad1\test\test_nhs\NNHS289.png6.png,0,0.02307373285293579
./iccad-official\iccad1\test\test_nhs\NNHS289.png7.png,0,0.01316690444946289
./iccad-official\iccad1\test\test_nhs\NNHS289.png8.png,0,0.010879814624786377
./iccad-official\iccad1\test\test_nhs\NNHS289.png9.png,0,0.01316690444946289
./iccad-official\iccad1\test\test_nhs\NNHS290.png1.png,0,0.0005501508712768555
./iccad-official\iccad1\test\test_nhs\NNHS290.png2.png,0,0.0010112524032592773
./iccad-official\iccad1\test\test_nhs\NNHS290.png3.png,0,0.0005639791488647461
./iccad-official\iccad1\test\test_nhs\NNHS290.png4.png,0,0.04887521266937256
./iccad-official\iccad1\test\test_nhs\NNHS290.png6.png,0,0.04142773151397705
./iccad-official\iccad1\test\test_nhs\NNHS290.png7.png,0,0.01660168170928955
./iccad-official\iccad1\test\test_nhs\NNHS290.png8.png,0,0.01660168170928955
./iccad-official\iccad1\test\test_nhs\NNHS290.png9.png,0,0.0282098650932312
./iccad-official\iccad1\test\test_nhs\NNHS291.png1.png,0,0.0011764764785766602
./iccad-official\iccad1\test\test_nhs\NNHS291.png2.png,0,0.0014740228652954102
./iccad-official\iccad1\test\test_nhs\NNHS291.png3.png,0,0.0017197132110595703
./iccad-official\iccad1\test\test_nhs\NNHS291.png4.png,0,0.02013552188873291
./iccad-official\iccad1\test\test_nhs\NNHS291.png6.png,0,0.01966947317123413
./iccad-official\iccad1\test\test_nhs\NNHS291.png7.png,0,0.010982334613800049
./iccad-official\iccad1\test\test_nhs\NNHS291.png8.png,0,0.0008363127708435059
./iccad-official\iccad1\test\test_nhs\NNHS291.png9.png,0,0.000922083854675293
./iccad-official\iccad1\test\test_nhs\NNHS292.png1.png,0,0.00023853778839111328
./iccad-official\iccad1\test\test_nhs\NNHS292.png2.png,0,0.000325620174407959
./iccad-official\iccad1\test\test_nhs\NNHS292.png3.png,0,0.0004968643188476562
./iccad-official\iccad1\test\test_nhs\NNHS292.png4.png,0,0.0038268566131591797
./iccad-official\iccad1\test\test_nhs\NNHS292.png6.png,0,0.0038268566131591797
./iccad-official\iccad1\test\test_nhs\NNHS292.png7.png,0,0.004639685153961182
./iccad-official\iccad1\test\test_nhs\NNHS292.png8.png,0,0.007722198963165283
./iccad-official\iccad1\test\test_nhs\NNHS292.png9.png,0,0.017422854900360107
./iccad-official\iccad1\test\test_nhs\NNHS293.png1.png,0,0.0007216334342956543
./iccad-official\iccad1\test\test_nhs\NNHS293.png2.png,0,0.0009878277778625488
./iccad-official\iccad1\test\test_nhs\NNHS293.png3.png,0,0.0003460049629211426
./iccad-official\iccad1\test\test_nhs\NNHS293.png4.png,0,0.03729492425918579
./iccad-official\iccad1\test\test_nhs\NNHS293.png6.png,0,0.02307373285293579
./iccad-official\iccad1\test\test_nhs\NNHS293.png7.png,0,0.00823146104812622
./iccad-official\iccad1\test\test_nhs\NNHS293.png8.png,0,0.0059937238693237305
./iccad-official\iccad1\test\test_nhs\NNHS293.png9.png,0,0.005448043346405029
./iccad-official\iccad1\test\test_nhs\NNHS294.png1.png,0,0.0006123781204223633
./iccad-official\iccad1\test\test_nhs\NNHS294.png2.png,0,0.0008254051208496094
./iccad-official\iccad1\test\test_nhs\NNHS294.png3.png,0,0.0003966689109802246
./iccad-official\iccad1\test\test_nhs\NNHS294.png4.png,0,0.01612675189971924
./iccad-official\iccad1\test\test_nhs\NNHS294.png6.png,0,0.01612675189971924
./iccad-official\iccad1\test\test_nhs\NNHS294.png7.png,0,0.0031905770301818848
./iccad-official\iccad1\test\test_nhs\NNHS294.png8.png,0,0.0014055967330932617
./iccad-official\iccad1\test\test_nhs\NNHS294.png9.png,0,0.001187443733215332
./iccad-official\iccad1\test\test_nhs\NNHS295.png1.png,0,0.0007290840148925781
./iccad-official\iccad1\test\test_nhs\NNHS295.png2.png,0,0.0005334019660949707
./iccad-official\iccad1\test\test_nhs\NNHS295.png3.png,0,0.0005334019660949707
./iccad-official\iccad1\test\test_nhs\NNHS295.png4.png,0,0.01612675189971924
./iccad-official\iccad1\test\test_nhs\NNHS295.png6.png,0,0.011803805828094482
./iccad-official\iccad1\test\test_nhs\NNHS295.png7.png,0,0.01660168170928955
./iccad-official\iccad1\test\test_nhs\NNHS295.png8.png,0,0.01660168170928955
./iccad-official\iccad1\test\test_nhs\NNHS295.png9.png,0,0.019741535186767578
./iccad-official\iccad1\test\test_nhs\NNHS296.png1.png,0,0.0005639791488647461
./iccad-official\iccad1\test\test_nhs\NNHS296.png2.png,0,0.0007734298706054688
./iccad-official\iccad1\test\test_nhs\NNHS296.png3.png,0,0.0005639791488647461
./iccad-official\iccad1\test\test_nhs\NNHS296.png4.png,0,0.0021824240684509277
./iccad-official\iccad1\test\test_nhs\NNHS296.png6.png,0,0.01789724826812744
./iccad-official\iccad1\test\test_nhs\NNHS296.png7.png,0,0.007978558540344238
./iccad-official\iccad1\test\test_nhs\NNHS296.png8.png,0,0.008715212345123291
./iccad-official\iccad1\test\test_nhs\NNHS296.png9.png,0,0.007978558540344238
./iccad-official\iccad1\test\test_nhs\NNHS297.png1.png,0,0.0006123781204223633
./iccad-official\iccad1\test\test_nhs\NNHS297.png2.png,0,0.0007231235504150391
./iccad-official\iccad1\test\test_nhs\NNHS297.png3.png,0,0.0007011890411376953
./iccad-official\iccad1\test\test_nhs\NNHS297.png4.png,0,0.009281158447265625
./iccad-official\iccad1\test\test_nhs\NNHS297.png6.png,0,0.007591187953948975
./iccad-official\iccad1\test\test_nhs\NNHS297.png7.png,0,0.005028903484344482
./iccad-official\iccad1\test\test_nhs\NNHS297.png8.png,0,0.01086193323135376
./iccad-official\iccad1\test\test_nhs\NNHS297.png9.png,0,0.0020987391471862793
./iccad-official\iccad1\test\test_nhs\NNHS298.png1.png,0,0.0015124082565307617
./iccad-official\iccad1\test\test_nhs\NNHS298.png2.png,0,0.0015906691551208496
./iccad-official\iccad1\test\test_nhs\NNHS298.png3.png,0,0.000546872615814209
./iccad-official\iccad1\test\test_nhs\NNHS298.png4.png,0,0.007109940052032471
./iccad-official\iccad1\test\test_nhs\NNHS298.png6.png,0,0.01612675189971924
./iccad-official\iccad1\test\test_nhs\NNHS298.png7.png,0,0.007978558540344238
./iccad-official\iccad1\test\test_nhs\NNHS298.png8.png,0,0.007978558540344238
./iccad-official\iccad1\test\test_nhs\NNHS298.png9.png,0,0.008932054042816162
./iccad-official\iccad1\test\test_nhs\NNHS299.png1.png,0,0.0015517473220825195
./iccad-official\iccad1\test\test_nhs\NNHS299.png2.png,0,0.002431333065032959
./iccad-official\iccad1\test\test_nhs\NNHS299.png3.png,0,0.0008720159530639648
./iccad-official\iccad1\test\test_nhs\NNHS299.png4.png,0,0.01612675189971924
./iccad-official\iccad1\test\test_nhs\NNHS299.png6.png,0,0.01612675189971924
./iccad-official\iccad1\test\test_nhs\NNHS299.png7.png,0,0.005168020725250244
./iccad-official\iccad1\test\test_nhs\NNHS299.png8.png,0,0.006516098976135254
./iccad-official\iccad1\test\test_nhs\NNHS299.png9.png,0,0.013231515884399414
./iccad-official\iccad1\test\test_nhs\NNHS300.png1.png,0,0.006509721279144287
./iccad-official\iccad1\test\test_nhs\NNHS300.png2.png,0,0.002486288547515869
./iccad-official\iccad1\test\test_nhs\NNHS300.png3.png,0,0.0018274784088134766
./iccad-official\iccad1\test\test_nhs\NNHS300.png4.png,0,0.008415758609771729
./iccad-official\iccad1\test\test_nhs\NNHS300.png6.png,0,0.0014641880989074707
./iccad-official\iccad1\test\test_nhs\NNHS300.png7.png,0,0.0016760826110839844
./iccad-official\iccad1\test\test_nhs\NNHS300.png8.png,0,0.0015156865119934082
./iccad-official\iccad1\test\test_nhs\NNHS300.png9.png,0,0.0019521713256835938
./iccad-official\iccad1\test\test_nhs\NNHS301.png1.png,0,0.0008519291877746582
./iccad-official\iccad1\test\test_nhs\NNHS301.png2.png,0,0.0011764764785766602
./iccad-official\iccad1\test\test_nhs\NNHS301.png3.png,0,0.0006262063980102539
./iccad-official\iccad1\test\test_nhs\NNHS301.png4.png,0,0.023840367794036865
./iccad-official\iccad1\test\test_nhs\NNHS301.png6.png,0,0.023840367794036865
./iccad-official\iccad1\test\test_nhs\NNHS301.png7.png,0,0.004040837287902832
./iccad-official\iccad1\test\test_nhs\NNHS301.png8.png,0,0.004040837287902832
./iccad-official\iccad1\test\test_nhs\NNHS301.png9.png,0,0.007195591926574707
./iccad-official\iccad1\test\test_nhs\NNHS302.png1.png,0,0.0014156103134155273
./iccad-official\iccad1\test\test_nhs\NNHS302.png2.png,0,0.0014156103134155273
./iccad-official\iccad1\test\test_nhs\NNHS302.png3.png,0,0.0014156103134155273
./iccad-official\iccad1\test\test_nhs\NNHS302.png4.png,0,0.01384049654006958
./iccad-official\iccad1\test\test_nhs\NNHS302.png6.png,0,0.02307373285293579
./iccad-official\iccad1\test\test_nhs\NNHS302.png7.png,0,0.0003077983856201172
./iccad-official\iccad1\test\test_nhs\NNHS302.png8.png,0,0.0023473501205444336
./iccad-official\iccad1\test\test_nhs\NNHS302.png9.png,0,0.0006519556045532227
./iccad-official\iccad1\test\test_nhs\NNHS303.png1.png,0,0.0017740130424499512
./iccad-official\iccad1\test\test_nhs\NNHS303.png2.png,0,0.001124262809753418
./iccad-official\iccad1\test\test_nhs\NNHS303.png3.png,0,0.0014821887016296387
./iccad-official\iccad1\test\test_nhs\NNHS303.png4.png,0,0.018794655799865723
./iccad-official\iccad1\test\test_nhs\NNHS303.png6.png,0,0.02002197504043579
./iccad-official\iccad1\test\test_nhs\NNHS303.png7.png,0,0.0027127861976623535
./iccad-official\iccad1\test\test_nhs\NNHS303.png8.png,0,0.0026056766510009766
./iccad-official\iccad1\test\test_nhs\NNHS303.png9.png,0,0.0025781989097595215
./iccad-official\iccad1\test\test_nhs\NNHS304.png1.png,0,0.0008008480072021484
./iccad-official\iccad1\test\test_nhs\NNHS304.png2.png,0,0.0014570355415344238
./iccad-official\iccad1\test\test_nhs\NNHS304.png3.png,0,0.0015532970428466797
./iccad-official\iccad1\test\test_nhs\NNHS304.png4.png,0,0.01661151647567749
./iccad-official\iccad1\test\test_nhs\NNHS304.png6.png,0,0.01661151647567749
./iccad-official\iccad1\test\test_nhs\NNHS304.png7.png,0,0.007426142692565918
./iccad-official\iccad1\test\test_nhs\NNHS304.png8.png,0,0.009534358978271484
./iccad-official\iccad1\test\test_nhs\NNHS304.png9.png,0,0.006186187267303467
./iccad-official\iccad1\test\test_nhs\NNHS305.png1.png,0,0.0009337067604064941
./iccad-official\iccad1\test\test_nhs\NNHS305.png2.png,0,0.0005691647529602051
./iccad-official\iccad1\test\test_nhs\NNHS305.png3.png,0,0.0003209114074707031
./iccad-official\iccad1\test\test_nhs\NNHS305.png4.png,0,0.023840367794036865
./iccad-official\iccad1\test\test_nhs\NNHS305.png6.png,0,0.020864248275756836
./iccad-official\iccad1\test\test_nhs\NNHS305.png7.png,0,0.0015841126441955566
./iccad-official\iccad1\test\test_nhs\NNHS305.png8.png,0,0.009921491146087646
./iccad-official\iccad1\test\test_nhs\NNHS305.png9.png,0,0.017363250255584717
./iccad-official\iccad1\test\test_nhs\NNHS306.png1.png,0,0.0017635822296142578
./iccad-official\iccad1\test\test_nhs\NNHS306.png2.png,0,0.0006490349769592285
./iccad-official\iccad1\test\test_nhs\NNHS306.png3.png,0,0.0015097260475158691
./iccad-official\iccad1\test\test_nhs\NNHS306.png4.png,0,0.01612675189971924
./iccad-official\iccad1\test\test_nhs\NNHS306.png6.png,0,0.004547297954559326
./iccad-official\iccad1\test\test_nhs\NNHS306.png7.png,0,0.006439208984375
./iccad-official\iccad1\test\test_nhs\NNHS306.png8.png,0,0.007133781909942627
./iccad-official\iccad1\test\test_nhs\NNHS306.png9.png,0,0.014080286026000977
./iccad-official\iccad1\test\test_nhs\NNHS307.png1.png,0,0.0006061792373657227
./iccad-official\iccad1\test\test_nhs\NNHS307.png2.png,0,0.0010023117065429688
./iccad-official\iccad1\test\test_nhs\NNHS307.png3.png,0,0.0009595751762390137
./iccad-official\iccad1\test\test_nhs\NNHS307.png4.png,0,0.01612675189971924
./iccad-official\iccad1\test\test_nhs\NNHS307.png6.png,0,0.01612675189971924
./iccad-official\iccad1\test\test_nhs\NNHS307.png7.png,0,0.003239274024963379
./iccad-official\iccad1\test\test_nhs\NNHS307.png8.png,0,0.005660295486450195
./iccad-official\iccad1\test\test_nhs\NNHS307.png9.png,0,0.007885992527008057
./iccad-official\iccad1\test\test_nhs\NNHS308.png1.png,0,0.0005639791488647461
./iccad-official\iccad1\test\test_nhs\NNHS308.png2.png,0,0.0005639791488647461
./iccad-official\iccad1\test\test_nhs\NNHS308.png3.png,0,0.0005639791488647461
./iccad-official\iccad1\test\test_nhs\NNHS308.png4.png,0,0.0011592507362365723
./iccad-official\iccad1\test\test_nhs\NNHS308.png6.png,0,0.007232666015625
./iccad-official\iccad1\test\test_nhs\NNHS308.png7.png,0,0.007978558540344238
./iccad-official\iccad1\test\test_nhs\NNHS308.png8.png,0,0.02399444580078125
./iccad-official\iccad1\test\test_nhs\NNHS308.png9.png,0,0.02495265007019043
./iccad-official\iccad1\test\test_nhs\NNHS309.png1.png,0,0.0009801387786865234
./iccad-official\iccad1\test\test_nhs\NNHS309.png2.png,0,0.0007216334342956543
./iccad-official\iccad1\test\test_nhs\NNHS309.png3.png,0,0.0007216334342956543
./iccad-official\iccad1\test\test_nhs\NNHS309.png4.png,0,0.03413134813308716
./iccad-official\iccad1\test\test_nhs\NNHS309.png6.png,0,0.009624063968658447
./iccad-official\iccad1\test\test_nhs\NNHS309.png7.png,0,0.025237560272216797
./iccad-official\iccad1\test\test_nhs\NNHS309.png8.png,0,0.01591891050338745
./iccad-official\iccad1\test\test_nhs\NNHS309.png9.png,0,0.01591891050338745
./iccad-official\iccad1\test\test_nhs\NNHS310.png1.png,0,0.0003955364227294922
./iccad-official\iccad1\test\test_nhs\NNHS310.png2.png,0,0.0009235739707946777
./iccad-official\iccad1\test\test_nhs\NNHS310.png3.png,0,0.0004011392593383789
./iccad-official\iccad1\test\test_nhs\NNHS310.png4.png,0,0.014760076999664307
./iccad-official\iccad1\test\test_nhs\NNHS310.png6.png,0,0.013652682304382324
./iccad-official\iccad1\test\test_nhs\NNHS310.png7.png,0,0.01025545597076416
./iccad-official\iccad1\test\test_nhs\NNHS310.png8.png,0,0.007706761360168457
./iccad-official\iccad1\test\test_nhs\NNHS310.png9.png,0,0.010677993297576904
./iccad-official\iccad1\test\test_nhs\NNHS311.png1.png,0,0.0007114410400390625
./iccad-official\iccad1\test\test_nhs\NNHS311.png2.png,0,0.0007216334342956543
./iccad-official\iccad1\test\test_nhs\NNHS311.png3.png,0,0.0007216334342956543
./iccad-official\iccad1\test\test_nhs\NNHS311.png4.png,0,0.01612675189971924
./iccad-official\iccad1\test\test_nhs\NNHS311.png6.png,0,0.01612675189971924
./iccad-official\iccad1\test\test_nhs\NNHS311.png7.png,0,0.0017832517623901367
./iccad-official\iccad1\test\test_nhs\NNHS311.png8.png,0,0.0013870596885681152
./iccad-official\iccad1\test\test_nhs\NNHS311.png9.png,0,0.006451785564422607
./iccad-official\iccad1\test\test_nhs\NNHS312.png1.png,0,0.0015156865119934082
./iccad-official\iccad1\test\test_nhs\NNHS312.png2.png,0,0.0012989640235900879
./iccad-official\iccad1\test\test_nhs\NNHS312.png3.png,0,0.0013580322265625
./iccad-official\iccad1\test\test_nhs\NNHS312.png4.png,0,0.006543278694152832
./iccad-official\iccad1\test\test_nhs\NNHS312.png6.png,0,0.0033355355262756348
./iccad-official\iccad1\test\test_nhs\NNHS312.png7.png,0,0.002365291118621826
./iccad-official\iccad1\test\test_nhs\NNHS312.png8.png,0,0.0070683956146240234
./iccad-official\iccad1\test\test_nhs\NNHS312.png9.png,0,0.0026441216468811035
./iccad-official\iccad1\test\test_nhs\NNHS313.png1.png,0,0.000641167163848877
./iccad-official\iccad1\test\test_nhs\NNHS313.png2.png,0,0.0014553666114807129
./iccad-official\iccad1\test\test_nhs\NNHS313.png3.png,0,0.001431882381439209
./iccad-official\iccad1\test\test_nhs\NNHS313.png4.png,0,0.004055440425872803
./iccad-official\iccad1\test\test_nhs\NNHS313.png6.png,0,0.01661151647567749
./iccad-official\iccad1\test\test_nhs\NNHS313.png7.png,0,0.009171843528747559
./iccad-official\iccad1\test\test_nhs\NNHS313.png8.png,0,0.009171843528747559
./iccad-official\iccad1\test\test_nhs\NNHS313.png9.png,0,0.009171843528747559
./iccad-official\iccad1\test\test_nhs\NNHS314.png1.png,0,0.0005639791488647461
./iccad-official\iccad1\test\test_nhs\NNHS314.png2.png,0,0.0007734298706054688
./iccad-official\iccad1\test\test_nhs\NNHS314.png3.png,0,0.0006197690963745117
./iccad-official\iccad1\test\test_nhs\NNHS314.png4.png,0,0.022446870803833008
./iccad-official\iccad1\test\test_nhs\NNHS314.png6.png,0,0.03156161308288574
./iccad-official\iccad1\test\test_nhs\NNHS314.png7.png,0,0.0016374588012695312
./iccad-official\iccad1\test\test_nhs\NNHS314.png8.png,0,0.0016699433326721191
./iccad-official\iccad1\test\test_nhs\NNHS314.png9.png,0,0.0016760826110839844
./iccad-official\iccad1\test\test_nhs\NNHS315.png1.png,0,0.0005639791488647461
./iccad-official\iccad1\test\test_nhs\NNHS315.png2.png,0,0.0005639791488647461
./iccad-official\iccad1\test\test_nhs\NNHS315.png3.png,0,0.0005639791488647461
./iccad-official\iccad1\test\test_nhs\NNHS315.png4.png,0,0.00590205192565918
./iccad-official\iccad1\test\test_nhs\NNHS315.png6.png,0,0.014760076999664307
./iccad-official\iccad1\test\test_nhs\NNHS315.png7.png,0,0.006186187267303467
./iccad-official\iccad1\test\test_nhs\NNHS315.png8.png,0,0.006186187267303467
./iccad-official\iccad1\test\test_nhs\NNHS315.png9.png,0,0.006186187267303467
./iccad-official\iccad1\test\test_nhs\NNHS316.png1.png,0,0.0005639791488647461
./iccad-official\iccad1\test\test_nhs\NNHS316.png2.png,0,0.0005639791488647461
./iccad-official\iccad1\test\test_nhs\NNHS316.png3.png,0,0.0005639791488647461
./iccad-official\iccad1\test\test_nhs\NNHS316.png4.png,0,0.023840367794036865
./iccad-official\iccad1\test\test_nhs\NNHS316.png6.png,0,0.023840367794036865
./iccad-official\iccad1\test\test_nhs\NNHS316.png7.png,0,0.007047533988952637
./iccad-official\iccad1\test\test_nhs\NNHS316.png8.png,0,0.008458077907562256
./iccad-official\iccad1\test\test_nhs\NNHS316.png9.png,0,0.007978558540344238
./iccad-official\iccad1\test\test_nhs\NNHS317.png1.png,0,0.00025391578674316406
./iccad-official\iccad1\test\test_nhs\NNHS317.png2.png,0,0.00025391578674316406
./iccad-official\iccad1\test\test_nhs\NNHS317.png3.png,0,0.00025391578674316406
./iccad-official\iccad1\test\test_nhs\NNHS317.png4.png,0,0.014760076999664307
./iccad-official\iccad1\test\test_nhs\NNHS317.png6.png,0,0.014760076999664307
./iccad-official\iccad1\test\test_nhs\NNHS317.png7.png,0,0.008953571319580078
./iccad-official\iccad1\test\test_nhs\NNHS317.png8.png,0,0.0019739866256713867
./iccad-official\iccad1\test\test_nhs\NNHS317.png9.png,0,0.0028662681579589844
./iccad-official\iccad1\test\test_nhs\NNHS318.png1.png,0,0.0008673667907714844
./iccad-official\iccad1\test\test_nhs\NNHS318.png2.png,0,0.0007216334342956543
./iccad-official\iccad1\test\test_nhs\NNHS318.png3.png,0,0.0007216334342956543
./iccad-official\iccad1\test\test_nhs\NNHS318.png4.png,0,0.0025699734687805176
./iccad-official\iccad1\test\test_nhs\NNHS318.png6.png,0,0.04011940956115723
./iccad-official\iccad1\test\test_nhs\NNHS318.png7.png,0,0.007978558540344238
./iccad-official\iccad1\test\test_nhs\NNHS318.png8.png,0,0.007978558540344238
./iccad-official\iccad1\test\test_nhs\NNHS318.png9.png,0,0.007978558540344238
./iccad-official\iccad1\test\test_nhs\NNHS319.png1.png,0,0.001229703426361084
./iccad-official\iccad1\test\test_nhs\NNHS319.png2.png,0,0.0014247894287109375
./iccad-official\iccad1\test\test_nhs\NNHS319.png3.png,0,0.0006420016288757324
./iccad-official\iccad1\test\test_nhs\NNHS319.png4.png,0,0.00788050889968872
./iccad-official\iccad1\test\test_nhs\NNHS319.png6.png,0,0.00788050889968872
./iccad-official\iccad1\test\test_nhs\NNHS319.png7.png,0,0.005373179912567139
./iccad-official\iccad1\test\test_nhs\NNHS319.png8.png,0,0.01652538776397705
./iccad-official\iccad1\test\test_nhs\NNHS319.png9.png,0,0.011504650115966797
./iccad-official\iccad1\test\test_nhs\NNHS320.png1.png,0,0.0007216334342956543
./iccad-official\iccad1\test\test_nhs\NNHS320.png2.png,0,0.0009878277778625488
./iccad-official\iccad1\test\test_nhs\NNHS320.png3.png,0,0.0007216334342956543
./iccad-official\iccad1\test\test_nhs\NNHS320.png4.png,0,0.012680649757385254
./iccad-official\iccad1\test\test_nhs\NNHS320.png6.png,0,0.004180490970611572
./iccad-official\iccad1\test\test_nhs\NNHS320.png7.png,0,0.007978558540344238
./iccad-official\iccad1\test\test_nhs\NNHS320.png8.png,0,0.008715212345123291
./iccad-official\iccad1\test\test_nhs\NNHS320.png9.png,0,0.007978558540344238
./iccad-official\iccad1\test\test_nhs\NNHS321.png1.png,0,0.0005639791488647461
./iccad-official\iccad1\test\test_nhs\NNHS321.png2.png,0,0.0005639791488647461
./iccad-official\iccad1\test\test_nhs\NNHS321.png3.png,0,0.0005639791488647461
./iccad-official\iccad1\test\test_nhs\NNHS321.png4.png,0,0.0245286226272583
./iccad-official\iccad1\test\test_nhs\NNHS321.png6.png,0,0.023840367794036865
./iccad-official\iccad1\test\test_nhs\NNHS321.png7.png,0,0.003468453884124756
./iccad-official\iccad1\test\test_nhs\NNHS321.png8.png,0,0.029656648635864258
./iccad-official\iccad1\test\test_nhs\NNHS321.png9.png,0,0.005523502826690674
./iccad-official\iccad1\test\test_nhs\NNHS322.png1.png,0,0.0006355643272399902
./iccad-official\iccad1\test\test_nhs\NNHS322.png2.png,0,0.0010744333267211914
./iccad-official\iccad1\test\test_nhs\NNHS322.png3.png,0,0.0007178187370300293
./iccad-official\iccad1\test\test_nhs\NNHS322.png4.png,0,0.018786847591400146
./iccad-official\iccad1\test\test_nhs\NNHS322.png6.png,0,0.018786847591400146
./iccad-official\iccad1\test\test_nhs\NNHS322.png7.png,0,0.0012282729148864746
./iccad-official\iccad1\test\test_nhs\NNHS322.png8.png,0,0.00472027063369751
./iccad-official\iccad1\test\test_nhs\NNHS322.png9.png,0,0.01454097032546997
./iccad-official\iccad1\test\test_nhs\NNHS323.png1.png,0,0.0005639791488647461
./iccad-official\iccad1\test\test_nhs\NNHS323.png2.png,0,0.0005639791488647461
./iccad-official\iccad1\test\test_nhs\NNHS323.png3.png,0,0.0022693276405334473
./iccad-official\iccad1\test\test_nhs\NNHS323.png4.png,0,0.01950991153717041
./iccad-official\iccad1\test\test_nhs\NNHS323.png6.png,0,0.013428449630737305
./iccad-official\iccad1\test\test_nhs\NNHS323.png7.png,0,0.005863010883331299
./iccad-official\iccad1\test\test_nhs\NNHS323.png8.png,0,0.007931828498840332
./iccad-official\iccad1\test\test_nhs\NNHS323.png9.png,0,0.007978558540344238
./iccad-official\iccad1\test\test_nhs\NNHS324.png1.png,0,0.0007579922676086426
./iccad-official\iccad1\test\test_nhs\NNHS324.png2.png,0,0.0012297630310058594
./iccad-official\iccad1\test\test_nhs\NNHS324.png3.png,0,0.0008713603019714355
./iccad-official\iccad1\test\test_nhs\NNHS324.png4.png,0,0.003592550754547119
./iccad-official\iccad1\test\test_nhs\NNHS324.png6.png,0,0.00966733694076538
./iccad-official\iccad1\test\test_nhs\NNHS324.png7.png,0,0.007978558540344238
./iccad-official\iccad1\test\test_nhs\NNHS324.png8.png,0,0.007978558540344238
./iccad-official\iccad1\test\test_nhs\NNHS324.png9.png,0,0.015030324459075928
./iccad-official\iccad1\test\test_nhs\NNHS325.png1.png,0,0.00025391578674316406
./iccad-official\iccad1\test\test_nhs\NNHS325.png2.png,0,0.000641942024230957
./iccad-official\iccad1\test\test_nhs\NNHS325.png3.png,0,0.0013590455055236816
./iccad-official\iccad1\test\test_nhs\NNHS325.png4.png,0,0.009685277938842773
./iccad-official\iccad1\test\test_nhs\NNHS325.png6.png,0,0.00872570276260376
./iccad-official\iccad1\test\test_nhs\NNHS325.png7.png,0,0.013195693492889404
./iccad-official\iccad1\test\test_nhs\NNHS325.png8.png,0,0.006986498832702637
./iccad-official\iccad1\test\test_nhs\NNHS325.png9.png,0,0.04269051551818848
./iccad-official\iccad1\test\test_nhs\NNHS326.png1.png,0,0.0007216334342956543
./iccad-official\iccad1\test\test_nhs\NNHS326.png2.png,0,0.0007216334342956543
./iccad-official\iccad1\test\test_nhs\NNHS326.png3.png,0,0.0007216334342956543
./iccad-official\iccad1\test\test_nhs\NNHS326.png4.png,0,0.01966947317123413
./iccad-official\iccad1\test\test_nhs\NNHS326.png6.png,0,0.01966947317123413
./iccad-official\iccad1\test\test_nhs\NNHS326.png7.png,0,0.009461522102355957
./iccad-official\iccad1\test\test_nhs\NNHS326.png8.png,0,0.00614476203918457
./iccad-official\iccad1\test\test_nhs\NNHS326.png9.png,0,0.007228374481201172
./iccad-official\iccad1\test\test_nhs\NNHS327.png1.png,0,0.004168272018432617
./iccad-official\iccad1\test\test_nhs\NNHS327.png2.png,0,0.0024812817573547363
./iccad-official\iccad1\test\test_nhs\NNHS327.png3.png,0,0.0011296272277832031
./iccad-official\iccad1\test\test_nhs\NNHS327.png4.png,0,0.01612675189971924
./iccad-official\iccad1\test\test_nhs\NNHS327.png6.png,0,0.01612675189971924
./iccad-official\iccad1\test\test_nhs\NNHS327.png7.png,0,0.011768221855163574
./iccad-official\iccad1\test\test_nhs\NNHS327.png8.png,0,0.009631693363189697
./iccad-official\iccad1\test\test_nhs\NNHS327.png9.png,0,0.007750451564788818
./iccad-official\iccad1\test\test_nhs\NNHS328.png1.png,0,0.0006123781204223633
./iccad-official\iccad1\test\test_nhs\NNHS328.png2.png,0,0.0004597902297973633
./iccad-official\iccad1\test\test_nhs\NNHS328.png3.png,0,0.0003045797348022461
./iccad-official\iccad1\test\test_nhs\NNHS328.png4.png,0,0.052282631397247314
./iccad-official\iccad1\test\test_nhs\NNHS328.png6.png,0,0.01612675189971924
./iccad-official\iccad1\test\test_nhs\NNHS328.png7.png,0,0.010656476020812988
./iccad-official\iccad1\test\test_nhs\NNHS328.png8.png,0,0.008253335952758789
./iccad-official\iccad1\test\test_nhs\NNHS328.png9.png,0,0.009171843528747559
./iccad-official\iccad1\test\test_nhs\NNHS329.png1.png,0,0.0009044408798217773
./iccad-official\iccad1\test\test_nhs\NNHS329.png2.png,0,0.0007238984107971191
./iccad-official\iccad1\test\test_nhs\NNHS329.png3.png,0,0.0013163089752197266
./iccad-official\iccad1\test\test_nhs\NNHS329.png4.png,0,0.01612675189971924
./iccad-official\iccad1\test\test_nhs\NNHS329.png6.png,0,0.01612675189971924
./iccad-official\iccad1\test\test_nhs\NNHS329.png7.png,0,0.012929201126098633
./iccad-official\iccad1\test\test_nhs\NNHS329.png8.png,0,0.0014435648918151855
./iccad-official\iccad1\test\test_nhs\NNHS329.png9.png,0,0.013574659824371338
./iccad-official\iccad1\test\test_nhs\NNHS330.png1.png,0,0.0021370649337768555
./iccad-official\iccad1\test\test_nhs\NNHS330.png2.png,0,0.0017635822296142578
./iccad-official\iccad1\test\test_nhs\NNHS330.png3.png,0,0.0017635822296142578
./iccad-official\iccad1\test\test_nhs\NNHS330.png4.png,0,0.004547297954559326
./iccad-official\iccad1\test\test_nhs\NNHS330.png6.png,0,0.004547297954559326
./iccad-official\iccad1\test\test_nhs\NNHS330.png7.png,0,0.009273409843444824
./iccad-official\iccad1\test\test_nhs\NNHS330.png8.png,0,0.002449631690979004
./iccad-official\iccad1\test\test_nhs\NNHS330.png9.png,0,0.010098040103912354
./iccad-official\iccad1\test\test_nhs\NNHS331.png1.png,0,0.00023853778839111328
./iccad-official\iccad1\test\test_nhs\NNHS331.png2.png,0,0.00023853778839111328
./iccad-official\iccad1\test\test_nhs\NNHS331.png3.png,0,0.0001882314682006836
./iccad-official\iccad1\test\test_nhs\NNHS331.png4.png,0,0.013086199760437012
./iccad-official\iccad1\test\test_nhs\NNHS331.png6.png,0,0.004197835922241211
./iccad-official\iccad1\test\test_nhs\NNHS331.png7.png,0,0.004600107669830322
./iccad-official\iccad1\test\test_nhs\NNHS331.png8.png,0,0.006210982799530029
./iccad-official\iccad1\test\test_nhs\NNHS331.png9.png,0,0.009098827838897705
./iccad-official\iccad1\test\test_nhs\NNHS332.png1.png,0,0.0005639791488647461
./iccad-official\iccad1\test\test_nhs\NNHS332.png2.png,0,0.0005639791488647461
./iccad-official\iccad1\test\test_nhs\NNHS332.png3.png,0,0.0005639791488647461
./iccad-official\iccad1\test\test_nhs\NNHS332.png4.png,0,0.0036745667457580566
./iccad-official\iccad1\test\test_nhs\NNHS332.png6.png,0,0.010115742683410645
./iccad-official\iccad1\test\test_nhs\NNHS332.png7.png,0,0.002094089984893799
./iccad-official\iccad1\test\test_nhs\NNHS332.png8.png,0,0.00698697566986084
./iccad-official\iccad1\test\test_nhs\NNHS332.png9.png,0,0.010098040103912354
./iccad-official\iccad1\test\test_nhs\NNHS333.png1.png,0,0.0003833174705505371
./iccad-official\iccad1\test\test_nhs\NNHS333.png2.png,0,0.0007734298706054688
./iccad-official\iccad1\test\test_nhs\NNHS333.png3.png,0,0.0005639791488647461
./iccad-official\iccad1\test\test_nhs\NNHS333.png4.png,0,0.01612675189971924
./iccad-official\iccad1\test\test_nhs\NNHS333.png6.png,0,0.02044886350631714
./iccad-official\iccad1\test\test_nhs\NNHS333.png7.png,0,0.004246890544891357
./iccad-official\iccad1\test\test_nhs\NNHS333.png8.png,0,0.0067327022552490234
./iccad-official\iccad1\test\test_nhs\NNHS333.png9.png,0,0.001741945743560791
./iccad-official\iccad1\test\test_nhs\NNHS334.png1.png,0,0.0008339285850524902
./iccad-official\iccad1\test\test_nhs\NNHS334.png2.png,0,0.0004432797431945801
./iccad-official\iccad1\test\test_nhs\NNHS334.png3.png,0,0.0002892017364501953
./iccad-official\iccad1\test\test_nhs\NNHS334.png4.png,0,0.010833203792572021
./iccad-official\iccad1\test\test_nhs\NNHS334.png6.png,0,0.033592045307159424
./iccad-official\iccad1\test\test_nhs\NNHS334.png7.png,0,0.010339796543121338
./iccad-official\iccad1\test\test_nhs\NNHS334.png8.png,0,0.005863487720489502
./iccad-official\iccad1\test\test_nhs\NNHS334.png9.png,0,0.009171843528747559
./iccad-official\iccad1\test\test_nhs\NNHS335.png1.png,0,0.00047975778579711914
./iccad-official\iccad1\test\test_nhs\NNHS335.png2.png,0,0.0006123185157775879
./iccad-official\iccad1\test\test_nhs\NNHS335.png3.png,0,0.0002963542938232422
./iccad-official\iccad1\test\test_nhs\NNHS335.png4.png,0,0.02261364459991455
./iccad-official\iccad1\test\test_nhs\NNHS335.png6.png,0,0.007895052433013916
./iccad-official\iccad1\test\test_nhs\NNHS335.png7.png,0,0.004943370819091797
./iccad-official\iccad1\test\test_nhs\NNHS335.png8.png,0,0.007978558540344238
./iccad-official\iccad1\test\test_nhs\NNHS335.png9.png,0,0.007978558540344238
./iccad-official\iccad1\test\test_nhs\NNHS336.png1.png,0,0.0007727742195129395
./iccad-official\iccad1\test\test_nhs\NNHS336.png2.png,0,0.0021446943283081055
./iccad-official\iccad1\test\test_nhs\NNHS336.png3.png,0,0.00013387203216552734
./iccad-official\iccad1\test\test_nhs\NNHS336.png4.png,0,0.010351300239562988
./iccad-official\iccad1\test\test_nhs\NNHS336.png6.png,0,0.010351300239562988
./iccad-official\iccad1\test\test_nhs\NNHS336.png7.png,0,0.007686913013458252
./iccad-official\iccad1\test\test_nhs\NNHS336.png8.png,0,0.02635645866394043
./iccad-official\iccad1\test\test_nhs\NNHS336.png9.png,0,0.007769644260406494
./iccad-official\iccad1\test\test_nhs\NNHS337.png1.png,0,0.0009235739707946777
./iccad-official\iccad1\test\test_nhs\NNHS337.png2.png,0,0.0009235739707946777
./iccad-official\iccad1\test\test_nhs\NNHS337.png3.png,0,0.0014927983283996582
./iccad-official\iccad1\test\test_nhs\NNHS337.png4.png,0,0.033259451389312744
./iccad-official\iccad1\test\test_nhs\NNHS337.png6.png,0,0.007897615432739258
./iccad-official\iccad1\test\test_nhs\NNHS337.png7.png,0,0.009835779666900635
./iccad-official\iccad1\test\test_nhs\NNHS337.png8.png,0,0.008078813552856445
./iccad-official\iccad1\test\test_nhs\NNHS337.png9.png,0,0.017958521842956543
./iccad-official\iccad1\test\test_nhs\NNHS338.png1.png,0,0.003166794776916504
./iccad-official\iccad1\test\test_nhs\NNHS338.png2.png,0,0.0007276535034179688
./iccad-official\iccad1\test\test_nhs\NNHS338.png3.png,0,0.0018872618675231934
./iccad-official\iccad1\test\test_nhs\NNHS338.png4.png,0,0.005116105079650879
./iccad-official\iccad1\test\test_nhs\NNHS338.png6.png,0,0.01612675189971924
./iccad-official\iccad1\test\test_nhs\NNHS338.png7.png,0,0.0056809186935424805
./iccad-official\iccad1\test\test_nhs\NNHS338.png8.png,0,0.009343087673187256
./iccad-official\iccad1\test\test_nhs\NNHS338.png9.png,0,0.007978558540344238
./iccad-official\iccad1\test\test_nhs\NNHS339.png1.png,0,0.0009986162185668945
./iccad-official\iccad1\test\test_nhs\NNHS339.png2.png,0,0.0008112788200378418
./iccad-official\iccad1\test\test_nhs\NNHS339.png3.png,0,0.0008713603019714355
./iccad-official\iccad1\test\test_nhs\NNHS339.png4.png,0,0.014382123947143555
./iccad-official\iccad1\test\test_nhs\NNHS339.png6.png,0,0.0046059489250183105
./iccad-official\iccad1\test\test_nhs\NNHS339.png7.png,0,0.010819077491760254
./iccad-official\iccad1\test\test_nhs\NNHS339.png8.png,0,0.010819077491760254
./iccad-official\iccad1\test\test_nhs\NNHS339.png9.png,0,0.007659554481506348
./iccad-official\iccad1\test\test_nhs\NNHS340.png1.png,0,0.0010154247283935547
./iccad-official\iccad1\test\test_nhs\NNHS340.png2.png,0,0.0017635822296142578
./iccad-official\iccad1\test\test_nhs\NNHS340.png3.png,0,0.0017635822296142578
./iccad-official\iccad1\test\test_nhs\NNHS340.png4.png,0,0.020353317260742188
./iccad-official\iccad1\test\test_nhs\NNHS340.png6.png,0,0.0016303062438964844
./iccad-official\iccad1\test\test_nhs\NNHS340.png7.png,0,0.013883233070373535
./iccad-official\iccad1\test\test_nhs\NNHS340.png8.png,0,0.028173089027404785
./iccad-official\iccad1\test\test_nhs\NNHS340.png9.png,0,0.008270502090454102
./iccad-official\iccad1\test\test_nhs\NNHS341.png1.png,0,0.0005639791488647461
./iccad-official\iccad1\test\test_nhs\NNHS341.png2.png,0,0.0005639791488647461
./iccad-official\iccad1\test\test_nhs\NNHS341.png3.png,0,0.0005639791488647461
./iccad-official\iccad1\test\test_nhs\NNHS341.png4.png,0,0.01612675189971924
./iccad-official\iccad1\test\test_nhs\NNHS341.png6.png,0,0.014905333518981934
./iccad-official\iccad1\test\test_nhs\NNHS341.png7.png,0,0.02285832166671753
./iccad-official\iccad1\test\test_nhs\NNHS341.png8.png,0,0.0016353726387023926
./iccad-official\iccad1\test\test_nhs\NNHS341.png9.png,0,0.003302156925201416
./iccad-official\iccad1\test\test_nhs\NNHS342.png1.png,0,0.00029844045639038086
./iccad-official\iccad1\test\test_nhs\NNHS342.png2.png,0,0.00029844045639038086
./iccad-official\iccad1\test\test_nhs\NNHS342.png3.png,0,0.00046253204345703125
./iccad-official\iccad1\test\test_nhs\NNHS342.png4.png,0,0.010264575481414795
./iccad-official\iccad1\test\test_nhs\NNHS342.png6.png,0,0.013503491878509521
./iccad-official\iccad1\test\test_nhs\NNHS342.png7.png,0,0.00670546293258667
./iccad-official\iccad1\test\test_nhs\NNHS342.png8.png,0,0.007978558540344238
./iccad-official\iccad1\test\test_nhs\NNHS342.png9.png,0,0.010819077491760254
./iccad-official\iccad1\test\test_nhs\NNHS343.png1.png,0,0.0005275607109069824
./iccad-official\iccad1\test\test_nhs\NNHS343.png2.png,0,0.0030350089073181152
./iccad-official\iccad1\test\test_nhs\NNHS343.png3.png,0,0.0034577250480651855
./iccad-official\iccad1\test\test_nhs\NNHS343.png4.png,0,0.017089128494262695
./iccad-official\iccad1\test\test_nhs\NNHS343.png6.png,0,0.028483808040618896
./iccad-official\iccad1\test\test_nhs\NNHS343.png7.png,0,0.0029395222663879395
./iccad-official\iccad1\test\test_nhs\NNHS343.png8.png,0,0.0034633874893188477
./iccad-official\iccad1\test\test_nhs\NNHS343.png9.png,0,0.001972973346710205
./iccad-official\iccad1\test\test_nhs\NNHS344.png1.png,0,0.0009251832962036133
./iccad-official\iccad1\test\test_nhs\NNHS344.png2.png,0,0.0009251832962036133
./iccad-official\iccad1\test\test_nhs\NNHS344.png3.png,0,0.0009251832962036133
./iccad-official\iccad1\test\test_nhs\NNHS344.png4.png,0,0.01612675189971924
./iccad-official\iccad1\test\test_nhs\NNHS344.png6.png,0,0.024701595306396484
./iccad-official\iccad1\test\test_nhs\NNHS344.png7.png,0,0.01170039176940918
./iccad-official\iccad1\test\test_nhs\NNHS344.png8.png,0,0.006295442581176758
./iccad-official\iccad1\test\test_nhs\NNHS344.png9.png,0,0.003301382064819336
./iccad-official\iccad1\test\test_nhs\NNHS345.png1.png,0,0.0008723735809326172
./iccad-official\iccad1\test\test_nhs\NNHS345.png2.png,0,0.0006123781204223633
./iccad-official\iccad1\test\test_nhs\NNHS345.png3.png,0,0.0006123781204223633
./iccad-official\iccad1\test\test_nhs\NNHS345.png4.png,0,0.017636597156524658
./iccad-official\iccad1\test\test_nhs\NNHS345.png6.png,0,0.007472693920135498
./iccad-official\iccad1\test\test_nhs\NNHS345.png7.png,0,0.011919856071472168
./iccad-official\iccad1\test\test_nhs\NNHS345.png8.png,0,0.0020484328269958496
./iccad-official\iccad1\test\test_nhs\NNHS345.png9.png,0,0.005111992359161377
./iccad-official\iccad1\test\test_nhs\NNHS346.png1.png,0,0.0017783641815185547
./iccad-official\iccad1\test\test_nhs\NNHS346.png2.png,0,0.0011296272277832031
./iccad-official\iccad1\test\test_nhs\NNHS346.png3.png,0,0.0018732547760009766
./iccad-official\iccad1\test\test_nhs\NNHS346.png4.png,0,0.01661151647567749
./iccad-official\iccad1\test\test_nhs\NNHS346.png6.png,0,0.02310502529144287
./iccad-official\iccad1\test\test_nhs\NNHS346.png7.png,0,0.0006207823753356934
./iccad-official\iccad1\test\test_nhs\NNHS346.png8.png,0,0.0032961368560791016
./iccad-official\iccad1\test\test_nhs\NNHS346.png9.png,0,0.006186187267303467
./iccad-official\iccad1\test\test_nhs\NNHS347.png1.png,0,0.0009526610374450684
./iccad-official\iccad1\test\test_nhs\NNHS347.png2.png,0,0.0011737942695617676
./iccad-official\iccad1\test\test_nhs\NNHS347.png3.png,0,0.002426624298095703
./iccad-official\iccad1\test\test_nhs\NNHS347.png4.png,0,0.004547297954559326
./iccad-official\iccad1\test\test_nhs\NNHS347.png6.png,0,0.01612675189971924
./iccad-official\iccad1\test\test_nhs\NNHS347.png7.png,0,0.008223176002502441
./iccad-official\iccad1\test\test_nhs\NNHS347.png8.png,0,0.022596776485443115
./iccad-official\iccad1\test\test_nhs\NNHS347.png9.png,0,0.00947195291519165
./iccad-official\iccad1\test\test_nhs\NNHS348.png1.png,0,0.00027179718017578125
./iccad-official\iccad1\test\test_nhs\NNHS348.png2.png,0,0.0007216334342956543
./iccad-official\iccad1\test\test_nhs\NNHS348.png3.png,0,0.001918792724609375
./iccad-official\iccad1\test\test_nhs\NNHS348.png4.png,0,0.01612675189971924
./iccad-official\iccad1\test\test_nhs\NNHS348.png6.png,0,0.01612675189971924
./iccad-official\iccad1\test\test_nhs\NNHS348.png7.png,0,0.008040010929107666
./iccad-official\iccad1\test\test_nhs\NNHS348.png8.png,0,0.010819077491760254
./iccad-official\iccad1\test\test_nhs\NNHS348.png9.png,0,0.010819077491760254
./iccad-official\iccad1\test\test_nhs\NNHS349.png1.png,0,0.0007993578910827637
./iccad-official\iccad1\test\test_nhs\NNHS349.png2.png,0,0.0005505084991455078
./iccad-official\iccad1\test\test_nhs\NNHS349.png3.png,0,0.0008091330528259277
./iccad-official\iccad1\test\test_nhs\NNHS349.png4.png,0,0.011120617389678955
./iccad-official\iccad1\test\test_nhs\NNHS349.png6.png,0,0.014760076999664307
./iccad-official\iccad1\test\test_nhs\NNHS349.png7.png,0,0.0034222006797790527
./iccad-official\iccad1\test\test_nhs\NNHS349.png8.png,0,0.005425572395324707
./iccad-official\iccad1\test\test_nhs\NNHS349.png9.png,0,0.0007605552673339844
./iccad-official\iccad1\test\test_nhs\NNHS350.png1.png,0,0.0007642507553100586
./iccad-official\iccad1\test\test_nhs\NNHS350.png2.png,0,0.0010025501251220703
./iccad-official\iccad1\test\test_nhs\NNHS350.png3.png,0,0.0010480284690856934
./iccad-official\iccad1\test\test_nhs\NNHS350.png4.png,0,0.01612675189971924
./iccad-official\iccad1\test\test_nhs\NNHS350.png6.png,0,0.015860378742218018
./iccad-official\iccad1\test\test_nhs\NNHS350.png7.png,0,0.015054166316986084
./iccad-official\iccad1\test\test_nhs\NNHS350.png8.png,0,0.015054166316986084
./iccad-official\iccad1\test\test_nhs\NNHS350.png9.png,0,0.011692702770233154
./iccad-official\iccad1\test\test_nhs\NNHS351.png1.png,0,0.002617478370666504
./iccad-official\iccad1\test\test_nhs\NNHS351.png2.png,0,0.0015129446983337402
./iccad-official\iccad1\test\test_nhs\NNHS351.png3.png,0,0.0015129446983337402
./iccad-official\iccad1\test\test_nhs\NNHS351.png4.png,0,0.023840367794036865
./iccad-official\iccad1\test\test_nhs\NNHS351.png6.png,0,0.023840367794036865
./iccad-official\iccad1\test\test_nhs\NNHS351.png7.png,0,0.03656125068664551
./iccad-official\iccad1\test\test_nhs\NNHS351.png8.png,0,0.013916552066802979
./iccad-official\iccad1\test\test_nhs\NNHS351.png9.png,0,0.015709757804870605
./iccad-official\iccad1\test\test_nhs\NNHS352.png1.png,0,0.0005682706832885742
./iccad-official\iccad1\test\test_nhs\NNHS352.png2.png,0,0.00033915042877197266
./iccad-official\iccad1\test\test_nhs\NNHS352.png3.png,0,0.0006722807884216309
./iccad-official\iccad1\test\test_nhs\NNHS352.png4.png,0,0.0046277642250061035
./iccad-official\iccad1\test\test_nhs\NNHS352.png6.png,0,0.011644721031188965
./iccad-official\iccad1\test\test_nhs\NNHS352.png7.png,0,0.0019521713256835938
./iccad-official\iccad1\test\test_nhs\NNHS352.png8.png,0,0.0015345215797424316
./iccad-official\iccad1\test\test_nhs\NNHS352.png9.png,0,0.002216517925262451
./iccad-official\iccad1\test\test_nhs\NNHS353.png1.png,0,0.0014671683311462402
./iccad-official\iccad1\test\test_nhs\NNHS353.png2.png,0,0.0035223960876464844
./iccad-official\iccad1\test\test_nhs\NNHS353.png3.png,0,0.00025391578674316406
./iccad-official\iccad1\test\test_nhs\NNHS353.png4.png,0,0.004997968673706055
./iccad-official\iccad1\test\test_nhs\NNHS353.png6.png,0,0.006042897701263428
./iccad-official\iccad1\test\test_nhs\NNHS353.png7.png,0,0.014001190662384033
./iccad-official\iccad1\test\test_nhs\NNHS353.png8.png,0,0.003746926784515381
./iccad-official\iccad1\test\test_nhs\NNHS353.png9.png,0,0.009171843528747559
./iccad-official\iccad1\test\test_nhs\NNHS354.png1.png,0,0.0005639791488647461
./iccad-official\iccad1\test\test_nhs\NNHS354.png2.png,0,0.0005639791488647461
./iccad-official\iccad1\test\test_nhs\NNHS354.png3.png,0,0.0005639791488647461
./iccad-official\iccad1\test\test_nhs\NNHS354.png4.png,0,0.01612675189971924
./iccad-official\iccad1\test\test_nhs\NNHS354.png6.png,0,0.00453871488571167
./iccad-official\iccad1\test\test_nhs\NNHS354.png7.png,0,0.006697952747344971
./iccad-official\iccad1\test\test_nhs\NNHS354.png8.png,0,0.005001842975616455
./iccad-official\iccad1\test\test_nhs\NNHS354.png9.png,0,0.0029183626174926758
./iccad-official\iccad1\test\test_nhs\NNHS355.png1.png,0,0.0002835988998413086
./iccad-official\iccad1\test\test_nhs\NNHS355.png2.png,0,0.0016527175903320312
./iccad-official\iccad1\test\test_nhs\NNHS355.png3.png,0,0.0009033679962158203
./iccad-official\iccad1\test\test_nhs\NNHS355.png4.png,0,0.00486677885055542
./iccad-official\iccad1\test\test_nhs\NNHS355.png6.png,0,0.015103459358215332
./iccad-official\iccad1\test\test_nhs\NNHS355.png7.png,0,0.006518661975860596
./iccad-official\iccad1\test\test_nhs\NNHS355.png8.png,0,0.023737967014312744
./iccad-official\iccad1\test\test_nhs\NNHS355.png9.png,0,0.005279421806335449
./iccad-official\iccad1\test\test_nhs\NNHS356.png1.png,0,0.001081705093383789
./iccad-official\iccad1\test\test_nhs\NNHS356.png2.png,0,0.0010799765586853027
./iccad-official\iccad1\test\test_nhs\NNHS356.png3.png,0,0.0011708736419677734
./iccad-official\iccad1\test\test_nhs\NNHS356.png4.png,0,0.026203453540802002
./iccad-official\iccad1\test\test_nhs\NNHS356.png6.png,0,0.013399958610534668
./iccad-official\iccad1\test\test_nhs\NNHS356.png7.png,0,0.010819077491760254
./iccad-official\iccad1\test\test_nhs\NNHS356.png8.png,0,0.010819077491760254
./iccad-official\iccad1\test\test_nhs\NNHS356.png9.png,0,0.007041752338409424
./iccad-official\iccad1\test\test_nhs\NNHS357.png1.png,0,0.0005639791488647461
./iccad-official\iccad1\test\test_nhs\NNHS357.png2.png,0,0.0005639791488647461
./iccad-official\iccad1\test\test_nhs\NNHS357.png3.png,0,0.0005639791488647461
./iccad-official\iccad1\test\test_nhs\NNHS357.png4.png,0,0.014760076999664307
./iccad-official\iccad1\test\test_nhs\NNHS357.png6.png,0,0.022850632667541504
./iccad-official\iccad1\test\test_nhs\NNHS357.png7.png,0,0.015847206115722656
./iccad-official\iccad1\test\test_nhs\NNHS357.png8.png,0,0.0035704970359802246
./iccad-official\iccad1\test\test_nhs\NNHS357.png9.png,0,0.0007546544075012207
./iccad-official\iccad1\test\test_nhs\NNHS358.png1.png,0,0.00033658742904663086
./iccad-official\iccad1\test\test_nhs\NNHS358.png2.png,0,0.0030459165573120117
./iccad-official\iccad1\test\test_nhs\NNHS358.png3.png,0,0.000641167163848877
./iccad-official\iccad1\test\test_nhs\NNHS358.png4.png,0,0.02834242582321167
./iccad-official\iccad1\test\test_nhs\NNHS358.png6.png,0,0.014760076999664307
./iccad-official\iccad1\test\test_nhs\NNHS358.png7.png,0,0.006030082702636719
./iccad-official\iccad1\test\test_nhs\NNHS358.png8.png,0,0.01048135757446289
./iccad-official\iccad1\test\test_nhs\NNHS358.png9.png,0,0.007978558540344238
./iccad-official\iccad1\test\test_nhs\NNHS359.png1.png,0,0.0005639791488647461
./iccad-official\iccad1\test\test_nhs\NNHS359.png2.png,0,0.0005639791488647461
./iccad-official\iccad1\test\test_nhs\NNHS359.png3.png,0,0.0005639791488647461
./iccad-official\iccad1\test\test_nhs\NNHS359.png4.png,0,0.01612675189971924
./iccad-official\iccad1\test\test_nhs\NNHS359.png6.png,0,0.0264890193939209
./iccad-official\iccad1\test\test_nhs\NNHS359.png7.png,0,0.009171843528747559
./iccad-official\iccad1\test\test_nhs\NNHS359.png8.png,0,0.008192241191864014
./iccad-official\iccad1\test\test_nhs\NNHS359.png9.png,0,0.007978558540344238
./iccad-official\iccad1\test\test_nhs\NNHS360.png1.png,0,0.0006262063980102539
./iccad-official\iccad1\test\test_nhs\NNHS360.png2.png,0,0.0014852285385131836
./iccad-official\iccad1\test\test_nhs\NNHS360.png3.png,0,0.0011764764785766602
./iccad-official\iccad1\test\test_nhs\NNHS360.png4.png,0,0.0013183355331420898
./iccad-official\iccad1\test\test_nhs\NNHS360.png6.png,0,0.003149271011352539
./iccad-official\iccad1\test\test_nhs\NNHS360.png7.png,0,0.013083159923553467
./iccad-official\iccad1\test\test_nhs\NNHS360.png8.png,0,0.009171843528747559
./iccad-official\iccad1\test\test_nhs\NNHS360.png9.png,0,0.009171843528747559
./iccad-official\iccad1\test\test_nhs\NNHS361.png1.png,0,0.0013580322265625
./iccad-official\iccad1\test\test_nhs\NNHS361.png2.png,0,0.0013580322265625
./iccad-official\iccad1\test\test_nhs\NNHS361.png3.png,0,0.0013580322265625
./iccad-official\iccad1\test\test_nhs\NNHS361.png4.png,0,0.01612675189971924
./iccad-official\iccad1\test\test_nhs\NNHS361.png6.png,0,0.014760076999664307
./iccad-official\iccad1\test\test_nhs\NNHS361.png7.png,0,0.02327817678451538
./iccad-official\iccad1\test\test_nhs\NNHS361.png8.png,0,0.0032197237014770508
./iccad-official\iccad1\test\test_nhs\NNHS361.png9.png,0,0.0006489753723144531
./iccad-official\iccad1\test\test_nhs\NNHS362.png1.png,0,0.0006304383277893066
./iccad-official\iccad1\test\test_nhs\NNHS362.png2.png,0,0.0002676248550415039
./iccad-official\iccad1\test\test_nhs\NNHS362.png3.png,0,0.0007576942443847656
./iccad-official\iccad1\test\test_nhs\NNHS362.png4.png,0,0.007818937301635742
./iccad-official\iccad1\test\test_nhs\NNHS362.png6.png,0,0.004547297954559326
./iccad-official\iccad1\test\test_nhs\NNHS362.png7.png,0,0.004943370819091797
./iccad-official\iccad1\test\test_nhs\NNHS362.png8.png,0,0.007978558540344238
./iccad-official\iccad1\test\test_nhs\NNHS362.png9.png,0,0.007978558540344238
./iccad-official\iccad1\test\test_nhs\NNHS363.png1.png,0,0.0008713603019714355
./iccad-official\iccad1\test\test_nhs\NNHS363.png2.png,0,0.0008713603019714355
./iccad-official\iccad1\test\test_nhs\NNHS363.png3.png,0,0.0008713603019714355
./iccad-official\iccad1\test\test_nhs\NNHS363.png4.png,0,0.0061553120613098145
./iccad-official\iccad1\test\test_nhs\NNHS363.png6.png,0,0.027819395065307617
./iccad-official\iccad1\test\test_nhs\NNHS363.png7.png,0,0.0029733777046203613
./iccad-official\iccad1\test\test_nhs\NNHS363.png8.png,0,0.001787424087524414
./iccad-official\iccad1\test\test_nhs\NNHS363.png9.png,0,0.0013402104377746582
./iccad-official\iccad1\test\test_nhs\NNHS364.png1.png,0,0.0012897849082946777
./iccad-official\iccad1\test\test_nhs\NNHS364.png2.png,0,0.0007698535919189453
./iccad-official\iccad1\test\test_nhs\NNHS364.png3.png,0,0.00028908252716064453
./iccad-official\iccad1\test\test_nhs\NNHS364.png4.png,0,0.03113025426864624
./iccad-official\iccad1\test\test_nhs\NNHS364.png6.png,0,0.01612675189971924
./iccad-official\iccad1\test\test_nhs\NNHS364.png7.png,0,0.007978558540344238
./iccad-official\iccad1\test\test_nhs\NNHS364.png8.png,0,0.008386194705963135
./iccad-official\iccad1\test\test_nhs\NNHS364.png9.png,0,0.0028406381607055664
./iccad-official\iccad1\test\test_nhs\NNHS365.png1.png,0,0.0014781951904296875
./iccad-official\iccad1\test\test_nhs\NNHS365.png2.png,0,0.0013006329536437988
./iccad-official\iccad1\test\test_nhs\NNHS365.png3.png,0,0.0007033348083496094
./iccad-official\iccad1\test\test_nhs\NNHS365.png4.png,0,0.003592550754547119
./iccad-official\iccad1\test\test_nhs\NNHS365.png6.png,0,0.0031607747077941895
./iccad-official\iccad1\test\test_nhs\NNHS365.png7.png,0,0.010098040103912354
./iccad-official\iccad1\test\test_nhs\NNHS365.png8.png,0,0.010819077491760254
./iccad-official\iccad1\test\test_nhs\NNHS365.png9.png,0,0.010819077491760254
./iccad-official\iccad1\test\test_nhs\NNHS366.png1.png,0,0.0005639791488647461
./iccad-official\iccad1\test\test_nhs\NNHS366.png2.png,0,0.0015150904655456543
./iccad-official\iccad1\test\test_nhs\NNHS366.png3.png,0,0.0008713603019714355
./iccad-official\iccad1\test\test_nhs\NNHS366.png4.png,0,0.01612675189971924
./iccad-official\iccad1\test\test_nhs\NNHS366.png6.png,0,0.013244271278381348
./iccad-official\iccad1\test\test_nhs\NNHS366.png7.png,0,0.001647353172302246
./iccad-official\iccad1\test\test_nhs\NNHS366.png8.png,0,0.0022698044776916504
./iccad-official\iccad1\test\test_nhs\NNHS366.png9.png,0,0.004927933216094971
./iccad-official\iccad1\test\test_nhs\NNHS367.png1.png,0,0.0005639791488647461
./iccad-official\iccad1\test\test_nhs\NNHS367.png2.png,0,0.0006902813911437988
./iccad-official\iccad1\test\test_nhs\NNHS367.png3.png,0,0.0033078789710998535
./iccad-official\iccad1\test\test_nhs\NNHS367.png4.png,0,0.014760076999664307
./iccad-official\iccad1\test\test_nhs\NNHS367.png6.png,0,0.014760076999664307
./iccad-official\iccad1\test\test_nhs\NNHS367.png7.png,0,0.0035421252250671387
./iccad-official\iccad1\test\test_nhs\NNHS367.png8.png,0,0.00657278299331665
./iccad-official\iccad1\test\test_nhs\NNHS367.png9.png,0,0.012097418308258057
./iccad-official\iccad1\test\test_nhs\NNHS368.png1.png,0,0.001187145709991455
./iccad-official\iccad1\test\test_nhs\NNHS368.png2.png,0,0.0009251832962036133
./iccad-official\iccad1\test\test_nhs\NNHS368.png3.png,0,0.0009029507637023926
./iccad-official\iccad1\test\test_nhs\NNHS368.png4.png,0,0.01612675189971924
./iccad-official\iccad1\test\test_nhs\NNHS368.png6.png,0,0.01612675189971924
./iccad-official\iccad1\test\test_nhs\NNHS368.png7.png,0,0.007978558540344238
./iccad-official\iccad1\test\test_nhs\NNHS368.png8.png,0,0.0033036470413208008
./iccad-official\iccad1\test\test_nhs\NNHS368.png9.png,0,0.01247107982635498
./iccad-official\iccad1\test\test_nhs\NNHS369.png1.png,0,0.0016933083534240723
./iccad-official\iccad1\test\test_nhs\NNHS369.png2.png,0,0.010093748569488525
./iccad-official\iccad1\test\test_nhs\NNHS369.png3.png,0,0.0007216334342956543
./iccad-official\iccad1\test\test_nhs\NNHS369.png4.png,0,0.0105552077293396
./iccad-official\iccad1\test\test_nhs\NNHS369.png6.png,0,0.026738882064819336
./iccad-official\iccad1\test\test_nhs\NNHS369.png7.png,0,0.004224956035614014
./iccad-official\iccad1\test\test_nhs\NNHS369.png8.png,0,0.0032657980918884277
./iccad-official\iccad1\test\test_nhs\NNHS369.png9.png,0,0.006366431713104248
./iccad-official\iccad1\test\test_nhs\NNHS370.png1.png,0,0.00025391578674316406
./iccad-official\iccad1\test\test_nhs\NNHS370.png2.png,0,0.00025391578674316406
./iccad-official\iccad1\test\test_nhs\NNHS370.png3.png,0,0.00030243396759033203
./iccad-official\iccad1\test\test_nhs\NNHS370.png4.png,0,0.01612675189971924
./iccad-official\iccad1\test\test_nhs\NNHS370.png6.png,0,0.02480870485305786
./iccad-official\iccad1\test\test_nhs\NNHS370.png7.png,0,0.0177689790725708
./iccad-official\iccad1\test\test_nhs\NNHS370.png8.png,0,0.00917518138885498
./iccad-official\iccad1\test\test_nhs\NNHS370.png9.png,0,0.011504650115966797
./iccad-official\iccad1\test\test_nhs\NNHS371.png1.png,0,0.0011296272277832031
./iccad-official\iccad1\test\test_nhs\NNHS371.png2.png,0,0.001332700252532959
./iccad-official\iccad1\test\test_nhs\NNHS371.png3.png,0,0.0011296272277832031
./iccad-official\iccad1\test\test_nhs\NNHS371.png4.png,0,0.00788050889968872
./iccad-official\iccad1\test\test_nhs\NNHS371.png6.png,0,0.00788050889968872
./iccad-official\iccad1\test\test_nhs\NNHS371.png7.png,0,0.007978558540344238
./iccad-official\iccad1\test\test_nhs\NNHS371.png8.png,0,0.008422255516052246
./iccad-official\iccad1\test\test_nhs\NNHS371.png9.png,0,0.00777965784072876
./iccad-official\iccad1\test\test_nhs\NNHS372.png1.png,0,0.0005774497985839844
./iccad-official\iccad1\test\test_nhs\NNHS372.png2.png,0,0.0005639791488647461
./iccad-official\iccad1\test\test_nhs\NNHS372.png3.png,0,0.0005753636360168457
./iccad-official\iccad1\test\test_nhs\NNHS372.png4.png,0,0.02075725793838501
./iccad-official\iccad1\test\test_nhs\NNHS372.png6.png,0,0.0064324140548706055
./iccad-official\iccad1\test\test_nhs\NNHS372.png7.png,0,0.007978558540344238
./iccad-official\iccad1\test\test_nhs\NNHS372.png8.png,0,0.018498599529266357
./iccad-official\iccad1\test\test_nhs\NNHS372.png9.png,0,0.010838031768798828
./iccad-official\iccad1\test\test_nhs\NNHS373.png1.png,0,0.0006688237190246582
./iccad-official\iccad1\test\test_nhs\NNHS373.png2.png,0,0.0006149411201477051
./iccad-official\iccad1\test\test_nhs\NNHS373.png3.png,0,0.0005639791488647461
./iccad-official\iccad1\test\test_nhs\NNHS373.png4.png,0,0.011735022068023682
./iccad-official\iccad1\test\test_nhs\NNHS373.png6.png,0,0.004045724868774414
./iccad-official\iccad1\test\test_nhs\NNHS373.png7.png,0,0.004943370819091797
./iccad-official\iccad1\test\test_nhs\NNHS373.png8.png,0,0.007978558540344238
./iccad-official\iccad1\test\test_nhs\NNHS373.png9.png,0,0.007978558540344238
./iccad-official\iccad1\test\test_nhs\NNHS374.png1.png,0,0.0007727742195129395
./iccad-official\iccad1\test\test_nhs\NNHS374.png2.png,0,0.0013504624366760254
./iccad-official\iccad1\test\test_nhs\NNHS374.png3.png,0,0.0017197132110595703
./iccad-official\iccad1\test\test_nhs\NNHS374.png4.png,0,0.01123201847076416
./iccad-official\iccad1\test\test_nhs\NNHS374.png6.png,0,0.0138319730758667
./iccad-official\iccad1\test\test_nhs\NNHS374.png7.png,0,0.007978558540344238
./iccad-official\iccad1\test\test_nhs\NNHS374.png8.png,0,0.007978558540344238
./iccad-official\iccad1\test\test_nhs\NNHS374.png9.png,0,0.007978558540344238
./iccad-official\iccad1\test\test_nhs\NNHS375.png1.png,0,0.0005001425743103027
./iccad-official\iccad1\test\test_nhs\NNHS375.png2.png,0,0.005359768867492676
./iccad-official\iccad1\test\test_nhs\NNHS375.png3.png,0,0.002369821071624756
./iccad-official\iccad1\test\test_nhs\NNHS375.png4.png,0,0.0019727349281311035
./iccad-official\iccad1\test\test_nhs\NNHS375.png6.png,0,0.0019777417182922363
./iccad-official\iccad1\test\test_nhs\NNHS375.png7.png,0,0.004334628582000732
./iccad-official\iccad1\test\test_nhs\NNHS375.png8.png,0,0.0020891427993774414
./iccad-official\iccad1\test\test_nhs\NNHS375.png9.png,0,0.0026441216468811035
./iccad-official\iccad1\test\test_nhs\NNHS376.png1.png,0,0.0006123781204223633
./iccad-official\iccad1\test\test_nhs\NNHS376.png2.png,0,0.0009818673133850098
./iccad-official\iccad1\test\test_nhs\NNHS376.png3.png,0,0.0006757974624633789
./iccad-official\iccad1\test\test_nhs\NNHS376.png4.png,0,0.01612675189971924
./iccad-official\iccad1\test\test_nhs\NNHS376.png6.png,0,0.01612675189971924
./iccad-official\iccad1\test\test_nhs\NNHS376.png7.png,0,0.00657278299331665
./iccad-official\iccad1\test\test_nhs\NNHS376.png8.png,0,0.00657278299331665
./iccad-official\iccad1\test\test_nhs\NNHS376.png9.png,0,0.00657278299331665
./iccad-official\iccad1\test\test_nhs\NNHS377.png1.png,0,0.0005639791488647461
./iccad-official\iccad1\test\test_nhs\NNHS377.png2.png,0,0.0005639791488647461
./iccad-official\iccad1\test\test_nhs\NNHS377.png3.png,0,0.0005639791488647461
./iccad-official\iccad1\test\test_nhs\NNHS377.png4.png,0,0.023395955562591553
./iccad-official\iccad1\test\test_nhs\NNHS377.png6.png,0,0.018666505813598633
./iccad-official\iccad1\test\test_nhs\NNHS377.png7.png,0,0.00657278299331665
./iccad-official\iccad1\test\test_nhs\NNHS377.png8.png,0,0.0027265548706054688
./iccad-official\iccad1\test\test_nhs\NNHS377.png9.png,0,0.0016760826110839844
./iccad-official\iccad1\test\test_nhs\NNHS378.png1.png,0,0.0013109445571899414
./iccad-official\iccad1\test\test_nhs\NNHS378.png2.png,0,0.000555872917175293
./iccad-official\iccad1\test\test_nhs\NNHS378.png3.png,0,0.0014132857322692871
./iccad-official\iccad1\test\test_nhs\NNHS378.png4.png,0,0.01612675189971924
./iccad-official\iccad1\test\test_nhs\NNHS378.png6.png,0,0.01612675189971924
./iccad-official\iccad1\test\test_nhs\NNHS378.png7.png,0,0.007978558540344238
./iccad-official\iccad1\test\test_nhs\NNHS378.png8.png,0,0.007978558540344238
./iccad-official\iccad1\test\test_nhs\NNHS378.png9.png,0,0.014888882637023926
./iccad-official\iccad1\test\test_nhs\NNHS379.png1.png,0,0.0008022785186767578
./iccad-official\iccad1\test\test_nhs\NNHS379.png2.png,0,0.0003097653388977051
./iccad-official\iccad1\test\test_nhs\NNHS379.png3.png,0,0.00025391578674316406
./iccad-official\iccad1\test\test_nhs\NNHS379.png4.png,0,0.02075725793838501
./iccad-official\iccad1\test\test_nhs\NNHS379.png6.png,0,0.02750033140182495
./iccad-official\iccad1\test\test_nhs\NNHS379.png7.png,0,0.012040019035339355
./iccad-official\iccad1\test\test_nhs\NNHS379.png8.png,0,0.005712032318115234
./iccad-official\iccad1\test\test_nhs\NNHS379.png9.png,0,0.012995302677154541
./iccad-official\iccad1\test\test_nhs\NNHS380.png1.png,0,0.0007216334342956543
./iccad-official\iccad1\test\test_nhs\NNHS380.png2.png,0,0.0007216334342956543
./iccad-official\iccad1\test\test_nhs\NNHS380.png3.png,0,0.0007216334342956543
./iccad-official\iccad1\test\test_nhs\NNHS380.png4.png,0,0.004547297954559326
./iccad-official\iccad1\test\test_nhs\NNHS380.png6.png,0,0.01837092638015747
./iccad-official\iccad1\test\test_nhs\NNHS380.png7.png,0,0.0017484426498413086
./iccad-official\iccad1\test\test_nhs\NNHS380.png8.png,0,0.004237949848175049
./iccad-official\iccad1\test\test_nhs\NNHS380.png9.png,0,0.0005548000335693359
./iccad-official\iccad1\test\test_nhs\NNHS381.png1.png,0,0.0007251501083374023
./iccad-official\iccad1\test\test_nhs\NNHS381.png2.png,0,0.0008713603019714355
./iccad-official\iccad1\test\test_nhs\NNHS381.png3.png,0,0.0008886456489562988
./iccad-official\iccad1\test\test_nhs\NNHS381.png4.png,0,0.030893921852111816
./iccad-official\iccad1\test\test_nhs\NNHS381.png6.png,0,0.026707828044891357
./iccad-official\iccad1\test\test_nhs\NNHS381.png7.png,0,0.02131563425064087
./iccad-official\iccad1\test\test_nhs\NNHS381.png8.png,0,0.01591891050338745
./iccad-official\iccad1\test\test_nhs\NNHS381.png9.png,0,0.023035824298858643
./iccad-official\iccad1\test\test_nhs\NNHS382.png1.png,0,0.0007216334342956543
./iccad-official\iccad1\test\test_nhs\NNHS382.png2.png,0,0.002491593360900879
./iccad-official\iccad1\test\test_nhs\NNHS382.png3.png,0,0.002105534076690674
./iccad-official\iccad1\test\test_nhs\NNHS382.png4.png,0,0.017081081867218018
./iccad-official\iccad1\test\test_nhs\NNHS382.png6.png,0,0.017081081867218018
./iccad-official\iccad1\test\test_nhs\NNHS382.png7.png,0,0.008339881896972656
./iccad-official\iccad1\test\test_nhs\NNHS382.png8.png,0,0.0009684562683105469
./iccad-official\iccad1\test\test_nhs\NNHS382.png9.png,0,0.032435834407806396
./iccad-official\iccad1\test\test_nhs\NNHS383.png1.png,0,0.0005357861518859863
./iccad-official\iccad1\test\test_nhs\NNHS383.png2.png,0,0.0005092024803161621
./iccad-official\iccad1\test\test_nhs\NNHS383.png3.png,0,0.0008818507194519043
./iccad-official\iccad1\test\test_nhs\NNHS383.png4.png,0,0.023840367794036865
./iccad-official\iccad1\test\test_nhs\NNHS383.png6.png,0,0.023840367794036865
./iccad-official\iccad1\test\test_nhs\NNHS383.png7.png,0,0.0016760826110839844
./iccad-official\iccad1\test\test_nhs\NNHS383.png8.png,0,0.0016760826110839844
./iccad-official\iccad1\test\test_nhs\NNHS383.png9.png,0,0.001763463020324707
./iccad-official\iccad1\test\test_nhs\NNHS384.png1.png,0,0.0010489225387573242
./iccad-official\iccad1\test\test_nhs\NNHS384.png2.png,0,0.0011960864067077637
./iccad-official\iccad1\test\test_nhs\NNHS384.png3.png,0,0.0009251832962036133
./iccad-official\iccad1\test\test_nhs\NNHS384.png4.png,0,0.03552812337875366
./iccad-official\iccad1\test\test_nhs\NNHS384.png6.png,0,0.033592045307159424
./iccad-official\iccad1\test\test_nhs\NNHS384.png7.png,0,0.03251636028289795
./iccad-official\iccad1\test\test_nhs\NNHS384.png8.png,0,0.0048059821128845215
./iccad-official\iccad1\test\test_nhs\NNHS384.png9.png,0,0.000641942024230957
./iccad-official\iccad1\test\test_nhs\NNHS385.png1.png,0,0.0008001923561096191
./iccad-official\iccad1\test\test_nhs\NNHS385.png2.png,0,0.0011438727378845215
./iccad-official\iccad1\test\test_nhs\NNHS385.png3.png,0,0.001964092254638672
./iccad-official\iccad1\test\test_nhs\NNHS385.png4.png,0,0.05324012041091919
./iccad-official\iccad1\test\test_nhs\NNHS385.png6.png,0,0.030471086502075195
./iccad-official\iccad1\test\test_nhs\NNHS385.png7.png,0,0.002441883087158203
./iccad-official\iccad1\test\test_nhs\NNHS385.png8.png,0,0.0026441216468811035
./iccad-official\iccad1\test\test_nhs\NNHS385.png9.png,0,0.004813253879547119
./iccad-official\iccad1\test\test_nhs\NNHS386.png1.png,0,0.0014837980270385742
./iccad-official\iccad1\test\test_nhs\NNHS386.png2.png,0,0.0009261965751647949
./iccad-official\iccad1\test\test_nhs\NNHS386.png3.png,0,0.0008713603019714355
./iccad-official\iccad1\test\test_nhs\NNHS386.png4.png,0,0.013757050037384033
./iccad-official\iccad1\test\test_nhs\NNHS386.png6.png,0,0.01612675189971924
./iccad-official\iccad1\test\test_nhs\NNHS386.png7.png,0,0.00716787576675415
./iccad-official\iccad1\test\test_nhs\NNHS386.png8.png,0,0.00716787576675415
./iccad-official\iccad1\test\test_nhs\NNHS386.png9.png,0,0.003841578960418701
./iccad-official\iccad1\test\test_nhs\NNHS387.png1.png,0,0.0005639791488647461
./iccad-official\iccad1\test\test_nhs\NNHS387.png2.png,0,0.0005639791488647461
./iccad-official\iccad1\test\test_nhs\NNHS387.png3.png,0,0.0005639791488647461
./iccad-official\iccad1\test\test_nhs\NNHS387.png4.png,0,0.01612675189971924
./iccad-official\iccad1\test\test_nhs\NNHS387.png6.png,0,0.01612675189971924
./iccad-official\iccad1\test\test_nhs\NNHS387.png7.png,0,0.0019622445106506348
./iccad-official\iccad1\test\test_nhs\NNHS387.png8.png,0,0.004351139068603516
./iccad-official\iccad1\test\test_nhs\NNHS387.png9.png,0,0.004307568073272705
./iccad-official\iccad1\test\test_nhs\NNHS388.png1.png,0,0.0024001598358154297
./iccad-official\iccad1\test\test_nhs\NNHS388.png2.png,0,0.0016030669212341309
./iccad-official\iccad1\test\test_nhs\NNHS388.png3.png,0,0.001255810260772705
./iccad-official\iccad1\test\test_nhs\NNHS388.png4.png,0,0.014876902103424072
./iccad-official\iccad1\test\test_nhs\NNHS388.png6.png,0,0.01612675189971924
./iccad-official\iccad1\test\test_nhs\NNHS388.png7.png,0,0.008166849613189697
./iccad-official\iccad1\test\test_nhs\NNHS388.png8.png,0,0.006186187267303467
./iccad-official\iccad1\test\test_nhs\NNHS388.png9.png,0,0.006186187267303467
./iccad-official\iccad1\test\test_nhs\NNHS389.png1.png,0,0.0008713603019714355
./iccad-official\iccad1\test\test_nhs\NNHS389.png2.png,0,0.0008713603019714355
./iccad-official\iccad1\test\test_nhs\NNHS389.png3.png,0,0.0008713603019714355
./iccad-official\iccad1\test\test_nhs\NNHS389.png4.png,0,0.014760076999664307
./iccad-official\iccad1\test\test_nhs\NNHS389.png6.png,0,0.022258877754211426
./iccad-official\iccad1\test\test_nhs\NNHS389.png7.png,0,0.0011406540870666504
./iccad-official\iccad1\test\test_nhs\NNHS389.png8.png,0,0.0009616613388061523
./iccad-official\iccad1\test\test_nhs\NNHS389.png9.png,0,0.0047646164894104
./iccad-official\iccad1\test\test_nhs\NNHS390.png1.png,0,0.0018517374992370605
./iccad-official\iccad1\test\test_nhs\NNHS390.png2.png,0,0.000799715518951416
./iccad-official\iccad1\test\test_nhs\NNHS390.png3.png,0,0.0018482804298400879
./iccad-official\iccad1\test\test_nhs\NNHS390.png4.png,0,0.003592550754547119
./iccad-official\iccad1\test\test_nhs\NNHS390.png6.png,0,0.0071784257888793945
./iccad-official\iccad1\test\test_nhs\NNHS390.png7.png,0,0.003841996192932129
./iccad-official\iccad1\test\test_nhs\NNHS390.png8.png,0,0.0022929906845092773
./iccad-official\iccad1\test\test_nhs\NNHS390.png9.png,0,0.002270936965942383
./iccad-official\iccad1\test\test_nhs\NNHS391.png1.png,0,0.0014650225639343262
./iccad-official\iccad1\test\test_nhs\NNHS391.png2.png,0,0.0006222128868103027
./iccad-official\iccad1\test\test_nhs\NNHS391.png3.png,0,0.0036728382110595703
./iccad-official\iccad1\test\test_nhs\NNHS391.png4.png,0,0.00792384147644043
./iccad-official\iccad1\test\test_nhs\NNHS391.png6.png,0,0.008191406726837158
./iccad-official\iccad1\test\test_nhs\NNHS391.png7.png,0,0.011005222797393799
./iccad-official\iccad1\test\test_nhs\NNHS391.png8.png,0,0.04390561580657959
./iccad-official\iccad1\test\test_nhs\NNHS391.png9.png,0,0.02013707160949707
./iccad-official\iccad1\test\test_nhs\NNHS392.png1.png,0,0.0007011890411376953
./iccad-official\iccad1\test\test_nhs\NNHS392.png2.png,0,0.0007011890411376953
./iccad-official\iccad1\test\test_nhs\NNHS392.png3.png,0,0.0007011890411376953
./iccad-official\iccad1\test\test_nhs\NNHS392.png4.png,0,0.029397547245025635
./iccad-official\iccad1\test\test_nhs\NNHS392.png6.png,0,0.029397547245025635
./iccad-official\iccad1\test\test_nhs\NNHS392.png7.png,0,0.015218496322631836
./iccad-official\iccad1\test\test_nhs\NNHS392.png8.png,0,0.015329182147979736
./iccad-official\iccad1\test\test_nhs\NNHS392.png9.png,0,0.004833817481994629
./iccad-official\iccad1\test\test_nhs\NNHS393.png1.png,0,0.000590205192565918
./iccad-official\iccad1\test\test_nhs\NNHS393.png2.png,0,0.001065969467163086
./iccad-official\iccad1\test\test_nhs\NNHS393.png3.png,0,0.0011764764785766602
./iccad-official\iccad1\test\test_nhs\NNHS393.png4.png,0,0.0033146142959594727
./iccad-official\iccad1\test\test_nhs\NNHS393.png6.png,0,0.003033161163330078
./iccad-official\iccad1\test\test_nhs\NNHS393.png7.png,0,0.0009258389472961426
./iccad-official\iccad1\test\test_nhs\NNHS393.png8.png,0,0.007909297943115234
./iccad-official\iccad1\test\test_nhs\NNHS393.png9.png,0,0.005392551422119141
./iccad-official\iccad1\test\test_nhs\NNHS394.png1.png,0,0.005289852619171143
./iccad-official\iccad1\test\test_nhs\NNHS394.png2.png,0,0.0012342333793640137
./iccad-official\iccad1\test\test_nhs\NNHS394.png3.png,0,0.0021923184394836426
./iccad-official\iccad1\test\test_nhs\NNHS394.png4.png,0,0.01612675189971924
./iccad-official\iccad1\test\test_nhs\NNHS394.png6.png,0,0.01612675189971924
./iccad-official\iccad1\test\test_nhs\NNHS394.png7.png,0,0.006186187267303467
./iccad-official\iccad1\test\test_nhs\NNHS394.png8.png,0,0.006186187267303467
./iccad-official\iccad1\test\test_nhs\NNHS394.png9.png,0,0.006186187267303467
./iccad-official\iccad1\test\test_nhs\NNHS395.png1.png,0,0.0007216334342956543
./iccad-official\iccad1\test\test_nhs\NNHS395.png2.png,0,0.0007216334342956543
./iccad-official\iccad1\test\test_nhs\NNHS395.png3.png,0,0.0010287761688232422
./iccad-official\iccad1\test\test_nhs\NNHS395.png4.png,0,0.001358330249786377
./iccad-official\iccad1\test\test_nhs\NNHS395.png6.png,0,0.04719811677932739
./iccad-official\iccad1\test\test_nhs\NNHS395.png7.png,0,0.007978558540344238
./iccad-official\iccad1\test\test_nhs\NNHS395.png8.png,0,0.007978558540344238
./iccad-official\iccad1\test\test_nhs\NNHS395.png9.png,0,0.007978558540344238
./iccad-official\iccad1\test\test_nhs\NNHS396.png1.png,0,0.0011162757873535156
./iccad-official\iccad1\test\test_nhs\NNHS396.png2.png,0,0.00032466650009155273
./iccad-official\iccad1\test\test_nhs\NNHS396.png3.png,0,0.00032466650009155273
./iccad-official\iccad1\test\test_nhs\NNHS396.png4.png,0,0.006543278694152832
./iccad-official\iccad1\test\test_nhs\NNHS396.png6.png,0,0.010523498058319092
./iccad-official\iccad1\test\test_nhs\NNHS396.png7.png,0,0.0035195350646972656
./iccad-official\iccad1\test\test_nhs\NNHS396.png8.png,0,0.0035195350646972656
./iccad-official\iccad1\test\test_nhs\NNHS396.png9.png,0,0.0033285021781921387
./iccad-official\iccad1\test\test_nhs\NNHS397.png1.png,0,0.0006555318832397461
./iccad-official\iccad1\test\test_nhs\NNHS397.png2.png,0,0.0019821524620056152
./iccad-official\iccad1\test\test_nhs\NNHS397.png3.png,0,0.0018482804298400879
./iccad-official\iccad1\test\test_nhs\NNHS397.png4.png,0,0.02307373285293579
./iccad-official\iccad1\test\test_nhs\NNHS397.png6.png,0,0.02307373285293579
./iccad-official\iccad1\test\test_nhs\NNHS397.png7.png,0,0.010098040103912354
./iccad-official\iccad1\test\test_nhs\NNHS397.png8.png,0,0.010819077491760254
./iccad-official\iccad1\test\test_nhs\NNHS397.png9.png,0,0.010819077491760254
./iccad-official\iccad1\test\test_nhs\NNHS398.png1.png,0,0.0005639791488647461
./iccad-official\iccad1\test\test_nhs\NNHS398.png2.png,0,0.0011764764785766602
./iccad-official\iccad1\test\test_nhs\NNHS398.png3.png,0,0.0013654232025146484
./iccad-official\iccad1\test\test_nhs\NNHS398.png4.png,0,0.008663833141326904
./iccad-official\iccad1\test\test_nhs\NNHS398.png6.png,0,0.021474242210388184
./iccad-official\iccad1\test\test_nhs\NNHS398.png7.png,0,0.011572062969207764
./iccad-official\iccad1\test\test_nhs\NNHS398.png8.png,0,0.02270221710205078
./iccad-official\iccad1\test\test_nhs\NNHS398.png9.png,0,0.009300708770751953
./iccad-official\iccad1\test\test_nhs\NNHS399.png1.png,0,0.0005639791488647461
./iccad-official\iccad1\test\test_nhs\NNHS399.png2.png,0,0.0005639791488647461
./iccad-official\iccad1\test\test_nhs\NNHS399.png3.png,0,0.0005639791488647461
./iccad-official\iccad1\test\test_nhs\NNHS399.png4.png,0,0.020244479179382324
./iccad-official\iccad1\test\test_nhs\NNHS399.png6.png,0,0.01612675189971924
./iccad-official\iccad1\test\test_nhs\NNHS399.png7.png,0,0.004639327526092529
./iccad-official\iccad1\test\test_nhs\NNHS399.png8.png,0,0.0005151629447937012
./iccad-official\iccad1\test\test_nhs\NNHS399.png9.png,0,0.0010933279991149902
./iccad-official\iccad1\test\test_nhs\NNHS400.png1.png,0,0.000583946704864502
./iccad-official\iccad1\test\test_nhs\NNHS400.png2.png,0,0.0005639791488647461
./iccad-official\iccad1\test\test_nhs\NNHS400.png3.png,0,0.0006697177886962891
./iccad-official\iccad1\test\test_nhs\NNHS400.png4.png,0,0.013895273208618164
./iccad-official\iccad1\test\test_nhs\NNHS400.png6.png,0,0.02859795093536377
./iccad-official\iccad1\test\test_nhs\NNHS400.png7.png,0,0.004165530204772949
./iccad-official\iccad1\test\test_nhs\NNHS400.png8.png,0,0.007978558540344238
./iccad-official\iccad1\test\test_nhs\NNHS400.png9.png,0,0.004639089107513428
./iccad-official\iccad1\test\test_nhs\NNHS401.png1.png,0,0.0011764764785766602
./iccad-official\iccad1\test\test_nhs\NNHS401.png2.png,0,0.0011764764785766602
./iccad-official\iccad1\test\test_nhs\NNHS401.png3.png,0,0.0011764764785766602
./iccad-official\iccad1\test\test_nhs\NNHS401.png4.png,0,0.006309866905212402
./iccad-official\iccad1\test\test_nhs\NNHS401.png6.png,0,0.023122966289520264
./iccad-official\iccad1\test\test_nhs\NNHS401.png7.png,0,0.007978558540344238
./iccad-official\iccad1\test\test_nhs\NNHS401.png8.png,0,0.007978558540344238
./iccad-official\iccad1\test\test_nhs\NNHS401.png9.png,0,0.013548016548156738
./iccad-official\iccad1\test\test_nhs\NNHS402.png1.png,0,0.002016305923461914
./iccad-official\iccad1\test\test_nhs\NNHS402.png2.png,0,0.0015129446983337402
./iccad-official\iccad1\test\test_nhs\NNHS402.png3.png,0,0.0006353855133056641
./iccad-official\iccad1\test\test_nhs\NNHS402.png4.png,0,0.015859484672546387
./iccad-official\iccad1\test\test_nhs\NNHS402.png6.png,0,0.009065687656402588
./iccad-official\iccad1\test\test_nhs\NNHS402.png7.png,0,0.007440924644470215
./iccad-official\iccad1\test\test_nhs\NNHS402.png8.png,0,0.007911324501037598
./iccad-official\iccad1\test\test_nhs\NNHS402.png9.png,0,0.0016760826110839844
./iccad-official\iccad1\test\test_nhs\NNHS403.png1.png,0,0.0007048845291137695
./iccad-official\iccad1\test\test_nhs\NNHS403.png2.png,0,0.0007116794586181641
./iccad-official\iccad1\test\test_nhs\NNHS403.png3.png,0,0.0015736818313598633
./iccad-official\iccad1\test\test_nhs\NNHS403.png4.png,0,0.006049692630767822
./iccad-official\iccad1\test\test_nhs\NNHS403.png6.png,0,0.012526214122772217
./iccad-official\iccad1\test\test_nhs\NNHS403.png7.png,0,0.0063735246658325195
./iccad-official\iccad1\test\test_nhs\NNHS403.png8.png,0,0.002287626266479492
./iccad-official\iccad1\test\test_nhs\NNHS403.png9.png,0,0.006938040256500244
./iccad-official\iccad1\test\test_nhs\NNHS404.png1.png,0,0.0005639791488647461
./iccad-official\iccad1\test\test_nhs\NNHS404.png2.png,0,0.0005639791488647461
./iccad-official\iccad1\test\test_nhs\NNHS404.png3.png,0,0.0005639791488647461
./iccad-official\iccad1\test\test_nhs\NNHS404.png4.png,0,0.01612675189971924
./iccad-official\iccad1\test\test_nhs\NNHS404.png6.png,0,0.02235996723175049
./iccad-official\iccad1\test\test_nhs\NNHS404.png7.png,0,0.005521059036254883
./iccad-official\iccad1\test\test_nhs\NNHS404.png8.png,0,0.0031186938285827637
./iccad-official\iccad1\test\test_nhs\NNHS404.png9.png,0,0.007978558540344238
./iccad-official\iccad1\test\test_nhs\NNHS405.png1.png,0,0.0022502541542053223
./iccad-official\iccad1\test\test_nhs\NNHS405.png2.png,0,0.0031042098999023438
./iccad-official\iccad1\test\test_nhs\NNHS405.png3.png,0,0.0009212493896484375
./iccad-official\iccad1\test\test_nhs\NNHS405.png4.png,0,0.015599846839904785
./iccad-official\iccad1\test\test_nhs\NNHS405.png6.png,0,0.02480870485305786
./iccad-official\iccad1\test\test_nhs\NNHS405.png7.png,0,0.0028545260429382324
./iccad-official\iccad1\test\test_nhs\NNHS405.png8.png,0,0.0025346875190734863
./iccad-official\iccad1\test\test_nhs\NNHS405.png9.png,0,0.0016415715217590332
./iccad-official\iccad1\test\test_nhs\NNHS406.png1.png,0,0.0007904171943664551
./iccad-official\iccad1\test\test_nhs\NNHS406.png2.png,0,0.0005223751068115234
./iccad-official\iccad1\test\test_nhs\NNHS406.png3.png,0,0.0007460117340087891
./iccad-official\iccad1\test\test_nhs\NNHS406.png4.png,0,0.0032619833946228027
./iccad-official\iccad1\test\test_nhs\NNHS406.png6.png,0,0.024641990661621094
./iccad-official\iccad1\test\test_nhs\NNHS406.png7.png,0,0.01641625165939331
./iccad-official\iccad1\test\test_nhs\NNHS406.png8.png,0,0.019202053546905518
./iccad-official\iccad1\test\test_nhs\NNHS406.png9.png,0,0.019202053546905518
./iccad-official\iccad1\test\test_nhs\NNHS407.png1.png,0,0.0007993578910827637
./iccad-official\iccad1\test\test_nhs\NNHS407.png2.png,0,0.0007993578910827637
./iccad-official\iccad1\test\test_nhs\NNHS407.png3.png,0,0.0007993578910827637
./iccad-official\iccad1\test\test_nhs\NNHS407.png4.png,0,0.0900164246559143
./iccad-official\iccad1\test\test_nhs\NNHS407.png6.png,0,0.012684464454650879
./iccad-official\iccad1\test\test_nhs\NNHS407.png7.png,0,0.0027356743812561035
./iccad-official\iccad1\test\test_nhs\NNHS407.png8.png,0,0.0029294490814208984
./iccad-official\iccad1\test\test_nhs\NNHS407.png9.png,0,0.004246890544891357
./iccad-official\iccad1\test\test_nhs\NNHS408.png1.png,0,0.004051506519317627
./iccad-official\iccad1\test\test_nhs\NNHS408.png2.png,0,0.0022502541542053223
./iccad-official\iccad1\test\test_nhs\NNHS408.png3.png,0,0.0016484856605529785
./iccad-official\iccad1\test\test_nhs\NNHS408.png4.png,0,0.023840367794036865
./iccad-official\iccad1\test\test_nhs\NNHS408.png6.png,0,0.019000232219696045
./iccad-official\iccad1\test\test_nhs\NNHS408.png7.png,0,0.0023933053016662598
./iccad-official\iccad1\test\test_nhs\NNHS408.png8.png,0,0.002668142318725586
./iccad-official\iccad1\test\test_nhs\NNHS408.png9.png,0,0.002668142318725586
./iccad-official\iccad1\test\test_nhs\NNHS409.png1.png,0,0.0011764764785766602
./iccad-official\iccad1\test\test_nhs\NNHS409.png2.png,0,0.0008702278137207031
./iccad-official\iccad1\test\test_nhs\NNHS409.png3.png,0,0.0005639791488647461
./iccad-official\iccad1\test\test_nhs\NNHS409.png4.png,0,0.016635537147521973
./iccad-official\iccad1\test\test_nhs\NNHS409.png6.png,0,0.004005610942840576
./iccad-official\iccad1\test\test_nhs\NNHS409.png7.png,0,0.0021053552627563477
./iccad-official\iccad1\test\test_nhs\NNHS409.png8.png,0,0.009171843528747559
./iccad-official\iccad1\test\test_nhs\NNHS409.png9.png,0,0.01281428337097168
./iccad-official\iccad1\test\test_nhs\NNHS410.png1.png,0,0.0007216334342956543
./iccad-official\iccad1\test\test_nhs\NNHS410.png2.png,0,0.000810086727142334
./iccad-official\iccad1\test\test_nhs\NNHS410.png3.png,0,0.0030322670936584473
./iccad-official\iccad1\test\test_nhs\NNHS410.png4.png,0,0.002300262451171875
./iccad-official\iccad1\test\test_nhs\NNHS410.png6.png,0,0.008139252662658691
./iccad-official\iccad1\test\test_nhs\NNHS410.png7.png,0,0.0066738128662109375
./iccad-official\iccad1\test\test_nhs\NNHS410.png8.png,0,0.004732668399810791
./iccad-official\iccad1\test\test_nhs\NNHS410.png9.png,0,0.010078072547912598
./iccad-official\iccad1\test\test_nhs\NNHS411.png1.png,0,0.0007216334342956543
./iccad-official\iccad1\test\test_nhs\NNHS411.png2.png,0,0.0011821389198303223
./iccad-official\iccad1\test\test_nhs\NNHS411.png3.png,0,0.0007216334342956543
./iccad-official\iccad1\test\test_nhs\NNHS411.png4.png,0,0.0018837451934814453
./iccad-official\iccad1\test\test_nhs\NNHS411.png6.png,0,0.002962946891784668
./iccad-official\iccad1\test\test_nhs\NNHS411.png7.png,0,0.007978558540344238
./iccad-official\iccad1\test\test_nhs\NNHS411.png8.png,0,0.007978558540344238
./iccad-official\iccad1\test\test_nhs\NNHS411.png9.png,0,0.00855177640914917
./iccad-official\iccad1\test\test_nhs\NNHS412.png1.png,0,0.0008713603019714355
./iccad-official\iccad1\test\test_nhs\NNHS412.png2.png,0,0.0018482804298400879
./iccad-official\iccad1\test\test_nhs\NNHS412.png3.png,0,0.0018482804298400879
./iccad-official\iccad1\test\test_nhs\NNHS412.png4.png,0,0.00788050889968872
./iccad-official\iccad1\test\test_nhs\NNHS412.png6.png,0,0.00788050889968872
./iccad-official\iccad1\test\test_nhs\NNHS412.png7.png,0,0.004470705986022949
./iccad-official\iccad1\test\test_nhs\NNHS412.png8.png,0,0.003999054431915283
./iccad-official\iccad1\test\test_nhs\NNHS412.png9.png,0,0.008136451244354248
./iccad-official\iccad1\test\test_nhs\NNHS413.png1.png,0,0.0019629597663879395
./iccad-official\iccad1\test\test_nhs\NNHS413.png2.png,0,0.002949953079223633
./iccad-official\iccad1\test\test_nhs\NNHS413.png3.png,0,0.0009401440620422363
./iccad-official\iccad1\test\test_nhs\NNHS413.png4.png,0,0.003592550754547119
./iccad-official\iccad1\test\test_nhs\NNHS413.png6.png,0,0.024649322032928467
./iccad-official\iccad1\test\test_nhs\NNHS413.png7.png,0,0.009557843208312988
./iccad-official\iccad1\test\test_nhs\NNHS413.png8.png,0,0.008984684944152832
./iccad-official\iccad1\test\test_nhs\NNHS413.png9.png,0,0.008984684944152832
./iccad-official\iccad1\test\test_nhs\NNHS414.png1.png,0,0.0006123781204223633
./iccad-official\iccad1\test\test_nhs\NNHS414.png2.png,0,0.0006123781204223633
./iccad-official\iccad1\test\test_nhs\NNHS414.png3.png,0,0.0006123781204223633
./iccad-official\iccad1\test\test_nhs\NNHS414.png4.png,0,0.030827224254608154
./iccad-official\iccad1\test\test_nhs\NNHS414.png6.png,0,0.014470458030700684
./iccad-official\iccad1\test\test_nhs\NNHS414.png7.png,0,0.00209963321685791
./iccad-official\iccad1\test\test_nhs\NNHS414.png8.png,0,0.006624341011047363
./iccad-official\iccad1\test\test_nhs\NNHS414.png9.png,0,0.007978558540344238
./iccad-official\iccad1\test\test_nhs\NNHS415.png1.png,0,0.0006176233291625977
./iccad-official\iccad1\test\test_nhs\NNHS415.png2.png,0,0.0017597675323486328
./iccad-official\iccad1\test\test_nhs\NNHS415.png3.png,0,0.0020027756690979004
./iccad-official\iccad1\test\test_nhs\NNHS415.png4.png,0,0.01612675189971924
./iccad-official\iccad1\test\test_nhs\NNHS415.png6.png,0,0.01612675189971924
./iccad-official\iccad1\test\test_nhs\NNHS415.png7.png,0,0.004246890544891357
./iccad-official\iccad1\test\test_nhs\NNHS415.png8.png,0,0.004246890544891357
./iccad-official\iccad1\test\test_nhs\NNHS415.png9.png,0,0.004246890544891357
./iccad-official\iccad1\test\test_nhs\NNHS416.png1.png,0,0.0007061362266540527
./iccad-official\iccad1\test\test_nhs\NNHS416.png2.png,0,0.001141190528869629
./iccad-official\iccad1\test\test_nhs\NNHS416.png3.png,0,0.0010140538215637207
./iccad-official\iccad1\test\test_nhs\NNHS416.png4.png,0,0.008050978183746338
./iccad-official\iccad1\test\test_nhs\NNHS416.png6.png,0,0.003093242645263672
./iccad-official\iccad1\test\test_nhs\NNHS416.png7.png,0,0.00716787576675415
./iccad-official\iccad1\test\test_nhs\NNHS416.png8.png,0,0.00716787576675415
./iccad-official\iccad1\test\test_nhs\NNHS416.png9.png,0,0.01547008752822876
./iccad-official\iccad1\test\test_nhs\NNHS417.png1.png,0,0.0020228028297424316
./iccad-official\iccad1\test\test_nhs\NNHS417.png2.png,0,0.0005639791488647461
./iccad-official\iccad1\test\test_nhs\NNHS417.png3.png,0,0.0005639791488647461
./iccad-official\iccad1\test\test_nhs\NNHS417.png4.png,0,0.014760076999664307
./iccad-official\iccad1\test\test_nhs\NNHS417.png6.png,0,0.01612675189971924
./iccad-official\iccad1\test\test_nhs\NNHS417.png7.png,0,0.0035195350646972656
./iccad-official\iccad1\test\test_nhs\NNHS417.png8.png,0,0.003868997097015381
./iccad-official\iccad1\test\test_nhs\NNHS417.png9.png,0,0.007607460021972656
./iccad-official\iccad1\test\test_nhs\NNHS418.png1.png,0,0.0010744333267211914
./iccad-official\iccad1\test\test_nhs\NNHS418.png2.png,0,0.0009251832962036133
./iccad-official\iccad1\test\test_nhs\NNHS418.png3.png,0,0.0007216334342956543
./iccad-official\iccad1\test\test_nhs\NNHS418.png4.png,0,0.01612675189971924
./iccad-official\iccad1\test\test_nhs\NNHS418.png6.png,0,0.01612675189971924
./iccad-official\iccad1\test\test_nhs\NNHS418.png7.png,0,0.00362396240234375
./iccad-official\iccad1\test\test_nhs\NNHS418.png8.png,0,0.0017734169960021973
./iccad-official\iccad1\test\test_nhs\NNHS418.png9.png,0,0.00042378902435302734
./iccad-official\iccad1\test\test_nhs\NNHS419.png1.png,0,0.0011764764785766602
./iccad-official\iccad1\test\test_nhs\NNHS419.png2.png,0,0.0028828978538513184
./iccad-official\iccad1\test\test_nhs\NNHS419.png3.png,0,0.00214231014251709
./iccad-official\iccad1\test\test_nhs\NNHS419.png4.png,0,0.01612675189971924
./iccad-official\iccad1\test\test_nhs\NNHS419.png6.png,0,0.0156705379486084
./iccad-official\iccad1\test\test_nhs\NNHS419.png7.png,0,0.008816361427307129
./iccad-official\iccad1\test\test_nhs\NNHS419.png8.png,0,0.006614744663238525
./iccad-official\iccad1\test\test_nhs\NNHS419.png9.png,0,0.006842911243438721
./iccad-official\iccad1\test\test_nhs\NNHS420.png1.png,0,0.0005639791488647461
./iccad-official\iccad1\test\test_nhs\NNHS420.png2.png,0,0.0005639791488647461
./iccad-official\iccad1\test\test_nhs\NNHS420.png3.png,0,0.0005639791488647461
./iccad-official\iccad1\test\test_nhs\NNHS420.png4.png,0,0.012601912021636963
./iccad-official\iccad1\test\test_nhs\NNHS420.png6.png,0,0.018378138542175293
./iccad-official\iccad1\test\test_nhs\NNHS420.png7.png,0,0.030263066291809082
./iccad-official\iccad1\test\test_nhs\NNHS420.png8.png,0,0.012891054153442383
./iccad-official\iccad1\test\test_nhs\NNHS420.png9.png,0,0.0063454508781433105
./iccad-official\iccad1\test\test_nhs\NNHS421.png1.png,0,0.002103149890899658
./iccad-official\iccad1\test\test_nhs\NNHS421.png2.png,0,0.002103149890899658
./iccad-official\iccad1\test\test_nhs\NNHS421.png3.png,0,0.0019873380661010742
./iccad-official\iccad1\test\test_nhs\NNHS421.png4.png,0,0.03386819362640381
./iccad-official\iccad1\test\test_nhs\NNHS421.png6.png,0,0.018378138542175293
./iccad-official\iccad1\test\test_nhs\NNHS421.png7.png,0,0.005334436893463135
./iccad-official\iccad1\test\test_nhs\NNHS421.png8.png,0,0.000620424747467041
./iccad-official\iccad1\test\test_nhs\NNHS421.png9.png,0,0.004238545894622803
./iccad-official\iccad1\test\test_nhs\NNHS422.png1.png,0,0.00032466650009155273
./iccad-official\iccad1\test\test_nhs\NNHS422.png2.png,0,0.0014725327491760254
./iccad-official\iccad1\test\test_nhs\NNHS422.png3.png,0,0.0008390545845031738
./iccad-official\iccad1\test\test_nhs\NNHS422.png4.png,0,0.0076943039894104
./iccad-official\iccad1\test\test_nhs\NNHS422.png6.png,0,0.008535325527191162
./iccad-official\iccad1\test\test_nhs\NNHS422.png7.png,0,0.004156887531280518
./iccad-official\iccad1\test\test_nhs\NNHS422.png8.png,0,0.005926191806793213
./iccad-official\iccad1\test\test_nhs\NNHS422.png9.png,0,0.0214005708694458
./iccad-official\iccad1\test\test_nhs\NNHS423.png1.png,0,0.0013716816902160645
./iccad-official\iccad1\test\test_nhs\NNHS423.png2.png,0,0.0014151930809020996
./iccad-official\iccad1\test\test_nhs\NNHS423.png3.png,0,0.0009378790855407715
./iccad-official\iccad1\test\test_nhs\NNHS423.png4.png,0,0.033259451389312744
./iccad-official\iccad1\test\test_nhs\NNHS423.png6.png,0,0.055494487285614014
./iccad-official\iccad1\test\test_nhs\NNHS423.png7.png,0,0.017123281955718994
./iccad-official\iccad1\test\test_nhs\NNHS423.png8.png,0,0.012978971004486084
./iccad-official\iccad1\test\test_nhs\NNHS423.png9.png,0,0.015942513942718506
./iccad-official\iccad1\test\test_nhs\NNHS424.png1.png,0,0.0003476142883300781
./iccad-official\iccad1\test\test_nhs\NNHS424.png2.png,0,0.0016418099403381348
./iccad-official\iccad1\test\test_nhs\NNHS424.png3.png,0,0.0004839897155761719
./iccad-official\iccad1\test\test_nhs\NNHS424.png4.png,0,0.02240651845932007
./iccad-official\iccad1\test\test_nhs\NNHS424.png6.png,0,0.01612675189971924
./iccad-official\iccad1\test\test_nhs\NNHS424.png7.png,0,0.007126331329345703
./iccad-official\iccad1\test\test_nhs\NNHS424.png8.png,0,0.0019475817680358887
./iccad-official\iccad1\test\test_nhs\NNHS424.png9.png,0,0.009425878524780273
./iccad-official\iccad1\test\test_nhs\NNHS425.png1.png,0,0.0049836039543151855
./iccad-official\iccad1\test\test_nhs\NNHS425.png2.png,0,0.0017812848091125488
./iccad-official\iccad1\test\test_nhs\NNHS425.png3.png,0,0.0017635822296142578
./iccad-official\iccad1\test\test_nhs\NNHS425.png4.png,0,0.02307373285293579
./iccad-official\iccad1\test\test_nhs\NNHS425.png6.png,0,0.02307373285293579
./iccad-official\iccad1\test\test_nhs\NNHS425.png7.png,0,0.012412071228027344
./iccad-official\iccad1\test\test_nhs\NNHS425.png8.png,0,0.009351491928100586
./iccad-official\iccad1\test\test_nhs\NNHS425.png9.png,0,0.013583183288574219
./iccad-official\iccad1\test\test_nhs\NNHS426.png1.png,0,0.0011296272277832031
./iccad-official\iccad1\test\test_nhs\NNHS426.png2.png,0,0.0019254088401794434
./iccad-official\iccad1\test\test_nhs\NNHS426.png3.png,0,0.004280686378479004
./iccad-official\iccad1\test\test_nhs\NNHS426.png4.png,0,0.007237732410430908
./iccad-official\iccad1\test\test_nhs\NNHS426.png6.png,0,0.004769086837768555
./iccad-official\iccad1\test\test_nhs\NNHS426.png7.png,0,0.006759226322174072
./iccad-official\iccad1\test\test_nhs\NNHS426.png8.png,0,0.0030240416526794434
./iccad-official\iccad1\test\test_nhs\NNHS426.png9.png,0,0.0009517669677734375
./iccad-official\iccad1\test\test_nhs\NNHS427.png1.png,0,0.000949859619140625
./iccad-official\iccad1\test\test_nhs\NNHS427.png2.png,0,0.0007880926132202148
./iccad-official\iccad1\test\test_nhs\NNHS427.png3.png,0,0.0004889369010925293
./iccad-official\iccad1\test\test_nhs\NNHS427.png4.png,0,0.00788050889968872
./iccad-official\iccad1\test\test_nhs\NNHS427.png6.png,0,0.0035494565963745117
./iccad-official\iccad1\test\test_nhs\NNHS427.png7.png,0,0.004364192485809326
./iccad-official\iccad1\test\test_nhs\NNHS427.png8.png,0,0.009456872940063477
./iccad-official\iccad1\test\test_nhs\NNHS427.png9.png,0,0.009171843528747559
./iccad-official\iccad1\test\test_nhs\NNHS428.png1.png,0,0.004155337810516357
./iccad-official\iccad1\test\test_nhs\NNHS428.png2.png,0,0.001483142375946045
./iccad-official\iccad1\test\test_nhs\NNHS428.png3.png,0,0.0031343698501586914
./iccad-official\iccad1\test\test_nhs\NNHS428.png4.png,0,0.018328070640563965
./iccad-official\iccad1\test\test_nhs\NNHS428.png6.png,0,0.003399670124053955
./iccad-official\iccad1\test\test_nhs\NNHS428.png7.png,0,0.007978558540344238
./iccad-official\iccad1\test\test_nhs\NNHS428.png8.png,0,0.007978558540344238
./iccad-official\iccad1\test\test_nhs\NNHS428.png9.png,0,0.014106214046478271
./iccad-official\iccad1\test\test_nhs\NNHS429.png1.png,0,0.0005639791488647461
./iccad-official\iccad1\test\test_nhs\NNHS429.png2.png,0,0.0006145238876342773
./iccad-official\iccad1\test\test_nhs\NNHS429.png3.png,0,0.00038546323776245117
./iccad-official\iccad1\test\test_nhs\NNHS429.png4.png,0,0.01612675189971924
./iccad-official\iccad1\test\test_nhs\NNHS429.png6.png,0,0.0046575069427490234
./iccad-official\iccad1\test\test_nhs\NNHS429.png7.png,0,0.0032521486282348633
./iccad-official\iccad1\test\test_nhs\NNHS429.png8.png,0,0.014757215976715088
./iccad-official\iccad1\test\test_nhs\NNHS429.png9.png,0,0.010819077491760254
./iccad-official\iccad1\test\test_nhs\NNHS430.png1.png,0,0.0008136630058288574
./iccad-official\iccad1\test\test_nhs\NNHS430.png2.png,0,0.0008713603019714355
./iccad-official\iccad1\test\test_nhs\NNHS430.png3.png,0,0.0008713603019714355
./iccad-official\iccad1\test\test_nhs\NNHS430.png4.png,0,0.014760076999664307
./iccad-official\iccad1\test\test_nhs\NNHS430.png6.png,0,0.0075446367263793945
./iccad-official\iccad1\test\test_nhs\NNHS430.png7.png,0,0.008411645889282227
./iccad-official\iccad1\test\test_nhs\NNHS430.png8.png,0,0.007978558540344238
./iccad-official\iccad1\test\test_nhs\NNHS430.png9.png,0,0.007978558540344238
./iccad-official\iccad1\test\test_nhs\NNHS431.png1.png,0,0.0003148317337036133
./iccad-official\iccad1\test\test_nhs\NNHS431.png2.png,0,0.000722348690032959
./iccad-official\iccad1\test\test_nhs\NNHS431.png3.png,0,0.0007216334342956543
./iccad-official\iccad1\test\test_nhs\NNHS431.png4.png,0,0.014760076999664307
./iccad-official\iccad1\test\test_nhs\NNHS431.png6.png,0,0.017938554286956787
./iccad-official\iccad1\test\test_nhs\NNHS431.png7.png,0,0.007978558540344238
./iccad-official\iccad1\test\test_nhs\NNHS431.png8.png,0,0.007978558540344238
./iccad-official\iccad1\test\test_nhs\NNHS431.png9.png,0,0.008775711059570312
./iccad-official\iccad1\test\test_nhs\NNHS432.png1.png,0,0.0009658336639404297
./iccad-official\iccad1\test\test_nhs\NNHS432.png2.png,0,0.0008711814880371094
./iccad-official\iccad1\test\test_nhs\NNHS432.png3.png,0,0.0003224611282348633
./iccad-official\iccad1\test\test_nhs\NNHS432.png4.png,0,0.004459679126739502
./iccad-official\iccad1\test\test_nhs\NNHS432.png6.png,0,0.008722245693206787
./iccad-official\iccad1\test\test_nhs\NNHS432.png7.png,0,0.003763258457183838
./iccad-official\iccad1\test\test_nhs\NNHS432.png8.png,0,0.0030155181884765625
./iccad-official\iccad1\test\test_nhs\NNHS432.png9.png,0,0.007978558540344238
./iccad-official\iccad1\test\test_nhs\NNHS433.png1.png,0,0.001784980297088623
./iccad-official\iccad1\test\test_nhs\NNHS433.png2.png,0,0.004368782043457031
./iccad-official\iccad1\test\test_nhs\NNHS433.png3.png,0,0.0032621026039123535
./iccad-official\iccad1\test\test_nhs\NNHS433.png4.png,0,0.01612675189971924
./iccad-official\iccad1\test\test_nhs\NNHS433.png6.png,0,0.01612675189971924
./iccad-official\iccad1\test\test_nhs\NNHS433.png7.png,0,0.01904618740081787
./iccad-official\iccad1\test\test_nhs\NNHS433.png8.png,0,0.010605275630950928
./iccad-official\iccad1\test\test_nhs\NNHS433.png9.png,0,0.016612768173217773
./iccad-official\iccad1\test\test_nhs\NNHS434.png1.png,0,0.0005639791488647461
./iccad-official\iccad1\test\test_nhs\NNHS434.png2.png,0,0.00025391578674316406
./iccad-official\iccad1\test\test_nhs\NNHS434.png3.png,0,0.000359952449798584
./iccad-official\iccad1\test\test_nhs\NNHS434.png4.png,0,0.01612675189971924
./iccad-official\iccad1\test\test_nhs\NNHS434.png6.png,0,0.01612675189971924
./iccad-official\iccad1\test\test_nhs\NNHS434.png7.png,0,0.004187345504760742
./iccad-official\iccad1\test\test_nhs\NNHS434.png8.png,0,0.006938576698303223
./iccad-official\iccad1\test\test_nhs\NNHS434.png9.png,0,0.021678149700164795
./iccad-official\iccad1\test\test_nhs\NNHS435.png1.png,0,0.0017309784889221191
./iccad-official\iccad1\test\test_nhs\NNHS435.png2.png,0,0.0015906691551208496
./iccad-official\iccad1\test\test_nhs\NNHS435.png3.png,0,0.0005660653114318848
./iccad-official\iccad1\test\test_nhs\NNHS435.png4.png,0,0.00788050889968872
./iccad-official\iccad1\test\test_nhs\NNHS435.png6.png,0,0.0034686923027038574
./iccad-official\iccad1\test\test_nhs\NNHS435.png7.png,0,0.015491664409637451
./iccad-official\iccad1\test\test_nhs\NNHS435.png8.png,0,0.01582348346710205
./iccad-official\iccad1\test\test_nhs\NNHS435.png9.png,0,0.014325916767120361
./iccad-official\iccad1\test\test_nhs\NNHS436.png1.png,0,0.0011296272277832031
./iccad-official\iccad1\test\test_nhs\NNHS436.png2.png,0,0.0011296272277832031
./iccad-official\iccad1\test\test_nhs\NNHS436.png3.png,0,0.0011296272277832031
./iccad-official\iccad1\test\test_nhs\NNHS436.png4.png,0,0.007418334484100342
./iccad-official\iccad1\test\test_nhs\NNHS436.png6.png,0,0.005149960517883301
./iccad-official\iccad1\test\test_nhs\NNHS436.png7.png,0,0.007978558540344238
./iccad-official\iccad1\test\test_nhs\NNHS436.png8.png,0,0.007978558540344238
./iccad-official\iccad1\test\test_nhs\NNHS436.png9.png,0,0.0216638445854187
./iccad-official\iccad1\test\test_nhs\NNHS437.png1.png,0,0.0013334155082702637
./iccad-official\iccad1\test\test_nhs\NNHS437.png2.png,0,0.0022258758544921875
./iccad-official\iccad1\test\test_nhs\NNHS437.png3.png,0,0.0008729100227355957
./iccad-official\iccad1\test\test_nhs\NNHS437.png4.png,0,0.023333489894866943
./iccad-official\iccad1\test\test_nhs\NNHS437.png6.png,0,0.028230249881744385
./iccad-official\iccad1\test\test_nhs\NNHS437.png7.png,0,0.0019151568412780762
./iccad-official\iccad1\test\test_nhs\NNHS437.png8.png,0,0.004277646541595459
./iccad-official\iccad1\test\test_nhs\NNHS437.png9.png,0,0.0014153718948364258
./iccad-official\iccad1\test\test_nhs\NNHS438.png1.png,0,0.0014116168022155762
./iccad-official\iccad1\test\test_nhs\NNHS438.png2.png,0,0.00041180849075317383
./iccad-official\iccad1\test\test_nhs\NNHS438.png3.png,0,0.00035965442657470703
./iccad-official\iccad1\test\test_nhs\NNHS438.png4.png,0,0.024568021297454834
./iccad-official\iccad1\test\test_nhs\NNHS438.png6.png,0,0.02480870485305786
./iccad-official\iccad1\test\test_nhs\NNHS438.png7.png,0,0.01660168170928955
./iccad-official\iccad1\test\test_nhs\NNHS438.png8.png,0,0.01660168170928955
./iccad-official\iccad1\test\test_nhs\NNHS438.png9.png,0,0.01645815372467041
./iccad-official\iccad1\test\test_nhs\NNHS439.png1.png,0,0.0014441609382629395
./iccad-official\iccad1\test\test_nhs\NNHS439.png2.png,0,0.0042362213134765625
./iccad-official\iccad1\test\test_nhs\NNHS439.png3.png,0,0.0014589428901672363
./iccad-official\iccad1\test\test_nhs\NNHS439.png4.png,0,0.02480870485305786
./iccad-official\iccad1\test\test_nhs\NNHS439.png6.png,0,0.02480870485305786
./iccad-official\iccad1\test\test_nhs\NNHS439.png7.png,0,0.007978558540344238
./iccad-official\iccad1\test\test_nhs\NNHS439.png8.png,0,0.004939913749694824
./iccad-official\iccad1\test\test_nhs\NNHS439.png9.png,0,0.007978558540344238
./iccad-official\iccad1\test\test_nhs\NNHS440.png1.png,0,0.0011397600173950195
./iccad-official\iccad1\test\test_nhs\NNHS440.png2.png,0,0.0009235739707946777
./iccad-official\iccad1\test\test_nhs\NNHS440.png3.png,0,0.0006123781204223633
./iccad-official\iccad1\test\test_nhs\NNHS440.png4.png,0,0.024199366569519043
./iccad-official\iccad1\test\test_nhs\NNHS440.png6.png,0,0.01814115047454834
./iccad-official\iccad1\test\test_nhs\NNHS440.png7.png,0,0.0015453100204467773
./iccad-official\iccad1\test\test_nhs\NNHS440.png8.png,0,0.005684196949005127
./iccad-official\iccad1\test\test_nhs\NNHS440.png9.png,0,0.004639685153961182
./iccad-official\iccad1\test\test_nhs\NNHS441.png1.png,0,0.00218963623046875
./iccad-official\iccad1\test\test_nhs\NNHS441.png2.png,0,0.00443798303604126
./iccad-official\iccad1\test\test_nhs\NNHS441.png3.png,0,0.0048337578773498535
./iccad-official\iccad1\test\test_nhs\NNHS441.png4.png,0,0.01612675189971924
./iccad-official\iccad1\test\test_nhs\NNHS441.png6.png,0,0.00788050889968872
./iccad-official\iccad1\test\test_nhs\NNHS441.png7.png,0,0.012080669403076172
./iccad-official\iccad1\test\test_nhs\NNHS441.png8.png,0,0.010819077491760254
./iccad-official\iccad1\test\test_nhs\NNHS441.png9.png,0,0.010819077491760254
./iccad-official\iccad1\test\test_nhs\NNHS442.png1.png,0,0.0008064508438110352
./iccad-official\iccad1\test\test_nhs\NNHS442.png2.png,0,0.0011764764785766602
./iccad-official\iccad1\test\test_nhs\NNHS442.png3.png,0,0.0008200407028198242
./iccad-official\iccad1\test\test_nhs\NNHS442.png4.png,0,0.01612675189971924
./iccad-official\iccad1\test\test_nhs\NNHS442.png6.png,0,0.01612675189971924
./iccad-official\iccad1\test\test_nhs\NNHS442.png7.png,0,0.003763258457183838
./iccad-official\iccad1\test\test_nhs\NNHS442.png8.png,0,0.003992795944213867
./iccad-official\iccad1\test\test_nhs\NNHS442.png9.png,0,0.0022269487380981445
./iccad-official\iccad1\test\test_nhs\NNHS443.png1.png,0,0.0009514689445495605
./iccad-official\iccad1\test\test_nhs\NNHS443.png2.png,0,0.0009235739707946777
./iccad-official\iccad1\test\test_nhs\NNHS443.png3.png,0,0.0009235739707946777
./iccad-official\iccad1\test\test_nhs\NNHS443.png4.png,0,0.01612675189971924
./iccad-official\iccad1\test\test_nhs\NNHS443.png6.png,0,0.0025565624237060547
./iccad-official\iccad1\test\test_nhs\NNHS443.png7.png,0,0.007387220859527588
./iccad-official\iccad1\test\test_nhs\NNHS443.png8.png,0,0.00716787576675415
./iccad-official\iccad1\test\test_nhs\NNHS443.png9.png,0,0.00716787576675415
./iccad-official\iccad1\test\test_nhs\NNHS444.png1.png,0,0.0005275607109069824
./iccad-official\iccad1\test\test_nhs\NNHS444.png2.png,0,0.0005275607109069824
./iccad-official\iccad1\test\test_nhs\NNHS444.png3.png,0,0.0005275607109069824
./iccad-official\iccad1\test\test_nhs\NNHS444.png4.png,0,0.006600439548492432
./iccad-official\iccad1\test\test_nhs\NNHS444.png6.png,0,0.0023383498191833496
./iccad-official\iccad1\test\test_nhs\NNHS444.png7.png,0,0.010819077491760254
./iccad-official\iccad1\test\test_nhs\NNHS444.png8.png,0,0.010819077491760254
./iccad-official\iccad1\test\test_nhs\NNHS444.png9.png,0,0.011173903942108154
./iccad-official\iccad1\test\test_nhs\NNHS445.png1.png,0,0.0011764764785766602
./iccad-official\iccad1\test\test_nhs\NNHS445.png2.png,0,0.0006716251373291016
./iccad-official\iccad1\test\test_nhs\NNHS445.png3.png,0,0.0003451108932495117
./iccad-official\iccad1\test\test_nhs\NNHS445.png4.png,0,0.0027247071266174316
./iccad-official\iccad1\test\test_nhs\NNHS445.png6.png,0,0.0042684078216552734
./iccad-official\iccad1\test\test_nhs\NNHS445.png7.png,0,0.00429987907409668
./iccad-official\iccad1\test\test_nhs\NNHS445.png8.png,0,0.007978558540344238
./iccad-official\iccad1\test\test_nhs\NNHS445.png9.png,0,0.011549592018127441
./iccad-official\iccad1\test\test_nhs\NNHS446.png1.png,0,0.0012088418006896973
./iccad-official\iccad1\test\test_nhs\NNHS446.png2.png,0,0.0012869834899902344
./iccad-official\iccad1\test\test_nhs\NNHS446.png3.png,0,0.0006001591682434082
./iccad-official\iccad1\test\test_nhs\NNHS446.png4.png,0,0.012382984161376953
./iccad-official\iccad1\test\test_nhs\NNHS446.png6.png,0,0.03625011444091797
./iccad-official\iccad1\test\test_nhs\NNHS446.png7.png,0,0.01660168170928955
./iccad-official\iccad1\test\test_nhs\NNHS446.png8.png,0,0.01660168170928955
./iccad-official\iccad1\test\test_nhs\NNHS446.png9.png,0,0.01660168170928955
./iccad-official\iccad1\test\test_nhs\NNHS447.png1.png,0,0.0005662441253662109
./iccad-official\iccad1\test\test_nhs\NNHS447.png2.png,0,0.0005639791488647461
./iccad-official\iccad1\test\test_nhs\NNHS447.png3.png,0,0.0011764764785766602
./iccad-official\iccad1\test\test_nhs\NNHS447.png4.png,0,0.004547297954559326
./iccad-official\iccad1\test\test_nhs\NNHS447.png6.png,0,0.01612675189971924
./iccad-official\iccad1\test\test_nhs\NNHS447.png7.png,0,0.004316508769989014
./iccad-official\iccad1\test\test_nhs\NNHS447.png8.png,0,0.0033398866653442383
./iccad-official\iccad1\test\test_nhs\NNHS447.png9.png,0,0.007978558540344238
./iccad-official\iccad1\test\test_nhs\NNHS448.png1.png,0,0.0007727742195129395
./iccad-official\iccad1\test\test_nhs\NNHS448.png2.png,0,0.0005529522895812988
./iccad-official\iccad1\test\test_nhs\NNHS448.png3.png,0,0.0005639791488647461
./iccad-official\iccad1\test\test_nhs\NNHS448.png4.png,0,0.02307373285293579
./iccad-official\iccad1\test\test_nhs\NNHS448.png6.png,0,0.020310938358306885
./iccad-official\iccad1\test\test_nhs\NNHS448.png7.png,0,0.0009959936141967773
./iccad-official\iccad1\test\test_nhs\NNHS448.png8.png,0,0.005359053611755371
./iccad-official\iccad1\test\test_nhs\NNHS448.png9.png,0,0.001259148120880127
./iccad-official\iccad1\test\test_nhs\NNHS449.png1.png,0,0.0007727742195129395
./iccad-official\iccad1\test\test_nhs\NNHS449.png2.png,0,0.0009286403656005859
./iccad-official\iccad1\test\test_nhs\NNHS449.png3.png,0,0.0028097033500671387
./iccad-official\iccad1\test\test_nhs\NNHS449.png4.png,0,0.01922142505645752
./iccad-official\iccad1\test\test_nhs\NNHS449.png6.png,0,0.00788050889968872
./iccad-official\iccad1\test\test_nhs\NNHS449.png7.png,0,0.010819077491760254
./iccad-official\iccad1\test\test_nhs\NNHS449.png8.png,0,0.010819077491760254
./iccad-official\iccad1\test\test_nhs\NNHS449.png9.png,0,0.01666271686553955
./iccad-official\iccad1\test\test_nhs\NNHS450.png1.png,0,0.0007216334342956543
./iccad-official\iccad1\test\test_nhs\NNHS450.png2.png,0,0.0007216334342956543
./iccad-official\iccad1\test\test_nhs\NNHS450.png3.png,0,0.0007216334342956543
./iccad-official\iccad1\test\test_nhs\NNHS450.png4.png,0,0.004968822002410889
./iccad-official\iccad1\test\test_nhs\NNHS450.png6.png,0,0.004547297954559326
./iccad-official\iccad1\test\test_nhs\NNHS450.png7.png,0,0.021994292736053467
./iccad-official\iccad1\test\test_nhs\NNHS450.png8.png,0,0.0011933445930480957
./iccad-official\iccad1\test\test_nhs\NNHS450.png9.png,0,0.005439639091491699
./iccad-official\iccad1\test\test_nhs\NNHS451.png1.png,0,0.000641167163848877
./iccad-official\iccad1\test\test_nhs\NNHS451.png2.png,0,0.0008001327514648438
./iccad-official\iccad1\test\test_nhs\NNHS451.png3.png,0,0.0005639791488647461
./iccad-official\iccad1\test\test_nhs\NNHS451.png4.png,0,0.004349648952484131
./iccad-official\iccad1\test\test_nhs\NNHS451.png6.png,0,0.007819414138793945
./iccad-official\iccad1\test\test_nhs\NNHS451.png7.png,0,0.007978558540344238
./iccad-official\iccad1\test\test_nhs\NNHS451.png8.png,0,0.008715212345123291
./iccad-official\iccad1\test\test_nhs\NNHS451.png9.png,0,0.007978558540344238
./iccad-official\iccad1\test\test_nhs\NNHS452.png1.png,0,0.0030733346939086914
./iccad-official\iccad1\test\test_nhs\NNHS452.png2.png,0,0.0017635822296142578
./iccad-official\iccad1\test\test_nhs\NNHS452.png3.png,0,0.0009765625
./iccad-official\iccad1\test\test_nhs\NNHS452.png4.png,0,0.007968664169311523
./iccad-official\iccad1\test\test_nhs\NNHS452.png6.png,0,0.0025540590286254883
./iccad-official\iccad1\test\test_nhs\NNHS452.png7.png,0,0.0011368393898010254
./iccad-official\iccad1\test\test_nhs\NNHS452.png8.png,0,0.0011606216430664062
./iccad-official\iccad1\test\test_nhs\NNHS452.png9.png,0,0.003710806369781494
./iccad-official\iccad1\test\test_nhs\NNHS453.png1.png,0,0.0005740523338317871
./iccad-official\iccad1\test\test_nhs\NNHS453.png2.png,0,0.0010744333267211914
./iccad-official\iccad1\test\test_nhs\NNHS453.png3.png,0,0.0010744333267211914
./iccad-official\iccad1\test\test_nhs\NNHS453.png4.png,0,0.008244812488555908
./iccad-official\iccad1\test\test_nhs\NNHS453.png6.png,0,0.0065541863441467285
./iccad-official\iccad1\test\test_nhs\NNHS453.png7.png,0,0.015353143215179443
./iccad-official\iccad1\test\test_nhs\NNHS453.png8.png,0,0.00657278299331665
./iccad-official\iccad1\test\test_nhs\NNHS453.png9.png,0,0.00657278299331665
./iccad-official\iccad1\test\test_nhs\NNHS454.png1.png,0,0.003415822982788086
./iccad-official\iccad1\test\test_nhs\NNHS454.png2.png,0,0.0034577250480651855
./iccad-official\iccad1\test\test_nhs\NNHS454.png3.png,0,0.001471102237701416
./iccad-official\iccad1\test\test_nhs\NNHS454.png4.png,0,0.002300262451171875
./iccad-official\iccad1\test\test_nhs\NNHS454.png6.png,0,0.002300262451171875
./iccad-official\iccad1\test\test_nhs\NNHS454.png7.png,0,0.007978558540344238
./iccad-official\iccad1\test\test_nhs\NNHS454.png8.png,0,0.007978558540344238
./iccad-official\iccad1\test\test_nhs\NNHS454.png9.png,0,0.007978558540344238
./iccad-official\iccad1\test\test_nhs\NNHS455.png1.png,0,0.000513911247253418
./iccad-official\iccad1\test\test_nhs\NNHS455.png2.png,0,0.0017731785774230957
./iccad-official\iccad1\test\test_nhs\NNHS455.png3.png,0,0.0014799833297729492
./iccad-official\iccad1\test\test_nhs\NNHS455.png4.png,0,0.01612675189971924
./iccad-official\iccad1\test\test_nhs\NNHS455.png6.png,0,0.01612675189971924
./iccad-official\iccad1\test\test_nhs\NNHS455.png7.png,0,0.007978558540344238
./iccad-official\iccad1\test\test_nhs\NNHS455.png8.png,0,0.008332610130310059
./iccad-official\iccad1\test\test_nhs\NNHS455.png9.png,0,0.008877992630004883
./iccad-official\iccad1\test\test_nhs\NNHS456.png1.png,0,0.001198112964630127
./iccad-official\iccad1\test\test_nhs\NNHS456.png2.png,0,0.0011764764785766602
./iccad-official\iccad1\test\test_nhs\NNHS456.png3.png,0,0.0010692477226257324
./iccad-official\iccad1\test\test_nhs\NNHS456.png4.png,0,0.02307373285293579
./iccad-official\iccad1\test\test_nhs\NNHS456.png6.png,0,0.02307373285293579
./iccad-official\iccad1\test\test_nhs\NNHS456.png7.png,0,0.007978558540344238
./iccad-official\iccad1\test\test_nhs\NNHS456.png8.png,0,0.017389416694641113
./iccad-official\iccad1\test\test_nhs\NNHS456.png9.png,0,0.006350040435791016
./iccad-official\iccad1\test\test_nhs\NNHS457.png1.png,0,0.0010249018669128418
./iccad-official\iccad1\test\test_nhs\NNHS457.png2.png,0,0.0007765889167785645
./iccad-official\iccad1\test\test_nhs\NNHS457.png3.png,0,0.000455319881439209
./iccad-official\iccad1\test\test_nhs\NNHS457.png4.png,0,0.0017341971397399902
./iccad-official\iccad1\test\test_nhs\NNHS457.png6.png,0,0.00464785099029541
./iccad-official\iccad1\test\test_nhs\NNHS457.png7.png,0,0.007978558540344238
./iccad-official\iccad1\test\test_nhs\NNHS457.png8.png,0,0.007978558540344238
./iccad-official\iccad1\test\test_nhs\NNHS457.png9.png,0,0.007978558540344238
./iccad-official\iccad1\test\test_nhs\NNHS458.png1.png,0,0.002283930778503418
./iccad-official\iccad1\test\test_nhs\NNHS458.png2.png,0,0.0011296272277832031
./iccad-official\iccad1\test\test_nhs\NNHS458.png3.png,0,0.0011296272277832031
./iccad-official\iccad1\test\test_nhs\NNHS458.png4.png,0,0.033592045307159424
./iccad-official\iccad1\test\test_nhs\NNHS458.png6.png,0,0.033592045307159424
./iccad-official\iccad1\test\test_nhs\NNHS458.png7.png,0,0.01660168170928955
./iccad-official\iccad1\test\test_nhs\NNHS458.png8.png,0,0.025802314281463623
./iccad-official\iccad1\test\test_nhs\NNHS458.png9.png,0,0.007303297519683838
./iccad-official\iccad1\test\test_nhs\NNHS459.png1.png,0,0.0009235739707946777
./iccad-official\iccad1\test\test_nhs\NNHS459.png2.png,0,0.0009235739707946777
./iccad-official\iccad1\test\test_nhs\NNHS459.png3.png,0,0.001363217830657959
./iccad-official\iccad1\test\test_nhs\NNHS459.png4.png,0,0.00846940279006958
./iccad-official\iccad1\test\test_nhs\NNHS459.png6.png,0,0.0984959602355957
./iccad-official\iccad1\test\test_nhs\NNHS459.png7.png,0,0.008489549160003662
./iccad-official\iccad1\test\test_nhs\NNHS459.png8.png,0,0.008489549160003662
./iccad-official\iccad1\test\test_nhs\NNHS459.png9.png,0,0.022073090076446533
./iccad-official\iccad1\test\test_nhs\NNHS460.png1.png,0,0.00025391578674316406
./iccad-official\iccad1\test\test_nhs\NNHS460.png2.png,0,0.0006005764007568359
./iccad-official\iccad1\test\test_nhs\NNHS460.png3.png,0,0.0005334019660949707
./iccad-official\iccad1\test\test_nhs\NNHS460.png4.png,0,0.02307373285293579
./iccad-official\iccad1\test\test_nhs\NNHS460.png6.png,0,0.02307373285293579
./iccad-official\iccad1\test\test_nhs\NNHS460.png7.png,0,0.007978558540344238
./iccad-official\iccad1\test\test_nhs\NNHS460.png8.png,0,0.021438658237457275
./iccad-official\iccad1\test\test_nhs\NNHS460.png9.png,0,0.01577889919281006
./iccad-official\iccad1\test\test_nhs\NNHS461.png1.png,0,0.0007216334342956543
./iccad-official\iccad1\test\test_nhs\NNHS461.png2.png,0,0.0016121268272399902
./iccad-official\iccad1\test\test_nhs\NNHS461.png3.png,0,0.003129720687866211
./iccad-official\iccad1\test\test_nhs\NNHS461.png4.png,0,0.007237732410430908
./iccad-official\iccad1\test\test_nhs\NNHS461.png6.png,0,0.007237732410430908
./iccad-official\iccad1\test\test_nhs\NNHS461.png7.png,0,0.009439170360565186
./iccad-official\iccad1\test\test_nhs\NNHS461.png8.png,0,0.007312774658203125
./iccad-official\iccad1\test\test_nhs\NNHS461.png9.png,0,0.016343533992767334
./iccad-official\iccad1\test\test_nhs\NNHS462.png1.png,0,0.0006123185157775879
./iccad-official\iccad1\test\test_nhs\NNHS462.png2.png,0,0.0006688237190246582
./iccad-official\iccad1\test\test_nhs\NNHS462.png3.png,0,0.0008226633071899414
./iccad-official\iccad1\test\test_nhs\NNHS462.png4.png,0,0.033592045307159424
./iccad-official\iccad1\test\test_nhs\NNHS462.png6.png,0,0.04740321636199951
./iccad-official\iccad1\test\test_nhs\NNHS462.png7.png,0,0.007978558540344238
./iccad-official\iccad1\test\test_nhs\NNHS462.png8.png,0,0.007978558540344238
./iccad-official\iccad1\test\test_nhs\NNHS462.png9.png,0,0.007978558540344238
./iccad-official\iccad1\test\test_nhs\NNHS463.png1.png,0,0.00044780969619750977
./iccad-official\iccad1\test\test_nhs\NNHS463.png2.png,0,0.0005639791488647461
./iccad-official\iccad1\test\test_nhs\NNHS463.png3.png,0,0.0005639791488647461
./iccad-official\iccad1\test\test_nhs\NNHS463.png4.png,0,0.01612675189971924
./iccad-official\iccad1\test\test_nhs\NNHS463.png6.png,0,0.01612675189971924
./iccad-official\iccad1\test\test_nhs\NNHS463.png7.png,0,0.007978558540344238
./iccad-official\iccad1\test\test_nhs\NNHS463.png8.png,0,0.007978558540344238
./iccad-official\iccad1\test\test_nhs\NNHS463.png9.png,0,0.007978558540344238
./iccad-official\iccad1\test\test_nhs\NNHS464.png1.png,0,0.0013466477394104004
./iccad-official\iccad1\test\test_nhs\NNHS464.png2.png,0,0.001656949520111084
./iccad-official\iccad1\test\test_nhs\NNHS464.png3.png,0,0.0012024641036987305
./iccad-official\iccad1\test\test_nhs\NNHS464.png4.png,0,0.003373444080352783
./iccad-official\iccad1\test\test_nhs\NNHS464.png6.png,0,0.023840367794036865
./iccad-official\iccad1\test\test_nhs\NNHS464.png7.png,0,0.013030409812927246
./iccad-official\iccad1\test\test_nhs\NNHS464.png8.png,0,0.010819077491760254
./iccad-official\iccad1\test\test_nhs\NNHS464.png9.png,0,0.009947359561920166
./iccad-official\iccad1\test\test_nhs\NNHS465.png1.png,0,0.0007216334342956543
./iccad-official\iccad1\test\test_nhs\NNHS465.png2.png,0,0.0007216334342956543
./iccad-official\iccad1\test\test_nhs\NNHS465.png3.png,0,0.0007216334342956543
./iccad-official\iccad1\test\test_nhs\NNHS465.png4.png,0,0.0018912553787231445
./iccad-official\iccad1\test\test_nhs\NNHS465.png6.png,0,0.022051632404327393
./iccad-official\iccad1\test\test_nhs\NNHS465.png7.png,0,0.007978558540344238
./iccad-official\iccad1\test\test_nhs\NNHS465.png8.png,0,0.005791127681732178
./iccad-official\iccad1\test\test_nhs\NNHS465.png9.png,0,0.001708388328552246
./iccad-official\iccad1\test\test_nhs\NNHS466.png1.png,0,0.0009419918060302734
./iccad-official\iccad1\test\test_nhs\NNHS466.png2.png,0,0.0018795132637023926
./iccad-official\iccad1\test\test_nhs\NNHS466.png3.png,0,0.0015664100646972656
./iccad-official\iccad1\test\test_nhs\NNHS466.png4.png,0,0.011260688304901123
./iccad-official\iccad1\test\test_nhs\NNHS466.png6.png,0,0.011260688304901123
./iccad-official\iccad1\test\test_nhs\NNHS466.png7.png,0,0.0012577176094055176
./iccad-official\iccad1\test\test_nhs\NNHS466.png8.png,0,0.01062154769897461
./iccad-official\iccad1\test\test_nhs\NNHS466.png9.png,0,0.007978558540344238
./iccad-official\iccad1\test\test_nhs\NNHS467.png1.png,0,0.0013580322265625
./iccad-official\iccad1\test\test_nhs\NNHS467.png2.png,0,0.0009124279022216797
./iccad-official\iccad1\test\test_nhs\NNHS467.png3.png,0,0.0013275742530822754
./iccad-official\iccad1\test\test_nhs\NNHS467.png4.png,0,0.005897819995880127
./iccad-official\iccad1\test\test_nhs\NNHS467.png6.png,0,0.023840367794036865
./iccad-official\iccad1\test\test_nhs\NNHS467.png7.png,0,0.0029880404472351074
./iccad-official\iccad1\test\test_nhs\NNHS467.png8.png,0,0.003236711025238037
./iccad-official\iccad1\test\test_nhs\NNHS467.png9.png,0,0.004046738147735596
./iccad-official\iccad1\test\test_nhs\NNHS468.png1.png,0,0.0006318092346191406
./iccad-official\iccad1\test\test_nhs\NNHS468.png2.png,0,0.0005735158920288086
./iccad-official\iccad1\test\test_nhs\NNHS468.png3.png,0,0.00039833784103393555
./iccad-official\iccad1\test\test_nhs\NNHS468.png4.png,0,0.0224912166595459
./iccad-official\iccad1\test\test_nhs\NNHS468.png6.png,0,0.014760076999664307
./iccad-official\iccad1\test\test_nhs\NNHS468.png7.png,0,0.0070809125900268555
./iccad-official\iccad1\test\test_nhs\NNHS468.png8.png,0,0.006541788578033447
./iccad-official\iccad1\test\test_nhs\NNHS468.png9.png,0,0.007978558540344238
./iccad-official\iccad1\test\test_nhs\NNHS469.png1.png,0,0.0006123781204223633
./iccad-official\iccad1\test\test_nhs\NNHS469.png2.png,0,0.0006123781204223633
./iccad-official\iccad1\test\test_nhs\NNHS469.png3.png,0,0.0006123781204223633
./iccad-official\iccad1\test\test_nhs\NNHS469.png4.png,0,0.02218306064605713
./iccad-official\iccad1\test\test_nhs\NNHS469.png6.png,0,0.01612675189971924
./iccad-official\iccad1\test\test_nhs\NNHS469.png7.png,0,0.005266666412353516
./iccad-official\iccad1\test\test_nhs\NNHS469.png8.png,0,0.001868605613708496
./iccad-official\iccad1\test\test_nhs\NNHS469.png9.png,0,0.001067817211151123
./iccad-official\iccad1\test\test_nhs\NNHS470.png1.png,0,0.0020307302474975586
./iccad-official\iccad1\test\test_nhs\NNHS470.png2.png,0,0.000274658203125
./iccad-official\iccad1\test\test_nhs\NNHS470.png3.png,0,0.0010178089141845703
./iccad-official\iccad1\test\test_nhs\NNHS470.png4.png,0,0.018128514289855957
./iccad-official\iccad1\test\test_nhs\NNHS470.png6.png,0,0.006725907325744629
./iccad-official\iccad1\test\test_nhs\NNHS470.png7.png,0,0.013903319835662842
./iccad-official\iccad1\test\test_nhs\NNHS470.png8.png,0,0.003839552402496338
./iccad-official\iccad1\test\test_nhs\NNHS470.png9.png,0,0.007978558540344238
./iccad-official\iccad1\test\test_nhs\NNHS471.png1.png,0,0.002434074878692627
./iccad-official\iccad1\test\test_nhs\NNHS471.png2.png,0,0.0011997222900390625
./iccad-official\iccad1\test\test_nhs\NNHS471.png3.png,0,0.0005639791488647461
./iccad-official\iccad1\test\test_nhs\NNHS471.png4.png,0,0.010365784168243408
./iccad-official\iccad1\test\test_nhs\NNHS471.png6.png,0,0.014688372611999512
./iccad-official\iccad1\test\test_nhs\NNHS471.png7.png,0,0.0006022453308105469
./iccad-official\iccad1\test\test_nhs\NNHS471.png8.png,0,0.0022792816162109375
./iccad-official\iccad1\test\test_nhs\NNHS471.png9.png,0,0.0023673176765441895
./iccad-official\iccad1\test\test_nhs\NNHS472.png1.png,0,0.00047385692596435547
./iccad-official\iccad1\test\test_nhs\NNHS472.png2.png,0,0.0007578730583190918
./iccad-official\iccad1\test\test_nhs\NNHS472.png3.png,0,0.002027571201324463
./iccad-official\iccad1\test\test_nhs\NNHS472.png4.png,0,0.009445011615753174
./iccad-official\iccad1\test\test_nhs\NNHS472.png6.png,0,0.00793379545211792
./iccad-official\iccad1\test\test_nhs\NNHS472.png7.png,0,0.004246413707733154
./iccad-official\iccad1\test\test_nhs\NNHS472.png8.png,0,0.007978558540344238
./iccad-official\iccad1\test\test_nhs\NNHS472.png9.png,0,0.007978558540344238
./iccad-official\iccad1\test\test_nhs\NNHS473.png1.png,0,0.0007993578910827637
./iccad-official\iccad1\test\test_nhs\NNHS473.png2.png,0,0.0007993578910827637
./iccad-official\iccad1\test\test_nhs\NNHS473.png3.png,0,0.0009143948554992676
./iccad-official\iccad1\test\test_nhs\NNHS473.png4.png,0,0.00776141881942749
./iccad-official\iccad1\test\test_nhs\NNHS473.png6.png,0,0.0028652548789978027
./iccad-official\iccad1\test\test_nhs\NNHS473.png7.png,0,0.0159304141998291
./iccad-official\iccad1\test\test_nhs\NNHS473.png8.png,0,0.004076182842254639
./iccad-official\iccad1\test\test_nhs\NNHS473.png9.png,0,0.011861026287078857
./iccad-official\iccad1\test\test_nhs\NNHS474.png1.png,0,0.0015158653259277344
./iccad-official\iccad1\test\test_nhs\NNHS474.png2.png,0,0.0005296468734741211
./iccad-official\iccad1\test\test_nhs\NNHS474.png3.png,0,0.0007016658782958984
./iccad-official\iccad1\test\test_nhs\NNHS474.png4.png,0,0.028282999992370605
./iccad-official\iccad1\test\test_nhs\NNHS474.png6.png,0,0.01612675189971924
./iccad-official\iccad1\test\test_nhs\NNHS474.png7.png,0,0.004130244255065918
./iccad-official\iccad1\test\test_nhs\NNHS474.png8.png,0,0.0022287964820861816
./iccad-official\iccad1\test\test_nhs\NNHS474.png9.png,0,0.0048239827156066895
./iccad-official\iccad1\test\test_nhs\NNHS475.png1.png,0,0.0005639791488647461
./iccad-official\iccad1\test\test_nhs\NNHS475.png2.png,0,0.0005639791488647461
./iccad-official\iccad1\test\test_nhs\NNHS475.png3.png,0,0.0006199479103088379
./iccad-official\iccad1\test\test_nhs\NNHS475.png4.png,0,0.003299415111541748
./iccad-official\iccad1\test\test_nhs\NNHS475.png6.png,0,0.0038268566131591797
./iccad-official\iccad1\test\test_nhs\NNHS475.png7.png,0,0.00657278299331665
./iccad-official\iccad1\test\test_nhs\NNHS475.png8.png,0,0.007924318313598633
./iccad-official\iccad1\test\test_nhs\NNHS475.png9.png,0,0.01469719409942627
./iccad-official\iccad1\test\test_nhs\NNHS476.png1.png,0,0.0005639791488647461
./iccad-official\iccad1\test\test_nhs\NNHS476.png2.png,0,0.0017752647399902344
./iccad-official\iccad1\test\test_nhs\NNHS476.png3.png,0,0.0040326714515686035
./iccad-official\iccad1\test\test_nhs\NNHS476.png4.png,0,0.01612675189971924
./iccad-official\iccad1\test\test_nhs\NNHS476.png6.png,0,0.003592550754547119
./iccad-official\iccad1\test\test_nhs\NNHS476.png7.png,0,0.003008902072906494
./iccad-official\iccad1\test\test_nhs\NNHS476.png8.png,0,0.006013274192810059
./iccad-official\iccad1\test\test_nhs\NNHS476.png9.png,0,0.009060561656951904
./iccad-official\iccad1\test\test_nhs\NNHS477.png1.png,0,0.0010605454444885254
./iccad-official\iccad1\test\test_nhs\NNHS477.png2.png,0,0.0007734298706054688
./iccad-official\iccad1\test\test_nhs\NNHS477.png3.png,0,0.0005639791488647461
./iccad-official\iccad1\test\test_nhs\NNHS477.png4.png,0,0.01989060640335083
./iccad-official\iccad1\test\test_nhs\NNHS477.png6.png,0,0.005184650421142578
./iccad-official\iccad1\test\test_nhs\NNHS477.png7.png,0,0.0016760826110839844
./iccad-official\iccad1\test\test_nhs\NNHS477.png8.png,0,0.0017706751823425293
./iccad-official\iccad1\test\test_nhs\NNHS477.png9.png,0,0.0016760826110839844
./iccad-official\iccad1\test\test_nhs\NNHS478.png1.png,0,0.0006824135780334473
./iccad-official\iccad1\test\test_nhs\NNHS478.png2.png,0,0.0005639791488647461
./iccad-official\iccad1\test\test_nhs\NNHS478.png3.png,0,0.0006007552146911621
./iccad-official\iccad1\test\test_nhs\NNHS478.png4.png,0,0.00788050889968872
./iccad-official\iccad1\test\test_nhs\NNHS478.png6.png,0,0.00788050889968872
./iccad-official\iccad1\test\test_nhs\NNHS478.png7.png,0,0.00496518611907959
./iccad-official\iccad1\test\test_nhs\NNHS478.png8.png,0,0.006832480430603027
./iccad-official\iccad1\test\test_nhs\NNHS478.png9.png,0,0.017533540725708008
./iccad-official\iccad1\test\test_nhs\NNHS479.png1.png,0,0.00025391578674316406
./iccad-official\iccad1\test\test_nhs\NNHS479.png2.png,0,0.00025391578674316406
./iccad-official\iccad1\test\test_nhs\NNHS479.png3.png,0,0.00035965442657470703
./iccad-official\iccad1\test\test_nhs\NNHS479.png4.png,0,0.016858696937561035
./iccad-official\iccad1\test\test_nhs\NNHS479.png6.png,0,0.010605573654174805
./iccad-official\iccad1\test\test_nhs\NNHS479.png7.png,0,0.005120456218719482
./iccad-official\iccad1\test\test_nhs\NNHS479.png8.png,0,0.005154788494110107
./iccad-official\iccad1\test\test_nhs\NNHS479.png9.png,0,0.006993114948272705
./iccad-official\iccad1\test\test_nhs\NNHS480.png1.png,0,0.0012598633766174316
./iccad-official\iccad1\test\test_nhs\NNHS480.png2.png,0,0.0015212297439575195
./iccad-official\iccad1\test\test_nhs\NNHS480.png3.png,0,0.0008339285850524902
./iccad-official\iccad1\test\test_nhs\NNHS480.png4.png,0,0.03488004207611084
./iccad-official\iccad1\test\test_nhs\NNHS480.png6.png,0,0.03488004207611084
./iccad-official\iccad1\test\test_nhs\NNHS480.png7.png,0,0.01660168170928955
./iccad-official\iccad1\test\test_nhs\NNHS480.png8.png,0,0.01660168170928955
./iccad-official\iccad1\test\test_nhs\NNHS480.png9.png,0,0.03611832857131958
./iccad-official\iccad1\test\test_nhs\NNHS481.png1.png,0,0.0011764764785766602
./iccad-official\iccad1\test\test_nhs\NNHS481.png2.png,0,0.0011764764785766602
./iccad-official\iccad1\test\test_nhs\NNHS481.png3.png,0,0.000841677188873291
./iccad-official\iccad1\test\test_nhs\NNHS481.png4.png,0,0.01612675189971924
./iccad-official\iccad1\test\test_nhs\NNHS481.png6.png,0,0.01612675189971924
./iccad-official\iccad1\test\test_nhs\NNHS481.png7.png,0,0.03490406274795532
./iccad-official\iccad1\test\test_nhs\NNHS481.png8.png,0,0.05053907632827759
./iccad-official\iccad1\test\test_nhs\NNHS481.png9.png,0,0.00657278299331665
./iccad-official\iccad1\test\test_nhs\NNHS482.png1.png,0,0.0004188418388366699
./iccad-official\iccad1\test\test_nhs\NNHS482.png2.png,0,0.0009062290191650391
./iccad-official\iccad1\test\test_nhs\NNHS482.png3.png,0,0.0009235739707946777
./iccad-official\iccad1\test\test_nhs\NNHS482.png4.png,0,0.033592045307159424
./iccad-official\iccad1\test\test_nhs\NNHS482.png6.png,0,0.030620157718658447
./iccad-official\iccad1\test\test_nhs\NNHS482.png7.png,0,0.015054166316986084
./iccad-official\iccad1\test\test_nhs\NNHS482.png8.png,0,0.008519530296325684
./iccad-official\iccad1\test\test_nhs\NNHS482.png9.png,0,0.007978558540344238
./iccad-official\iccad1\test\test_nhs\NNHS483.png1.png,0,0.0013492107391357422
./iccad-official\iccad1\test\test_nhs\NNHS483.png2.png,0,0.0005387663841247559
./iccad-official\iccad1\test\test_nhs\NNHS483.png3.png,0,0.0011050105094909668
./iccad-official\iccad1\test\test_nhs\NNHS483.png4.png,0,0.023840367794036865
./iccad-official\iccad1\test\test_nhs\NNHS483.png6.png,0,0.01178067922592163
./iccad-official\iccad1\test\test_nhs\NNHS483.png7.png,0,0.007580161094665527
./iccad-official\iccad1\test\test_nhs\NNHS483.png8.png,0,0.022408127784729004
./iccad-official\iccad1\test\test_nhs\NNHS483.png9.png,0,0.005280435085296631
./iccad-official\iccad1\test\test_nhs\NNHS484.png1.png,0,0.0007345080375671387
./iccad-official\iccad1\test\test_nhs\NNHS484.png2.png,0,0.00030606985092163086
./iccad-official\iccad1\test\test_nhs\NNHS484.png3.png,0,0.0011605024337768555
./iccad-official\iccad1\test\test_nhs\NNHS484.png4.png,0,0.022363781929016113
./iccad-official\iccad1\test\test_nhs\NNHS484.png6.png,0,0.01612675189971924
./iccad-official\iccad1\test\test_nhs\NNHS484.png7.png,0,0.0027853846549987793
./iccad-official\iccad1\test\test_nhs\NNHS484.png8.png,0,0.0008192062377929688
./iccad-official\iccad1\test\test_nhs\NNHS484.png9.png,0,0.001356959342956543
./iccad-official\iccad1\test\test_nhs\NNHS485.png1.png,0,0.0007378458976745605
./iccad-official\iccad1\test\test_nhs\NNHS485.png2.png,0,0.0004292726516723633
./iccad-official\iccad1\test\test_nhs\NNHS485.png3.png,0,0.0004502534866333008
./iccad-official\iccad1\test\test_nhs\NNHS485.png4.png,0,0.01658409833908081
./iccad-official\iccad1\test\test_nhs\NNHS485.png6.png,0,0.01612675189971924
./iccad-official\iccad1\test\test_nhs\NNHS485.png7.png,0,0.0013991594314575195
./iccad-official\iccad1\test\test_nhs\NNHS485.png8.png,0,0.0013481378555297852
./iccad-official\iccad1\test\test_nhs\NNHS485.png9.png,0,0.0024682283401489258
./iccad-official\iccad1\test\test_nhs\NNHS486.png1.png,0,0.0008713603019714355
./iccad-official\iccad1\test\test_nhs\NNHS486.png2.png,0,0.002186596393585205
./iccad-official\iccad1\test\test_nhs\NNHS486.png3.png,0,0.0009442567825317383
./iccad-official\iccad1\test\test_nhs\NNHS486.png4.png,0,0.006207644939422607
./iccad-official\iccad1\test\test_nhs\NNHS486.png6.png,0,0.006207644939422607
./iccad-official\iccad1\test\test_nhs\NNHS486.png7.png,0,0.002644836902618408
./iccad-official\iccad1\test\test_nhs\NNHS486.png8.png,0,0.006901800632476807
./iccad-official\iccad1\test\test_nhs\NNHS486.png9.png,0,0.001959085464477539
./iccad-official\iccad1\test\test_nhs\NNHS487.png1.png,0,0.0017432570457458496
./iccad-official\iccad1\test\test_nhs\NNHS487.png2.png,0,0.0005820989608764648
./iccad-official\iccad1\test\test_nhs\NNHS487.png3.png,0,0.0014156103134155273
./iccad-official\iccad1\test\test_nhs\NNHS487.png4.png,0,0.01966947317123413
./iccad-official\iccad1\test\test_nhs\NNHS487.png6.png,0,0.01966947317123413
./iccad-official\iccad1\test\test_nhs\NNHS487.png7.png,0,0.024235665798187256
./iccad-official\iccad1\test\test_nhs\NNHS487.png8.png,0,0.011116504669189453
./iccad-official\iccad1\test\test_nhs\NNHS487.png9.png,0,0.004457056522369385
./iccad-official\iccad1\test\test_nhs\NNHS488.png1.png,0,0.0015129446983337402
./iccad-official\iccad1\test\test_nhs\NNHS488.png2.png,0,0.0034586191177368164
./iccad-official\iccad1\test\test_nhs\NNHS488.png3.png,0,0.0007446408271789551
./iccad-official\iccad1\test\test_nhs\NNHS488.png4.png,0,0.011260688304901123
./iccad-official\iccad1\test\test_nhs\NNHS488.png6.png,0,0.011260688304901123
./iccad-official\iccad1\test\test_nhs\NNHS488.png7.png,0,0.01660168170928955
./iccad-official\iccad1\test\test_nhs\NNHS488.png8.png,0,0.01660168170928955
./iccad-official\iccad1\test\test_nhs\NNHS488.png9.png,0,0.01660168170928955
./iccad-official\iccad1\test\test_nhs\NNHS489.png1.png,0,0.0008339285850524902
./iccad-official\iccad1\test\test_nhs\NNHS489.png2.png,0,0.0019022822380065918
./iccad-official\iccad1\test\test_nhs\NNHS489.png3.png,0,0.001858532428741455
./iccad-official\iccad1\test\test_nhs\NNHS489.png4.png,0,0.01612675189971924
./iccad-official\iccad1\test\test_nhs\NNHS489.png6.png,0,0.014760076999664307
./iccad-official\iccad1\test\test_nhs\NNHS489.png7.png,0,0.002761244773864746
./iccad-official\iccad1\test\test_nhs\NNHS489.png8.png,0,0.004140615463256836
./iccad-official\iccad1\test\test_nhs\NNHS489.png9.png,0,0.004504084587097168
./iccad-official\iccad1\test\test_nhs\NNHS490.png1.png,0,0.0014344453811645508
./iccad-official\iccad1\test\test_nhs\NNHS490.png2.png,0,0.0007734298706054688
./iccad-official\iccad1\test\test_nhs\NNHS490.png3.png,0,0.0011296272277832031
./iccad-official\iccad1\test\test_nhs\NNHS490.png4.png,0,0.005079805850982666
./iccad-official\iccad1\test\test_nhs\NNHS490.png6.png,0,0.01543039083480835
./iccad-official\iccad1\test\test_nhs\NNHS490.png7.png,0,0.012221157550811768
./iccad-official\iccad1\test\test_nhs\NNHS490.png8.png,0,0.026280641555786133
./iccad-official\iccad1\test\test_nhs\NNHS490.png9.png,0,0.019311130046844482
./iccad-official\iccad1\test\test_nhs\NNHS491.png1.png,0,0.0007216334342956543
./iccad-official\iccad1\test\test_nhs\NNHS491.png2.png,0,0.0007216334342956543
./iccad-official\iccad1\test\test_nhs\NNHS491.png3.png,0,0.0007951855659484863
./iccad-official\iccad1\test\test_nhs\NNHS491.png4.png,0,0.01612675189971924
./iccad-official\iccad1\test\test_nhs\NNHS491.png6.png,0,0.003194153308868408
./iccad-official\iccad1\test\test_nhs\NNHS491.png7.png,0,0.0005053281784057617
./iccad-official\iccad1\test\test_nhs\NNHS491.png8.png,0,0.0013353228569030762
./iccad-official\iccad1\test\test_nhs\NNHS491.png9.png,0,0.0018714666366577148
./iccad-official\iccad1\test\test_nhs\NNHS492.png1.png,0,0.0011764764785766602
./iccad-official\iccad1\test\test_nhs\NNHS492.png2.png,0,0.0010846257209777832
./iccad-official\iccad1\test\test_nhs\NNHS492.png3.png,0,0.0005239248275756836
./iccad-official\iccad1\test\test_nhs\NNHS492.png4.png,0,0.02160167694091797
./iccad-official\iccad1\test\test_nhs\NNHS492.png6.png,0,0.0054479241371154785
./iccad-official\iccad1\test\test_nhs\NNHS492.png7.png,0,0.0016410350799560547
./iccad-official\iccad1\test\test_nhs\NNHS492.png8.png,0,0.003487884998321533
./iccad-official\iccad1\test\test_nhs\NNHS492.png9.png,0,0.01319342851638794
./iccad-official\iccad1\test\test_nhs\NNHS493.png1.png,0,0.0005639791488647461
./iccad-official\iccad1\test\test_nhs\NNHS493.png2.png,0,0.00054168701171875
./iccad-official\iccad1\test\test_nhs\NNHS493.png3.png,0,0.0006627440452575684
./iccad-official\iccad1\test\test_nhs\NNHS493.png4.png,0,0.02480870485305786
./iccad-official\iccad1\test\test_nhs\NNHS493.png6.png,0,0.010644793510437012
./iccad-official\iccad1\test\test_nhs\NNHS493.png7.png,0,0.0014799833297729492
./iccad-official\iccad1\test\test_nhs\NNHS493.png8.png,0,0.0009800195693969727
./iccad-official\iccad1\test\test_nhs\NNHS493.png9.png,0,0.001601099967956543
./iccad-official\iccad1\test\test_nhs\NNHS494.png1.png,0,0.0008713603019714355
./iccad-official\iccad1\test\test_nhs\NNHS494.png2.png,0,0.0005728602409362793
./iccad-official\iccad1\test\test_nhs\NNHS494.png3.png,0,0.0008713603019714355
./iccad-official\iccad1\test\test_nhs\NNHS494.png4.png,0,0.00788050889968872
./iccad-official\iccad1\test\test_nhs\NNHS494.png6.png,0,0.00788050889968872
./iccad-official\iccad1\test\test_nhs\NNHS494.png7.png,0,0.006371438503265381
./iccad-official\iccad1\test\test_nhs\NNHS494.png8.png,0,0.003543853759765625
./iccad-official\iccad1\test\test_nhs\NNHS494.png9.png,0,0.008803486824035645
./iccad-official\iccad1\test\test_nhs\NNHS495.png1.png,0,0.0005303621292114258
./iccad-official\iccad1\test\test_nhs\NNHS495.png2.png,0,0.0005639791488647461
./iccad-official\iccad1\test\test_nhs\NNHS495.png3.png,0,0.0005639791488647461
./iccad-official\iccad1\test\test_nhs\NNHS495.png4.png,0,0.028561651706695557
./iccad-official\iccad1\test\test_nhs\NNHS495.png6.png,0,0.018378138542175293
./iccad-official\iccad1\test\test_nhs\NNHS495.png7.png,0,0.0013559460639953613
./iccad-official\iccad1\test\test_nhs\NNHS495.png8.png,0,0.004753470420837402
./iccad-official\iccad1\test\test_nhs\NNHS495.png9.png,0,0.006186187267303467
./iccad-official\iccad1\test\test_nhs\NNHS496.png1.png,0,0.000976860523223877
./iccad-official\iccad1\test\test_nhs\NNHS496.png2.png,0,0.0005639791488647461
./iccad-official\iccad1\test\test_nhs\NNHS496.png3.png,0,0.0005639791488647461
./iccad-official\iccad1\test\test_nhs\NNHS496.png4.png,0,0.0015978813171386719
./iccad-official\iccad1\test\test_nhs\NNHS496.png6.png,0,0.01092827320098877
./iccad-official\iccad1\test\test_nhs\NNHS496.png7.png,0,0.007978558540344238
./iccad-official\iccad1\test\test_nhs\NNHS496.png8.png,0,0.007978558540344238
./iccad-official\iccad1\test\test_nhs\NNHS496.png9.png,0,0.013819515705108643
./iccad-official\iccad1\test\test_nhs\NNHS497.png1.png,0,0.0008045434951782227
./iccad-official\iccad1\test\test_nhs\NNHS497.png2.png,0,0.0002792477607727051
./iccad-official\iccad1\test\test_nhs\NNHS497.png3.png,0,0.0003406405448913574
./iccad-official\iccad1\test\test_nhs\NNHS497.png4.png,0,0.009974122047424316
./iccad-official\iccad1\test\test_nhs\NNHS497.png6.png,0,0.014760076999664307
./iccad-official\iccad1\test\test_nhs\NNHS497.png7.png,0,0.0016760826110839844
./iccad-official\iccad1\test\test_nhs\NNHS497.png8.png,0,0.0016760826110839844
./iccad-official\iccad1\test\test_nhs\NNHS497.png9.png,0,0.0016760826110839844
./iccad-official\iccad1\test\test_nhs\NNHS498.png1.png,0,0.0005639791488647461
./iccad-official\iccad1\test\test_nhs\NNHS498.png2.png,0,0.0005639791488647461
./iccad-official\iccad1\test\test_nhs\NNHS498.png3.png,0,0.0005639791488647461
./iccad-official\iccad1\test\test_nhs\NNHS498.png4.png,0,0.01612675189971924
./iccad-official\iccad1\test\test_nhs\NNHS498.png6.png,0,0.01612675189971924
./iccad-official\iccad1\test\test_nhs\NNHS498.png7.png,0,0.002927720546722412
./iccad-official\iccad1\test\test_nhs\NNHS498.png8.png,0,0.01043093204498291
./iccad-official\iccad1\test\test_nhs\NNHS498.png9.png,0,0.008760154247283936
./iccad-official\iccad1\test\test_nhs\NNHS499.png1.png,0,0.005304872989654541
./iccad-official\iccad1\test\test_nhs\NNHS499.png2.png,0,0.0003794431686401367
./iccad-official\iccad1\test\test_nhs\NNHS499.png3.png,0,0.0008904933929443359
./iccad-official\iccad1\test\test_nhs\NNHS499.png4.png,0,0.02307373285293579
./iccad-official\iccad1\test\test_nhs\NNHS499.png6.png,0,0.02307373285293579
./iccad-official\iccad1\test\test_nhs\NNHS499.png7.png,0,0.007978558540344238
./iccad-official\iccad1\test\test_nhs\NNHS499.png8.png,0,0.007978558540344238
./iccad-official\iccad1\test\test_nhs\NNHS499.png9.png,0,0.007978558540344238
./iccad-official\iccad1\test\test_nhs\NNHS500.png1.png,0,0.0007304549217224121
./iccad-official\iccad1\test\test_nhs\NNHS500.png2.png,0,0.00038355588912963867
./iccad-official\iccad1\test\test_nhs\NNHS500.png3.png,0,0.0007307529449462891
./iccad-official\iccad1\test\test_nhs\NNHS500.png4.png,0,0.009348511695861816
./iccad-official\iccad1\test\test_nhs\NNHS500.png6.png,0,0.01612675189971924
./iccad-official\iccad1\test\test_nhs\NNHS500.png7.png,0,0.010823667049407959
./iccad-official\iccad1\test\test_nhs\NNHS500.png8.png,0,0.009445488452911377
./iccad-official\iccad1\test\test_nhs\NNHS500.png9.png,0,0.008607804775238037
./iccad-official\iccad1\test\test_nhs\NNHS501.png1.png,0,0.0007505416870117188
./iccad-official\iccad1\test\test_nhs\NNHS501.png2.png,0,0.0017018914222717285
./iccad-official\iccad1\test\test_nhs\NNHS501.png3.png,0,0.0007727742195129395
./iccad-official\iccad1\test\test_nhs\NNHS501.png4.png,0,0.002300262451171875
./iccad-official\iccad1\test\test_nhs\NNHS501.png6.png,0,0.00788050889968872
./iccad-official\iccad1\test\test_nhs\NNHS501.png7.png,0,0.00657278299331665
./iccad-official\iccad1\test\test_nhs\NNHS501.png8.png,0,0.006654143333435059
./iccad-official\iccad1\test\test_nhs\NNHS501.png9.png,0,0.007978558540344238
./iccad-official\iccad1\test\test_nhs\NNHS502.png1.png,0,0.00023853778839111328
./iccad-official\iccad1\test\test_nhs\NNHS502.png2.png,0,0.00023853778839111328
./iccad-official\iccad1\test\test_nhs\NNHS502.png3.png,0,0.00020110607147216797
./iccad-official\iccad1\test\test_nhs\NNHS502.png4.png,0,0.04310876131057739
./iccad-official\iccad1\test\test_nhs\NNHS502.png6.png,0,0.05408167839050293
./iccad-official\iccad1\test\test_nhs\NNHS502.png7.png,0,0.016579866409301758
./iccad-official\iccad1\test\test_nhs\NNHS502.png8.png,0,0.0017766356468200684
./iccad-official\iccad1\test\test_nhs\NNHS502.png9.png,0,0.004447638988494873
./iccad-official\iccad1\test\test_nhs\NNHS503.png1.png,0,0.00016105175018310547
./iccad-official\iccad1\test\test_nhs\NNHS503.png2.png,0,0.0028215646743774414
./iccad-official\iccad1\test\test_nhs\NNHS503.png3.png,0,0.0006902217864990234
./iccad-official\iccad1\test\test_nhs\NNHS503.png4.png,0,0.01612675189971924
./iccad-official\iccad1\test\test_nhs\NNHS503.png6.png,0,0.01612675189971924
./iccad-official\iccad1\test\test_nhs\NNHS503.png7.png,0,0.0025675296783447266
./iccad-official\iccad1\test\test_nhs\NNHS503.png8.png,0,0.0027728676795959473
./iccad-official\iccad1\test\test_nhs\NNHS503.png9.png,0,0.007978558540344238
./iccad-official\iccad1\test\test_nhs\NNHS504.png1.png,0,0.0005639791488647461
./iccad-official\iccad1\test\test_nhs\NNHS504.png2.png,0,0.0005639791488647461
./iccad-official\iccad1\test\test_nhs\NNHS504.png3.png,0,0.0005639791488647461
./iccad-official\iccad1\test\test_nhs\NNHS504.png4.png,0,0.0032266974449157715
./iccad-official\iccad1\test\test_nhs\NNHS504.png6.png,0,0.023840367794036865
./iccad-official\iccad1\test\test_nhs\NNHS504.png7.png,0,0.015577316284179688
./iccad-official\iccad1\test\test_nhs\NNHS504.png8.png,0,0.01660168170928955
./iccad-official\iccad1\test\test_nhs\NNHS504.png9.png,0,0.01660168170928955
./iccad-official\iccad1\test\test_nhs\NNHS505.png1.png,0,0.0005639791488647461
./iccad-official\iccad1\test\test_nhs\NNHS505.png2.png,0,0.0005639791488647461
./iccad-official\iccad1\test\test_nhs\NNHS505.png3.png,0,0.0005639791488647461
./iccad-official\iccad1\test\test_nhs\NNHS505.png4.png,0,0.01612675189971924
./iccad-official\iccad1\test\test_nhs\NNHS505.png6.png,0,0.008656084537506104
./iccad-official\iccad1\test\test_nhs\NNHS505.png7.png,0,0.015054166316986084
./iccad-official\iccad1\test\test_nhs\NNHS505.png8.png,0,0.015054166316986084
./iccad-official\iccad1\test\test_nhs\NNHS505.png9.png,0,0.01660168170928955
./iccad-official\iccad1\test\test_nhs\NNHS506.png1.png,0,0.0006375908851623535
./iccad-official\iccad1\test\test_nhs\NNHS506.png2.png,0,0.0002963542938232422
./iccad-official\iccad1\test\test_nhs\NNHS506.png3.png,0,0.0005639791488647461
./iccad-official\iccad1\test\test_nhs\NNHS506.png4.png,0,0.011186540126800537
./iccad-official\iccad1\test\test_nhs\NNHS506.png6.png,0,0.01966947317123413
./iccad-official\iccad1\test\test_nhs\NNHS506.png7.png,0,0.0010420680046081543
./iccad-official\iccad1\test\test_nhs\NNHS506.png8.png,0,0.00038611888885498047
./iccad-official\iccad1\test\test_nhs\NNHS506.png9.png,0,0.0005632638931274414
./iccad-official\iccad1\test\test_nhs\NNHS507.png1.png,0,0.0007797479629516602
./iccad-official\iccad1\test\test_nhs\NNHS507.png2.png,0,0.00019794702529907227
./iccad-official\iccad1\test\test_nhs\NNHS507.png3.png,0,0.0005639791488647461
./iccad-official\iccad1\test\test_nhs\NNHS507.png4.png,0,0.01612675189971924
./iccad-official\iccad1\test\test_nhs\NNHS507.png6.png,0,0.01612675189971924
./iccad-official\iccad1\test\test_nhs\NNHS507.png7.png,0,0.01586759090423584
./iccad-official\iccad1\test\test_nhs\NNHS507.png8.png,0,0.006372392177581787
./iccad-official\iccad1\test\test_nhs\NNHS507.png9.png,0,0.001802682876586914
./iccad-official\iccad1\test\test_nhs\NNHS508.png1.png,0,0.0006253719329833984
./iccad-official\iccad1\test\test_nhs\NNHS508.png2.png,0,0.00090789794921875
./iccad-official\iccad1\test\test_nhs\NNHS508.png3.png,0,0.0008713603019714355
./iccad-official\iccad1\test\test_nhs\NNHS508.png4.png,0,0.011765062808990479
./iccad-official\iccad1\test\test_nhs\NNHS508.png6.png,0,0.011821150779724121
./iccad-official\iccad1\test\test_nhs\NNHS508.png7.png,0,0.004878997802734375
./iccad-official\iccad1\test\test_nhs\NNHS508.png8.png,0,0.004693269729614258
./iccad-official\iccad1\test\test_nhs\NNHS508.png9.png,0,0.002070128917694092
./iccad-official\iccad1\test\test_nhs\NNHS509.png1.png,0,0.0008713603019714355
./iccad-official\iccad1\test\test_nhs\NNHS509.png2.png,0,0.0013034343719482422
./iccad-official\iccad1\test\test_nhs\NNHS509.png3.png,0,0.0006123781204223633
./iccad-official\iccad1\test\test_nhs\NNHS509.png4.png,0,0.0293271541595459
./iccad-official\iccad1\test\test_nhs\NNHS509.png6.png,0,0.024768829345703125
./iccad-official\iccad1\test\test_nhs\NNHS509.png7.png,0,0.008984684944152832
./iccad-official\iccad1\test\test_nhs\NNHS509.png8.png,0,0.013539731502532959
./iccad-official\iccad1\test\test_nhs\NNHS509.png9.png,0,0.003770112991333008
./iccad-official\iccad1\test\test_nhs\NNHS510.png1.png,0,0.0011710524559020996
./iccad-official\iccad1\test\test_nhs\NNHS510.png2.png,0,0.001276850700378418
./iccad-official\iccad1\test\test_nhs\NNHS510.png3.png,0,0.0007559657096862793
./iccad-official\iccad1\test\test_nhs\NNHS510.png4.png,0,0.0107002854347229
./iccad-official\iccad1\test\test_nhs\NNHS510.png6.png,0,0.0074547529220581055
./iccad-official\iccad1\test\test_nhs\NNHS510.png7.png,0,0.006987214088439941
./iccad-official\iccad1\test\test_nhs\NNHS510.png8.png,0,0.01110297441482544
./iccad-official\iccad1\test\test_nhs\NNHS510.png9.png,0,0.010176539421081543
./iccad-official\iccad1\test\test_nhs\NNHS511.png1.png,0,0.0018772482872009277
./iccad-official\iccad1\test\test_nhs\NNHS511.png2.png,0,0.0007120370864868164
./iccad-official\iccad1\test\test_nhs\NNHS511.png3.png,0,0.0005334019660949707
./iccad-official\iccad1\test\test_nhs\NNHS511.png4.png,0,0.012356340885162354
./iccad-official\iccad1\test\test_nhs\NNHS511.png6.png,0,0.029523253440856934
./iccad-official\iccad1\test\test_nhs\NNHS511.png7.png,0,0.0005627274513244629
./iccad-official\iccad1\test\test_nhs\NNHS511.png8.png,0,0.006295323371887207
./iccad-official\iccad1\test\test_nhs\NNHS511.png9.png,0,0.0017282962799072266
./iccad-official\iccad1\test\test_nhs\NNHS512.png1.png,0,0.0008786320686340332
./iccad-official\iccad1\test\test_nhs\NNHS512.png2.png,0,0.0008308291435241699
./iccad-official\iccad1\test\test_nhs\NNHS512.png3.png,0,0.0012303590774536133
./iccad-official\iccad1\test\test_nhs\NNHS512.png4.png,0,0.01612675189971924
./iccad-official\iccad1\test\test_nhs\NNHS512.png6.png,0,0.02480870485305786
./iccad-official\iccad1\test\test_nhs\NNHS512.png7.png,0,0.0042501091957092285
./iccad-official\iccad1\test\test_nhs\NNHS512.png8.png,0,0.0059563517570495605
./iccad-official\iccad1\test\test_nhs\NNHS512.png9.png,0,0.02140069007873535
./iccad-official\iccad1\test\test_nhs\NNHS513.png1.png,0,0.0018482804298400879
./iccad-official\iccad1\test\test_nhs\NNHS513.png2.png,0,0.0008110404014587402
./iccad-official\iccad1\test\test_nhs\NNHS513.png3.png,0,0.0008713603019714355
./iccad-official\iccad1\test\test_nhs\NNHS513.png4.png,0,0.016295552253723145
./iccad-official\iccad1\test\test_nhs\NNHS513.png6.png,0,0.01612675189971924
./iccad-official\iccad1\test\test_nhs\NNHS513.png7.png,0,0.008669793605804443
./iccad-official\iccad1\test\test_nhs\NNHS513.png8.png,0,0.0029594898223876953
./iccad-official\iccad1\test\test_nhs\NNHS513.png9.png,0,0.009935379028320312
./iccad-official\iccad1\test\test_nhs\NNHS514.png1.png,0,0.0005639791488647461
./iccad-official\iccad1\test\test_nhs\NNHS514.png2.png,0,0.0005639791488647461
./iccad-official\iccad1\test\test_nhs\NNHS514.png3.png,0,0.0005639791488647461
./iccad-official\iccad1\test\test_nhs\NNHS514.png4.png,0,0.00788050889968872
./iccad-official\iccad1\test\test_nhs\NNHS514.png6.png,0,0.010254859924316406
./iccad-official\iccad1\test\test_nhs\NNHS514.png7.png,0,0.0027620792388916016
./iccad-official\iccad1\test\test_nhs\NNHS514.png8.png,0,0.003326594829559326
./iccad-official\iccad1\test\test_nhs\NNHS514.png9.png,0,0.0035584568977355957
./iccad-official\iccad1\test\test_nhs\NNHS515.png1.png,0,0.0009235739707946777
./iccad-official\iccad1\test\test_nhs\NNHS515.png2.png,0,0.0009235739707946777
./iccad-official\iccad1\test\test_nhs\NNHS515.png3.png,0,0.0006925463676452637
./iccad-official\iccad1\test\test_nhs\NNHS515.png4.png,0,0.004030764102935791
./iccad-official\iccad1\test\test_nhs\NNHS515.png6.png,0,0.0037105679512023926
./iccad-official\iccad1\test\test_nhs\NNHS515.png7.png,0,0.0007963180541992188
./iccad-official\iccad1\test\test_nhs\NNHS515.png8.png,0,0.004523932933807373
./iccad-official\iccad1\test\test_nhs\NNHS515.png9.png,0,0.007978558540344238
./iccad-official\iccad1\test\test_nhs\NNHS516.png1.png,0,0.0007216334342956543
./iccad-official\iccad1\test\test_nhs\NNHS516.png2.png,0,0.0018494129180908203
./iccad-official\iccad1\test\test_nhs\NNHS516.png3.png,0,0.0028921961784362793
./iccad-official\iccad1\test\test_nhs\NNHS516.png4.png,0,0.05408167839050293
./iccad-official\iccad1\test\test_nhs\NNHS516.png6.png,0,0.026177406311035156
./iccad-official\iccad1\test\test_nhs\NNHS516.png7.png,0,0.0028693079948425293
./iccad-official\iccad1\test\test_nhs\NNHS516.png8.png,0,0.0020423531532287598
./iccad-official\iccad1\test\test_nhs\NNHS516.png9.png,0,0.010699212551116943
./iccad-official\iccad1\test\test_nhs\NNHS517.png1.png,0,0.00025391578674316406
./iccad-official\iccad1\test\test_nhs\NNHS517.png2.png,0,0.0005639791488647461
./iccad-official\iccad1\test\test_nhs\NNHS517.png3.png,0,0.0005639791488647461
./iccad-official\iccad1\test\test_nhs\NNHS517.png4.png,0,0.003628551959991455
./iccad-official\iccad1\test\test_nhs\NNHS517.png6.png,0,0.03298443555831909
./iccad-official\iccad1\test\test_nhs\NNHS517.png7.png,0,0.006186187267303467
./iccad-official\iccad1\test\test_nhs\NNHS517.png8.png,0,0.006186187267303467
./iccad-official\iccad1\test\test_nhs\NNHS517.png9.png,0,0.010243833065032959
./iccad-official\iccad1\test\test_nhs\NNHS518.png1.png,0,0.0018544197082519531
./iccad-official\iccad1\test\test_nhs\NNHS518.png2.png,0,0.0006757974624633789
./iccad-official\iccad1\test\test_nhs\NNHS518.png3.png,0,0.0005268454551696777
./iccad-official\iccad1\test\test_nhs\NNHS518.png4.png,0,0.01612675189971924
./iccad-official\iccad1\test\test_nhs\NNHS518.png6.png,0,0.01612675189971924
./iccad-official\iccad1\test\test_nhs\NNHS518.png7.png,0,0.007978558540344238
./iccad-official\iccad1\test\test_nhs\NNHS518.png8.png,0,0.007978558540344238
./iccad-official\iccad1\test\test_nhs\NNHS518.png9.png,0,0.007978558540344238
./iccad-official\iccad1\test\test_nhs\NNHS519.png1.png,0,0.0010682344436645508
./iccad-official\iccad1\test\test_nhs\NNHS519.png2.png,0,0.0019118189811706543
./iccad-official\iccad1\test\test_nhs\NNHS519.png3.png,0,0.0016571283340454102
./iccad-official\iccad1\test\test_nhs\NNHS519.png4.png,0,0.008769214153289795
./iccad-official\iccad1\test\test_nhs\NNHS519.png6.png,0,0.010316431522369385
./iccad-official\iccad1\test\test_nhs\NNHS519.png7.png,0,0.000997781753540039
./iccad-official\iccad1\test\test_nhs\NNHS519.png8.png,0,0.009363830089569092
./iccad-official\iccad1\test\test_nhs\NNHS519.png9.png,0,0.031044840812683105
./iccad-official\iccad1\test\test_nhs\NNHS520.png1.png,0,0.0011764764785766602
./iccad-official\iccad1\test\test_nhs\NNHS520.png2.png,0,0.0005028247833251953
./iccad-official\iccad1\test\test_nhs\NNHS520.png3.png,0,0.0005639791488647461
./iccad-official\iccad1\test\test_nhs\NNHS520.png4.png,0,0.002300262451171875
./iccad-official\iccad1\test\test_nhs\NNHS520.png6.png,0,0.004091322422027588
./iccad-official\iccad1\test\test_nhs\NNHS520.png7.png,0,0.01660168170928955
./iccad-official\iccad1\test\test_nhs\NNHS520.png8.png,0,0.02692413330078125
./iccad-official\iccad1\test\test_nhs\NNHS520.png9.png,0,0.015054166316986084
./iccad-official\iccad1\test\test_nhs\NNHS521.png1.png,0,0.0008713603019714355
./iccad-official\iccad1\test\test_nhs\NNHS521.png2.png,0,0.0012951493263244629
./iccad-official\iccad1\test\test_nhs\NNHS521.png3.png,0,0.0007995963096618652
./iccad-official\iccad1\test\test_nhs\NNHS521.png4.png,0,0.01612675189971924
./iccad-official\iccad1\test\test_nhs\NNHS521.png6.png,0,0.01612675189971924
./iccad-official\iccad1\test\test_nhs\NNHS521.png7.png,0,0.0062752366065979
./iccad-official\iccad1\test\test_nhs\NNHS521.png8.png,0,0.0006207823753356934
./iccad-official\iccad1\test\test_nhs\NNHS521.png9.png,0,0.0025096535682678223
./iccad-official\iccad1\test\test_nhs\NNHS522.png1.png,0,0.0006114840507507324
./iccad-official\iccad1\test\test_nhs\NNHS522.png2.png,0,0.0005639791488647461
./iccad-official\iccad1\test\test_nhs\NNHS522.png3.png,0,0.0005639791488647461
./iccad-official\iccad1\test\test_nhs\NNHS522.png4.png,0,0.0032266974449157715
./iccad-official\iccad1\test\test_nhs\NNHS522.png6.png,0,0.003297865390777588
./iccad-official\iccad1\test\test_nhs\NNHS522.png7.png,0,0.004246890544891357
./iccad-official\iccad1\test\test_nhs\NNHS522.png8.png,0,0.0049172043800354
./iccad-official\iccad1\test\test_nhs\NNHS522.png9.png,0,0.007978558540344238
./iccad-official\iccad1\test\test_nhs\NNHS523.png1.png,0,0.0005639791488647461
./iccad-official\iccad1\test\test_nhs\NNHS523.png2.png,0,0.0005639791488647461
./iccad-official\iccad1\test\test_nhs\NNHS523.png3.png,0,0.0005639791488647461
./iccad-official\iccad1\test\test_nhs\NNHS523.png4.png,0,0.02415752410888672
./iccad-official\iccad1\test\test_nhs\NNHS523.png6.png,0,0.006207644939422607
./iccad-official\iccad1\test\test_nhs\NNHS523.png7.png,0,0.010819077491760254
./iccad-official\iccad1\test\test_nhs\NNHS523.png8.png,0,0.012947499752044678
./iccad-official\iccad1\test\test_nhs\NNHS523.png9.png,0,0.012378871440887451
./iccad-official\iccad1\test\test_nhs\NNHS524.png1.png,0,0.002641737461090088
./iccad-official\iccad1\test\test_nhs\NNHS524.png2.png,0,0.0015129446983337402
./iccad-official\iccad1\test\test_nhs\NNHS524.png3.png,0,0.0015129446983337402
./iccad-official\iccad1\test\test_nhs\NNHS524.png4.png,0,0.014822661876678467
./iccad-official\iccad1\test\test_nhs\NNHS524.png6.png,0,0.013828158378601074
./iccad-official\iccad1\test\test_nhs\NNHS524.png7.png,0,0.00454789400100708
./iccad-official\iccad1\test\test_nhs\NNHS524.png8.png,0,0.006305813789367676
./iccad-official\iccad1\test\test_nhs\NNHS524.png9.png,0,0.0018296241760253906
./iccad-official\iccad1\test\test_nhs\NNHS525.png1.png,0,0.003180563449859619
./iccad-official\iccad1\test\test_nhs\NNHS525.png2.png,0,0.0011770129203796387
./iccad-official\iccad1\test\test_nhs\NNHS525.png3.png,0,0.0007013082504272461
./iccad-official\iccad1\test\test_nhs\NNHS525.png4.png,0,0.025180518627166748
./iccad-official\iccad1\test\test_nhs\NNHS525.png6.png,0,0.023840367794036865
./iccad-official\iccad1\test\test_nhs\NNHS525.png7.png,0,0.034104883670806885
./iccad-official\iccad1\test\test_nhs\NNHS525.png8.png,0,0.005662262439727783
./iccad-official\iccad1\test\test_nhs\NNHS525.png9.png,0,0.011766374111175537
./iccad-official\iccad1\test\test_nhs\NNHS526.png1.png,0,0.00032466650009155273
./iccad-official\iccad1\test\test_nhs\NNHS526.png2.png,0,0.0007631778717041016
./iccad-official\iccad1\test\test_nhs\NNHS526.png3.png,0,0.0012121796607971191
./iccad-official\iccad1\test\test_nhs\NNHS526.png4.png,0,0.00788050889968872
./iccad-official\iccad1\test\test_nhs\NNHS526.png6.png,0,0.00788050889968872
./iccad-official\iccad1\test\test_nhs\NNHS526.png7.png,0,0.0038448572158813477
./iccad-official\iccad1\test\test_nhs\NNHS526.png8.png,0,0.007020354270935059
./iccad-official\iccad1\test\test_nhs\NNHS526.png9.png,0,0.006626009941101074
./iccad-official\iccad1\test\test_nhs\NNHS527.png1.png,0,0.0013353228569030762
./iccad-official\iccad1\test\test_nhs\NNHS527.png2.png,0,0.000641167163848877
./iccad-official\iccad1\test\test_nhs\NNHS527.png3.png,0,0.004413247108459473
./iccad-official\iccad1\test\test_nhs\NNHS527.png4.png,0,0.004547297954559326
./iccad-official\iccad1\test\test_nhs\NNHS527.png6.png,0,0.004547297954559326
./iccad-official\iccad1\test\test_nhs\NNHS527.png7.png,0,0.007978558540344238
./iccad-official\iccad1\test\test_nhs\NNHS527.png8.png,0,0.007978558540344238
./iccad-official\iccad1\test\test_nhs\NNHS527.png9.png,0,0.006288886070251465
./iccad-official\iccad1\test\test_nhs\NNHS528.png1.png,0,0.0010131597518920898
./iccad-official\iccad1\test\test_nhs\NNHS528.png2.png,0,0.0006677508354187012
./iccad-official\iccad1\test\test_nhs\NNHS528.png3.png,0,0.0002713799476623535
./iccad-official\iccad1\test\test_nhs\NNHS528.png4.png,0,0.023840367794036865
./iccad-official\iccad1\test\test_nhs\NNHS528.png6.png,0,0.023840367794036865
./iccad-official\iccad1\test\test_nhs\NNHS528.png7.png,0,0.00657278299331665
./iccad-official\iccad1\test\test_nhs\NNHS528.png8.png,0,0.00657278299331665
./iccad-official\iccad1\test\test_nhs\NNHS528.png9.png,0,0.00657278299331665
./iccad-official\iccad1\test\test_nhs\NNHS529.png1.png,0,0.00037735700607299805
./iccad-official\iccad1\test\test_nhs\NNHS529.png2.png,0,0.0007076859474182129
./iccad-official\iccad1\test\test_nhs\NNHS529.png3.png,0,0.0013654232025146484
./iccad-official\iccad1\test\test_nhs\NNHS529.png4.png,0,0.01612675189971924
./iccad-official\iccad1\test\test_nhs\NNHS529.png6.png,0,0.03504788875579834
./iccad-official\iccad1\test\test_nhs\NNHS529.png7.png,0,0.00496518611907959
./iccad-official\iccad1\test\test_nhs\NNHS529.png8.png,0,0.007048904895782471
./iccad-official\iccad1\test\test_nhs\NNHS529.png9.png,0,0.005660057067871094
./iccad-official\iccad1\test\test_nhs\NNHS530.png1.png,0,0.0006321072578430176
./iccad-official\iccad1\test\test_nhs\NNHS530.png2.png,0,0.0005639791488647461
./iccad-official\iccad1\test\test_nhs\NNHS530.png3.png,0,0.0008143186569213867
./iccad-official\iccad1\test\test_nhs\NNHS530.png4.png,0,0.017825841903686523
./iccad-official\iccad1\test\test_nhs\NNHS530.png6.png,0,0.02315676212310791
./iccad-official\iccad1\test\test_nhs\NNHS530.png7.png,0,0.0016760826110839844
./iccad-official\iccad1\test\test_nhs\NNHS530.png8.png,0,0.0016760826110839844
./iccad-official\iccad1\test\test_nhs\NNHS530.png9.png,0,0.0016760826110839844
./iccad-official\iccad1\test\test_nhs\NNHS531.png1.png,0,0.0006464719772338867
./iccad-official\iccad1\test\test_nhs\NNHS531.png2.png,0,0.0005639791488647461
./iccad-official\iccad1\test\test_nhs\NNHS531.png3.png,0,0.0005639791488647461
./iccad-official\iccad1\test\test_nhs\NNHS531.png4.png,0,0.006078660488128662
./iccad-official\iccad1\test\test_nhs\NNHS531.png6.png,0,0.005581259727478027
./iccad-official\iccad1\test\test_nhs\NNHS531.png7.png,0,0.00040018558502197266
./iccad-official\iccad1\test\test_nhs\NNHS531.png8.png,0,0.0009616613388061523
./iccad-official\iccad1\test\test_nhs\NNHS531.png9.png,0,0.004088938236236572
./iccad-official\iccad1\test\test_nhs\NNHS532.png1.png,0,0.0006862282752990723
./iccad-official\iccad1\test\test_nhs\NNHS532.png2.png,0,0.0007401108741760254
./iccad-official\iccad1\test\test_nhs\NNHS532.png3.png,0,0.000584721565246582
./iccad-official\iccad1\test\test_nhs\NNHS532.png4.png,0,0.023840367794036865
./iccad-official\iccad1\test\test_nhs\NNHS532.png6.png,0,0.023840367794036865
./iccad-official\iccad1\test\test_nhs\NNHS532.png7.png,0,0.007978558540344238
./iccad-official\iccad1\test\test_nhs\NNHS532.png8.png,0,0.007978558540344238
./iccad-official\iccad1\test\test_nhs\NNHS532.png9.png,0,0.007978558540344238
./iccad-official\iccad1\test\test_nhs\NNHS533.png1.png,0,0.0006836056709289551
./iccad-official\iccad1\test\test_nhs\NNHS533.png2.png,0,0.0005336999893188477
./iccad-official\iccad1\test\test_nhs\NNHS533.png3.png,0,0.0016078948974609375
./iccad-official\iccad1\test\test_nhs\NNHS533.png4.png,0,0.019736051559448242
./iccad-official\iccad1\test\test_nhs\NNHS533.png6.png,0,0.033592045307159424
./iccad-official\iccad1\test\test_nhs\NNHS533.png7.png,0,0.004943370819091797
./iccad-official\iccad1\test\test_nhs\NNHS533.png8.png,0,0.008540153503417969
./iccad-official\iccad1\test\test_nhs\NNHS533.png9.png,0,0.04572504758834839
./iccad-official\iccad1\test\test_nhs\NNHS534.png1.png,0,0.0005639791488647461
./iccad-official\iccad1\test\test_nhs\NNHS534.png2.png,0,0.0005639791488647461
./iccad-official\iccad1\test\test_nhs\NNHS534.png3.png,0,0.0005639791488647461
./iccad-official\iccad1\test\test_nhs\NNHS534.png4.png,0,0.01612675189971924
./iccad-official\iccad1\test\test_nhs\NNHS534.png6.png,0,0.01406949758529663
./iccad-official\iccad1\test\test_nhs\NNHS534.png7.png,0,0.007978558540344238
./iccad-official\iccad1\test\test_nhs\NNHS534.png8.png,0,0.013623476028442383
./iccad-official\iccad1\test\test_nhs\NNHS534.png9.png,0,0.012771546840667725
./iccad-official\iccad1\test\test_nhs\NNHS535.png1.png,0,0.0005639791488647461
./iccad-official\iccad1\test\test_nhs\NNHS535.png2.png,0,0.0010187625885009766
./iccad-official\iccad1\test\test_nhs\NNHS535.png3.png,0,0.0011296272277832031
./iccad-official\iccad1\test\test_nhs\NNHS535.png4.png,0,0.0009296536445617676
./iccad-official\iccad1\test\test_nhs\NNHS535.png6.png,0,0.005149960517883301
./iccad-official\iccad1\test\test_nhs\NNHS535.png7.png,0,0.003350377082824707
./iccad-official\iccad1\test\test_nhs\NNHS535.png8.png,0,0.01074439287185669
./iccad-official\iccad1\test\test_nhs\NNHS535.png9.png,0,0.0038568973541259766
./iccad-official\iccad1\test\test_nhs\NNHS536.png1.png,0,0.0007304549217224121
./iccad-official\iccad1\test\test_nhs\NNHS536.png2.png,0,0.0024863481521606445
./iccad-official\iccad1\test\test_nhs\NNHS536.png3.png,0,0.0008372068405151367
./iccad-official\iccad1\test\test_nhs\NNHS536.png4.png,0,0.01178067922592163
./iccad-official\iccad1\test\test_nhs\NNHS536.png6.png,0,0.01178067922592163
./iccad-official\iccad1\test\test_nhs\NNHS536.png7.png,0,0.010819077491760254
./iccad-official\iccad1\test\test_nhs\NNHS536.png8.png,0,0.010819077491760254
./iccad-official\iccad1\test\test_nhs\NNHS536.png9.png,0,0.010819077491760254
./iccad-official\iccad1\test\test_nhs\NNHS537.png1.png,0,0.001258552074432373
./iccad-official\iccad1\test\test_nhs\NNHS537.png2.png,0,0.0012107491493225098
./iccad-official\iccad1\test\test_nhs\NNHS537.png3.png,0,0.003923177719116211
./iccad-official\iccad1\test\test_nhs\NNHS537.png4.png,0,0.007613956928253174
./iccad-official\iccad1\test\test_nhs\NNHS537.png6.png,0,0.03113025426864624
./iccad-official\iccad1\test\test_nhs\NNHS537.png7.png,0,0.009472787380218506
./iccad-official\iccad1\test\test_nhs\NNHS537.png8.png,0,0.007978558540344238
./iccad-official\iccad1\test\test_nhs\NNHS537.png9.png,0,0.007978558540344238
./iccad-official\iccad1\test\test_nhs\NNHS538.png1.png,0,0.0006123781204223633
./iccad-official\iccad1\test\test_nhs\NNHS538.png2.png,0,0.0005939006805419922
./iccad-official\iccad1\test\test_nhs\NNHS538.png3.png,0,0.0011104345321655273
./iccad-official\iccad1\test\test_nhs\NNHS538.png4.png,0,0.03853112459182739
./iccad-official\iccad1\test\test_nhs\NNHS538.png6.png,0,0.023840367794036865
./iccad-official\iccad1\test\test_nhs\NNHS538.png7.png,0,0.002251148223876953
./iccad-official\iccad1\test\test_nhs\NNHS538.png8.png,0,0.00809025764465332
./iccad-official\iccad1\test\test_nhs\NNHS538.png9.png,0,0.004935801029205322
./iccad-official\iccad1\test\test_nhs\NNHS539.png1.png,0,0.0018170475959777832
./iccad-official\iccad1\test\test_nhs\NNHS539.png2.png,0,0.0011260509490966797
./iccad-official\iccad1\test\test_nhs\NNHS539.png3.png,0,0.0035872459411621094
./iccad-official\iccad1\test\test_nhs\NNHS539.png4.png,0,0.01612675189971924
./iccad-official\iccad1\test\test_nhs\NNHS539.png6.png,0,0.01612675189971924
./iccad-official\iccad1\test\test_nhs\NNHS539.png7.png,0,0.03137862682342529
./iccad-official\iccad1\test\test_nhs\NNHS539.png8.png,0,0.004878997802734375
./iccad-official\iccad1\test\test_nhs\NNHS539.png9.png,0,0.002896130084991455
./iccad-official\iccad1\test\test_nhs\NNHS540.png1.png,0,0.0005639791488647461
./iccad-official\iccad1\test\test_nhs\NNHS540.png2.png,0,0.0005639791488647461
./iccad-official\iccad1\test\test_nhs\NNHS540.png3.png,0,0.0005639791488647461
./iccad-official\iccad1\test\test_nhs\NNHS540.png4.png,0,0.01612675189971924
./iccad-official\iccad1\test\test_nhs\NNHS540.png6.png,0,0.05302262306213379
./iccad-official\iccad1\test\test_nhs\NNHS540.png7.png,0,0.005123317241668701
./iccad-official\iccad1\test\test_nhs\NNHS540.png8.png,0,0.003687262535095215
./iccad-official\iccad1\test\test_nhs\NNHS540.png9.png,0,0.009210169315338135
./iccad-official\iccad1\test\test_nhs\NNHS541.png1.png,0,0.0005639791488647461
./iccad-official\iccad1\test\test_nhs\NNHS541.png2.png,0,0.0008189082145690918
./iccad-official\iccad1\test\test_nhs\NNHS541.png3.png,0,0.0013231635093688965
./iccad-official\iccad1\test\test_nhs\NNHS541.png4.png,0,0.01612675189971924
./iccad-official\iccad1\test\test_nhs\NNHS541.png6.png,0,0.01612675189971924
./iccad-official\iccad1\test\test_nhs\NNHS541.png7.png,0,0.03046107292175293
./iccad-official\iccad1\test\test_nhs\NNHS541.png8.png,0,0.022084534168243408
./iccad-official\iccad1\test\test_nhs\NNHS541.png9.png,0,0.008280456066131592
./iccad-official\iccad1\test\test_nhs\NNHS542.png1.png,0,0.0008713603019714355
./iccad-official\iccad1\test\test_nhs\NNHS542.png2.png,0,0.0008713603019714355
./iccad-official\iccad1\test\test_nhs\NNHS542.png3.png,0,0.0008713603019714355
./iccad-official\iccad1\test\test_nhs\NNHS542.png4.png,0,0.01612675189971924
./iccad-official\iccad1\test\test_nhs\NNHS542.png6.png,0,0.01612675189971924
./iccad-official\iccad1\test\test_nhs\NNHS542.png7.png,0,0.007978558540344238
./iccad-official\iccad1\test\test_nhs\NNHS542.png8.png,0,0.007978558540344238
./iccad-official\iccad1\test\test_nhs\NNHS542.png9.png,0,0.010819077491760254
./iccad-official\iccad1\test\test_nhs\NNHS543.png1.png,0,0.0007304549217224121
./iccad-official\iccad1\test\test_nhs\NNHS543.png2.png,0,0.0011256933212280273
./iccad-official\iccad1\test\test_nhs\NNHS543.png3.png,0,0.0007304549217224121
./iccad-official\iccad1\test\test_nhs\NNHS543.png4.png,0,0.004547297954559326
./iccad-official\iccad1\test\test_nhs\NNHS543.png6.png,0,0.023840367794036865
./iccad-official\iccad1\test\test_nhs\NNHS543.png7.png,0,0.0009306669235229492
./iccad-official\iccad1\test\test_nhs\NNHS543.png8.png,0,0.0049790143966674805
./iccad-official\iccad1\test\test_nhs\NNHS543.png9.png,0,0.007978558540344238
./iccad-official\iccad1\test\test_nhs\NNHS544.png1.png,0,0.0005639791488647461
./iccad-official\iccad1\test\test_nhs\NNHS544.png2.png,0,0.0005639791488647461
./iccad-official\iccad1\test\test_nhs\NNHS544.png3.png,0,0.0005639791488647461
./iccad-official\iccad1\test\test_nhs\NNHS544.png4.png,0,0.01612675189971924
./iccad-official\iccad1\test\test_nhs\NNHS544.png6.png,0,0.01612675189971924
./iccad-official\iccad1\test\test_nhs\NNHS544.png7.png,0,0.002543032169342041
./iccad-official\iccad1\test\test_nhs\NNHS544.png8.png,0,0.003953218460083008
./iccad-official\iccad1\test\test_nhs\NNHS544.png9.png,0,0.002194643020629883
