file_path,true_label,hotspot_confidence,bucket
./iccad-official\iccad1\test\test_hs\HS0.png,1,0.441928505897522,needs_check
./iccad-official\iccad1\test\test_hs\HS1.png,1,0.4101182222366333,needs_check
./iccad-official\iccad1\test\test_hs\HS10.png,1,0.6664160192012787,needs_check
./iccad-official\iccad1\test\test_hs\HS100.png,1,0.8407104015350342,risky
./iccad-official\iccad1\test\test_hs\HS101.png,1,0.5558193922042847,needs_check
./iccad-official\iccad1\test\test_hs\HS102.png,1,0.8482737839221954,risky
./iccad-official\iccad1\test\test_hs\HS103.png,1,0.9401821084320544,risky
./iccad-official\iccad1\test\test_hs\HS104.png,1,0.752166137099266,risky
./iccad-official\iccad1\test\test_hs\HS105.png,1,0.1168617606163024,safe
./iccad-official\iccad1\test\test_hs\HS106.png,1,0.2351828813552856,safe
./iccad-official\iccad1\test\test_hs\HS107.png,1,0.5108502507209778,needs_check
./iccad-official\iccad1\test\test_hs\HS108.png,1,0.8497618585824966,risky
./iccad-official\iccad1\test\test_hs\HS109.png,1,0.820363387465477,risky
./iccad-official\iccad1\test\test_hs\HS11.png,1,0.7445902228355408,risky
./iccad-official\iccad1\test\test_hs\HS110.png,1,0.9149892777204514,risky
./iccad-official\iccad1\test\test_hs\HS111.png,1,0.4698359370231628,needs_check
./iccad-official\iccad1\test\test_hs\HS112.png,1,0.5159105360507965,needs_check
./iccad-official\iccad1\test\test_hs\HS113.png,1,0.9693831149488688,risky
./iccad-official\iccad1\test\test_hs\HS114.png,1,0.8682380169630051,risky
./iccad-official\iccad1\test\test_hs\HS115.png,1,0.6671648025512695,needs_check
./iccad-official\iccad1\test\test_hs\HS116.png,1,0.6064342558383942,needs_check
./iccad-official\iccad1\test\test_hs\HS117.png,1,0.6278056502342224,needs_check
./iccad-official\iccad1\test\test_hs\HS118.png,1,0.5251986086368561,needs_check
./iccad-official\iccad1\test\test_hs\HS119.png,1,0.6877287924289703,needs_check
./iccad-official\iccad1\test\test_hs\HS12.png,1,0.2691375017166137,safe
./iccad-official\iccad1\test\test_hs\HS120.png,1,0.3818729519844055,needs_check
./iccad-official\iccad1\test\test_hs\HS121.png,1,0.907323695719242,risky
./iccad-official\iccad1\test\test_hs\HS122.png,1,0.1737734079360962,safe
./iccad-official\iccad1\test\test_hs\HS123.png,1,0.8502638787031174,risky
./iccad-official\iccad1\test\test_hs\HS124.png,1,0.9760695099830629,risky
./iccad-official\iccad1\test\test_hs\HS125.png,1,0.4389381408691406,needs_check
./iccad-official\iccad1\test\test_hs\HS126.png,1,0.8131198585033417,risky
./iccad-official\iccad1\test\test_hs\HS127.png,1,0.5279488265514374,needs_check
./iccad-official\iccad1\test\test_hs\HS128.png,1,0.8875637948513031,risky
./iccad-official\iccad1\test\test_hs\HS129.png,1,0.1742780208587646,safe
./iccad-official\iccad1\test\test_hs\HS13.png,1,0.4211527109146118,needs_check
./iccad-official\iccad1\test\test_hs\HS130.png,1,0.3568242788314819,needs_check
./iccad-official\iccad1\test\test_hs\HS131.png,1,0.5963621139526367,needs_check
./iccad-official\iccad1\test\test_hs\HS132.png,1,0.3983381986618042,needs_check
./iccad-official\iccad1\test\test_hs\HS133.png,1,0.4705597162246704,needs_check
./iccad-official\iccad1\test\test_hs\HS134.png,1,0.1647919416427612,safe
./iccad-official\iccad1\test\test_hs\HS135.png,1,0.2195817232131958,safe
./iccad-official\iccad1\test\test_hs\HS136.png,1,0.4156152606010437,needs_check
./iccad-official\iccad1\test\test_hs\HS137.png,1,0.7802892178297043,risky
./iccad-official\iccad1\test\test_hs\HS138.png,1,0.3449867367744446,needs_check
./iccad-official\iccad1\test\test_hs\HS139.png,1,0.518406331539154,needs_check
./iccad-official\iccad1\test\test_hs\HS14.png,1,0.7865101844072342,risky
./iccad-official\iccad1\test\test_hs\HS140.png,1,0.2626643180847168,safe
./iccad-official\iccad1\test\test_hs\HS141.png,1,0.8975934758782387,risky
./iccad-official\iccad1\test\test_hs\HS142.png,1,0.4588016271591186,needs_check
./iccad-official\iccad1\test\test_hs\HS143.png,1,0.7121801972389221,risky
./iccad-official\iccad1\test\test_hs\HS144.png,1,0.5861345827579498,needs_check
./iccad-official\iccad1\test\test_hs\HS145.png,1,0.3375991582870483,needs_check
./iccad-official\iccad1\test\test_hs\HS146.png,1,0.6030314266681671,needs_check
./iccad-official\iccad1\test\test_hs\HS147.png,1,0.202768325805664,safe
./iccad-official\iccad1\test\test_hs\HS148.png,1,0.3630306720733642,needs_check
./iccad-official\iccad1\test\test_hs\HS149.png,1,0.4703904390335083,needs_check
./iccad-official\iccad1\test\test_hs\HS15.png,1,0.4017515182495117,needs_check
./iccad-official\iccad1\test\test_hs\HS150.png,1,0.1547049880027771,safe
./iccad-official\iccad1\test\test_hs\HS151.png,1,0.4894174337387085,needs_check
./iccad-official\iccad1\test\test_hs\HS152.png,1,0.883620098233223,risky
./iccad-official\iccad1\test\test_hs\HS153.png,1,0.4065515995025635,needs_check
./iccad-official\iccad1\test\test_hs\HS154.png,1,0.2399928569793701,safe
./iccad-official\iccad1\test\test_hs\HS155.png,1,0.3443329334259033,needs_check
./iccad-official\iccad1\test\test_hs\HS156.png,1,0.731958419084549,risky
./iccad-official\iccad1\test\test_hs\HS157.png,1,0.2851029634475708,safe
./iccad-official\iccad1\test\test_hs\HS158.png,1,0.1519339084625244,safe
./iccad-official\iccad1\test\test_hs\HS159.png,1,0.5565395057201385,needs_check
./iccad-official\iccad1\test\test_hs\HS16.png,1,0.155900776386261,safe
./iccad-official\iccad1\test\test_hs\HS160.png,1,0.0570570230484008,safe
./iccad-official\iccad1\test\test_hs\HS161.png,1,0.1795765161514282,safe
./iccad-official\iccad1\test\test_hs\HS162.png,1,0.6191456317901611,needs_check
./iccad-official\iccad1\test\test_hs\HS163.png,1,0.2223785519599914,safe
./iccad-official\iccad1\test\test_hs\HS164.png,1,0.0879614353179931,safe
./iccad-official\iccad1\test\test_hs\HS165.png,1,0.3567196726799011,needs_check
./iccad-official\iccad1\test\test_hs\HS166.png,1,0.5494421422481537,needs_check
./iccad-official\iccad1\test\test_hs\HS167.png,1,0.235592246055603,safe
./iccad-official\iccad1\test\test_hs\HS168.png,1,0.5070649981498718,needs_check
./iccad-official\iccad1\test\test_hs\HS169.png,1,0.3358880281448364,needs_check
./iccad-official\iccad1\test\test_hs\HS17.png,1,0.2254740595817566,safe
./iccad-official\iccad1\test\test_hs\HS170.png,1,0.1774117946624755,safe
./iccad-official\iccad1\test\test_hs\HS171.png,1,0.2949882745742798,safe
./iccad-official\iccad1\test\test_hs\HS172.png,1,0.8185228407382965,risky
./iccad-official\iccad1\test\test_hs\HS173.png,1,0.5447727143764496,needs_check
./iccad-official\iccad1\test\test_hs\HS174.png,1,0.3001675605773926,needs_check
./iccad-official\iccad1\test\test_hs\HS175.png,1,0.1947815418243408,safe
./iccad-official\iccad1\test\test_hs\HS176.png,1,0.1840829849243164,safe
./iccad-official\iccad1\test\test_hs\HS177.png,1,0.1737051010131836,safe
./iccad-official\iccad1\test\test_hs\HS178.png,1,0.2651715278625488,safe
./iccad-official\iccad1\test\test_hs\HS179.png,1,0.6827074289321899,needs_check
./iccad-official\iccad1\test\test_hs\HS18.png,1,0.8696708232164383,risky
./iccad-official\iccad1\test\test_hs\HS180.png,1,0.1816041469573974,safe
./iccad-official\iccad1\test\test_hs\HS181.png,1,0.1855165362358093,safe
./iccad-official\iccad1\test\test_hs\HS182.png,1,0.3505300283432007,needs_check
./iccad-official\iccad1\test\test_hs\HS183.png,1,0.2579798698425293,safe
./iccad-official\iccad1\test\test_hs\HS184.png,1,0.11232590675354,safe
./iccad-official\iccad1\test\test_hs\HS185.png,1,0.2523900866508484,safe
./iccad-official\iccad1\test\test_hs\HS186.png,1,0.2294875979423523,safe
./iccad-official\iccad1\test\test_hs\HS187.png,1,0.7917701601982117,risky
./iccad-official\iccad1\test\test_hs\HS188.png,1,0.9172210469841956,risky
./iccad-official\iccad1\test\test_hs\HS189.png,1,0.1666408777236938,safe
./iccad-official\iccad1\test\test_hs\HS19.png,1,0.9255340248346328,risky
./iccad-official\iccad1\test\test_hs\HS190.png,1,0.1267077922821045,safe
./iccad-official\iccad1\test\test_hs\HS191.png,1,0.7424921989440918,risky
./iccad-official\iccad1\test\test_hs\HS192.png,1,0.8498093634843826,risky
./iccad-official\iccad1\test\test_hs\HS193.png,1,0.6484293043613434,needs_check
./iccad-official\iccad1\test\test_hs\HS194.png,1,0.3184306621551513,needs_check
./iccad-official\iccad1\test\test_hs\HS195.png,1,0.1927535533905029,safe
./iccad-official\iccad1\test\test_hs\HS196.png,1,0.2506566643714905,safe
./iccad-official\iccad1\test\test_hs\HS197.png,1,0.3076804876327514,needs_check
./iccad-official\iccad1\test\test_hs\HS198.png,1,0.6200105845928192,needs_check
./iccad-official\iccad1\test\test_hs\HS199.png,1,0.5281238257884979,needs_check
./iccad-official\iccad1\test\test_hs\HS2.png,1,0.9240067526698112,risky
./iccad-official\iccad1\test\test_hs\HS20.png,1,0.4574165344238281,needs_check
./iccad-official\iccad1\test\test_hs\HS200.png,1,0.5637246370315552,needs_check
./iccad-official\iccad1\test\test_hs\HS201.png,1,0.4155453443527221,needs_check
./iccad-official\iccad1\test\test_hs\HS202.png,1,0.4537073373794555,needs_check
./iccad-official\iccad1\test\test_hs\HS203.png,1,0.7407271564006805,risky
./iccad-official\iccad1\test\test_hs\HS204.png,1,0.0822291374206543,safe
./iccad-official\iccad1\test\test_hs\HS205.png,1,0.1906851530075073,safe
./iccad-official\iccad1\test\test_hs\HS206.png,1,0.8539654463529587,risky
./iccad-official\iccad1\test\test_hs\HS207.png,1,0.3973106145858764,needs_check
./iccad-official\iccad1\test\test_hs\HS208.png,1,0.1185947060585022,safe
./iccad-official\iccad1\test\test_hs\HS209.png,1,0.6574490368366241,needs_check
./iccad-official\iccad1\test\test_hs\HS21.png,1,0.3408214449882507,needs_check
./iccad-official\iccad1\test\test_hs\HS210.png,1,0.6202861666679382,needs_check
./iccad-official\iccad1\test\test_hs\HS211.png,1,0.5338882207870483,needs_check
./iccad-official\iccad1\test\test_hs\HS212.png,1,0.5834026336669922,needs_check
./iccad-official\iccad1\test\test_hs\HS213.png,1,0.1967728734016418,safe
./iccad-official\iccad1\test\test_hs\HS214.png,1,0.2787173986434936,safe
./iccad-official\iccad1\test\test_hs\HS215.png,1,0.2663320302963257,safe
./iccad-official\iccad1\test\test_hs\HS216.png,1,0.7114927470684052,risky
./iccad-official\iccad1\test\test_hs\HS217.png,1,0.1318082809448242,safe
./iccad-official\iccad1\test\test_hs\HS218.png,1,0.2420440316200256,safe
./iccad-official\iccad1\test\test_hs\HS219.png,1,0.0775882005691528,safe
./iccad-official\iccad1\test\test_hs\HS22.png,1,0.9036403596401216,risky
./iccad-official\iccad1\test\test_hs\HS220.png,1,0.3280535936355591,needs_check
./iccad-official\iccad1\test\test_hs\HS221.png,1,0.6831274926662445,needs_check
./iccad-official\iccad1\test\test_hs\HS222.png,1,0.17825448513031,safe
./iccad-official\iccad1\test\test_hs\HS223.png,1,0.7095468044281006,risky
./iccad-official\iccad1\test\test_hs\HS224.png,1,0.2552838325500488,safe
./iccad-official\iccad1\test\test_hs\HS225.png,1,0.4626500010490417,needs_check
./iccad-official\iccad1\test\test_hs\HS23.png,1,0.798504650592804,risky
./iccad-official\iccad1\test\test_hs\HS24.png,1,0.6942146122455597,needs_check
./iccad-official\iccad1\test\test_hs\HS25.png,1,0.8272684216499329,risky
./iccad-official\iccad1\test\test_hs\HS26.png,1,0.350130021572113,needs_check
./iccad-official\iccad1\test\test_hs\HS27.png,1,0.8655989021062851,risky
./iccad-official\iccad1\test\test_hs\HS28.png,1,0.3341364860534668,needs_check
./iccad-official\iccad1\test\test_hs\HS29.png,1,0.9278102964162828,risky
./iccad-official\iccad1\test\test_hs\HS3.png,1,0.8809847980737686,risky
./iccad-official\iccad1\test\test_hs\HS30.png,1,0.3943886756896972,needs_check
./iccad-official\iccad1\test\test_hs\HS31.png,1,0.802542120218277,risky
./iccad-official\iccad1\test\test_hs\HS32.png,1,0.7726438790559769,risky
./iccad-official\iccad1\test\test_hs\HS33.png,1,0.8399471193552017,risky
./iccad-official\iccad1\test\test_hs\HS34.png,1,0.2084061503410339,safe
./iccad-official\iccad1\test\test_hs\HS35.png,1,0.6333063840866089,needs_check
./iccad-official\iccad1\test\test_hs\HS36.png,1,0.7598345577716827,risky
./iccad-official\iccad1\test\test_hs\HS37.png,1,0.5489735305309296,needs_check
./iccad-official\iccad1\test\test_hs\HS38.png,1,0.5635208487510681,needs_check
./iccad-official\iccad1\test\test_hs\HS39.png,1,0.8867617323994637,risky
./iccad-official\iccad1\test\test_hs\HS4.png,1,0.0656316876411438,safe
./iccad-official\iccad1\test\test_hs\HS40.png,1,0.6958412230014801,needs_check
./iccad-official\iccad1\test\test_hs\HS41.png,1,0.4545800685882568,needs_check
./iccad-official\iccad1\test\test_hs\HS42.png,1,0.8360527902841568,risky
./iccad-official\iccad1\test\test_hs\HS43.png,1,0.1020726561546325,safe
./iccad-official\iccad1\test\test_hs\HS44.png,1,0.765838548541069,risky
./iccad-official\iccad1\test\test_hs\HS45.png,1,0.1841473579406738,safe
./iccad-official\iccad1\test\test_hs\HS46.png,1,0.8840131312608719,risky
./iccad-official\iccad1\test\test_hs\HS47.png,1,0.8482737839221954,risky
./iccad-official\iccad1\test\test_hs\HS48.png,1,0.2902424335479736,safe
./iccad-official\iccad1\test\test_hs\HS49.png,1,0.8572458177804947,risky
./iccad-official\iccad1\test\test_hs\HS5.png,1,0.1196483373641967,safe
./iccad-official\iccad1\test\test_hs\HS50.png,1,0.5189208090305328,needs_check
./iccad-official\iccad1\test\test_hs\HS51.png,1,0.8979494944214821,risky
./iccad-official\iccad1\test\test_hs\HS52.png,1,0.6385480761528015,needs_check
./iccad-official\iccad1\test\test_hs\HS53.png,1,0.2418638467788696,safe
./iccad-official\iccad1\test\test_hs\HS54.png,1,0.8265445679426193,risky
./iccad-official\iccad1\test\test_hs\HS55.png,1,0.8986431583762169,risky
./iccad-official\iccad1\test\test_hs\HS56.png,1,0.67479008436203,needs_check
./iccad-official\iccad1\test\test_hs\HS57.png,1,0.6701948940753937,needs_check
./iccad-official\iccad1\test\test_hs\HS58.png,1,0.8680798709392548,risky
./iccad-official\iccad1\test\test_hs\HS59.png,1,0.0905491113662719,safe
./iccad-official\iccad1\test\test_hs\HS6.png,1,0.4772944450378418,needs_check
./iccad-official\iccad1\test\test_hs\HS60.png,1,0.6756500899791718,needs_check
./iccad-official\iccad1\test\test_hs\HS61.png,1,0.7574814110994339,risky
./iccad-official\iccad1\test\test_hs\HS62.png,1,0.8381481021642685,risky
./iccad-official\iccad1\test\test_hs\HS63.png,1,0.9174483120441436,risky
./iccad-official\iccad1\test\test_hs\HS64.png,1,0.8963699862360954,risky
./iccad-official\iccad1\test\test_hs\HS65.png,1,0.8621827065944672,risky
./iccad-official\iccad1\test\test_hs\HS66.png,1,0.8127050995826721,risky
./iccad-official\iccad1\test\test_hs\HS67.png,1,0.6520693600177765,needs_check
./iccad-official\iccad1\test\test_hs\HS68.png,1,0.2745596170425415,safe
./iccad-official\iccad1\test\test_hs\HS69.png,1,0.3959506750106811,needs_check
./iccad-official\iccad1\test\test_hs\HS7.png,1,0.3701550960540771,needs_check
./iccad-official\iccad1\test\test_hs\HS70.png,1,0.8918949663639069,risky
./iccad-official\iccad1\test\test_hs\HS71.png,1,0.1089597344398498,safe
./iccad-official\iccad1\test\test_hs\HS72.png,1,0.596340000629425,needs_check
./iccad-official\iccad1\test\test_hs\HS73.png,1,0.2892159223556518,safe
./iccad-official\iccad1\test\test_hs\HS74.png,1,0.8120366483926773,risky
./iccad-official\iccad1\test\test_hs\HS75.png,1,0.7821532338857651,risky
./iccad-official\iccad1\test\test_hs\HS76.png,1,0.9074396714568138,risky
./iccad-official\iccad1\test\test_hs\HS77.png,1,0.9126418232917786,risky
./iccad-official\iccad1\test\test_hs\HS78.png,1,0.5621093213558197,needs_check
./iccad-official\iccad1\test\test_hs\HS79.png,1,0.3675084710121155,needs_check
./iccad-official\iccad1\test\test_hs\HS8.png,1,0.084620714187622,safe
./iccad-official\iccad1\test\test_hs\HS80.png,1,0.8139187097549438,risky
./iccad-official\iccad1\test\test_hs\HS81.png,1,0.4071258902549743,needs_check
./iccad-official\iccad1\test\test_hs\HS82.png,1,0.5054594874382019,needs_check
./iccad-official\iccad1\test\test_hs\HS83.png,1,0.7093636095523834,risky
./iccad-official\iccad1\test\test_hs\HS84.png,1,0.1473186612129211,safe
./iccad-official\iccad1\test\test_hs\HS85.png,1,0.1112289428710937,safe
./iccad-official\iccad1\test\test_hs\HS86.png,1,0.1168617606163024,safe
./iccad-official\iccad1\test\test_hs\HS87.png,1,0.5541718900203705,needs_check
./iccad-official\iccad1\test\test_hs\HS88.png,1,0.6366443932056427,needs_check
./iccad-official\iccad1\test\test_hs\HS89.png,1,0.4380821585655212,needs_check
./iccad-official\iccad1\test\test_hs\HS9.png,1,0.9038086235523224,risky
./iccad-official\iccad1\test\test_hs\HS90.png,1,0.0865758657455444,safe
./iccad-official\iccad1\test\test_hs\HS91.png,1,0.8025722503662109,risky
./iccad-official\iccad1\test\test_hs\HS92.png,1,0.8366625905036926,risky
./iccad-official\iccad1\test\test_hs\HS93.png,1,0.7730051130056381,risky
./iccad-official\iccad1\test\test_hs\HS94.png,1,0.4606598019599914,needs_check
./iccad-official\iccad1\test\test_hs\HS95.png,1,0.6146159172058105,needs_check
./iccad-official\iccad1\test\test_hs\HS96.png,1,0.8559986799955368,risky
./iccad-official\iccad1\test\test_hs\HS97.png,1,0.692852646112442,needs_check
./iccad-official\iccad1\test\test_hs\HS98.png,1,0.7158456444740295,risky
./iccad-official\iccad1\test\test_hs\HS99.png,1,0.7971320748329163,risky
./iccad-official\iccad1\test\test_nhs\NHS0.png1.png,0,0.0097138881683349,safe
./iccad-official\iccad1\test\test_nhs\NHS0.png2.png,0,0.506516844034195,needs_check
./iccad-official\iccad1\test\test_nhs\NHS0.png3.png,0,0.3500648736953735,needs_check
./iccad-official\iccad1\test\test_nhs\NHS0.png4.png,0,0.4781845808029175,needs_check
./iccad-official\iccad1\test\test_nhs\NHS0.png6.png,0,0.0472519397735595,safe
./iccad-official\iccad1\test\test_nhs\NHS0.png7.png,0,0.0590280294418334,safe
./iccad-official\iccad1\test\test_nhs\NHS0.png8.png,0,0.0590280294418334,safe
./iccad-official\iccad1\test\test_nhs\NHS0.png9.png,0,0.0590280294418334,safe
./iccad-official\iccad1\test\test_nhs\NHS1.png1.png,0,0.2183526754379272,safe
./iccad-official\iccad1\test\test_nhs\NHS1.png2.png,0,0.1291249394416809,safe
./iccad-official\iccad1\test\test_nhs\NHS1.png3.png,0,0.0605123043060302,safe
./iccad-official\iccad1\test\test_nhs\NHS1.png4.png,0,0.011128544807434,safe
./iccad-official\iccad1\test\test_nhs\NHS1.png6.png,0,0.1712777614593505,safe
./iccad-official\iccad1\test\test_nhs\NHS1.png7.png,0,0.0472519397735595,safe
./iccad-official\iccad1\test\test_nhs\NHS1.png8.png,0,0.1494390368461609,safe
./iccad-official\iccad1\test\test_nhs\NHS1.png9.png,0,0.0423697829246521,safe
./iccad-official\iccad1\test\test_nhs\NHS10.png1.png,0,0.3857285976409912,needs_check
./iccad-official\iccad1\test\test_nhs\NHS10.png2.png,0,0.6642123460769653,needs_check
./iccad-official\iccad1\test\test_nhs\NHS10.png3.png,0,0.0436524152755737,safe
./iccad-official\iccad1\test\test_nhs\NHS10.png4.png,0,0.0782610774040222,safe
./iccad-official\iccad1\test\test_nhs\NHS10.png6.png,0,0.1467624902725219,safe
./iccad-official\iccad1\test\test_nhs\NHS10.png7.png,0,0.0680647492408752,safe
./iccad-official\iccad1\test\test_nhs\NHS10.png8.png,0,0.0578678250312805,safe
./iccad-official\iccad1\test\test_nhs\NHS10.png9.png,0,0.0492998361587524,safe
./iccad-official\iccad1\test\test_nhs\NHS100.png1.png,0,0.0435703992843627,safe
./iccad-official\iccad1\test\test_nhs\NHS100.png2.png,0,0.0936405062675476,safe
./iccad-official\iccad1\test\test_nhs\NHS100.png3.png,0,0.0649799108505249,safe
./iccad-official\iccad1\test\test_nhs\NHS100.png4.png,0,0.4000697135925293,needs_check
./iccad-official\iccad1\test\test_nhs\NHS100.png6.png,0,0.0486503839492797,safe
./iccad-official\iccad1\test\test_nhs\NHS100.png7.png,0,0.0247213244438171,safe
./iccad-official\iccad1\test\test_nhs\NHS100.png8.png,0,0.0247213244438171,safe
./iccad-official\iccad1\test\test_nhs\NHS100.png9.png,0,0.0247213244438171,safe
./iccad-official\iccad1\test\test_nhs\NHS101.png1.png,0,0.0104903578758239,safe
./iccad-official\iccad1\test\test_nhs\NHS101.png2.png,0,0.0633647441864013,safe
./iccad-official\iccad1\test\test_nhs\NHS101.png3.png,0,0.0501841306686401,safe
./iccad-official\iccad1\test\test_nhs\NHS101.png4.png,0,0.197701096534729,safe
./iccad-official\iccad1\test\test_nhs\NHS101.png6.png,0,0.1494492292404174,safe
./iccad-official\iccad1\test\test_nhs\NHS101.png7.png,0,0.6285012662410736,needs_check
./iccad-official\iccad1\test\test_nhs\NHS101.png8.png,0,0.4681767225265503,needs_check
./iccad-official\iccad1\test\test_nhs\NHS101.png9.png,0,0.0688049793243408,safe
./iccad-official\iccad1\test\test_nhs\NHS102.png1.png,0,0.0553441047668457,safe
./iccad-official\iccad1\test\test_nhs\NHS102.png2.png,0,0.005946397781372,safe
./iccad-official\iccad1\test\test_nhs\NHS102.png3.png,0,0.0025935769081115,safe
./iccad-official\iccad1\test\test_nhs\NHS102.png4.png,0,0.2805424928665161,safe
./iccad-official\iccad1\test\test_nhs\NHS102.png6.png,0,0.5545478463172913,needs_check
./iccad-official\iccad1\test\test_nhs\NHS102.png7.png,0,0.0233266949653625,safe
./iccad-official\iccad1\test\test_nhs\NHS102.png8.png,0,0.0233266949653625,safe
./iccad-official\iccad1\test\test_nhs\NHS102.png9.png,0,0.0233266949653625,safe
./iccad-official\iccad1\test\test_nhs\NHS103.png1.png,0,0.1090336441993713,safe
./iccad-official\iccad1\test\test_nhs\NHS103.png2.png,0,0.256800889968872,safe
./iccad-official\iccad1\test\test_nhs\NHS103.png3.png,0,0.169891357421875,safe
./iccad-official\iccad1\test\test_nhs\NHS103.png4.png,0,0.8736421316862106,risky
./iccad-official\iccad1\test\test_nhs\NHS103.png6.png,0,0.8153452724218369,risky
./iccad-official\iccad1\test\test_nhs\NHS103.png7.png,0,0.1160381436347961,safe
./iccad-official\iccad1\test\test_nhs\NHS103.png8.png,0,0.2191931009292602,safe
./iccad-official\iccad1\test\test_nhs\NHS103.png9.png,0,0.1433281898498535,safe
./iccad-official\iccad1\test\test_nhs\NHS104.png1.png,0,0.0334832668304443,safe
./iccad-official\iccad1\test\test_nhs\NHS104.png2.png,0,0.0223019123077392,safe
./iccad-official\iccad1\test\test_nhs\NHS104.png3.png,0,0.033191442489624,safe
./iccad-official\iccad1\test\test_nhs\NHS104.png4.png,0,0.4412873983383178,needs_check
./iccad-official\iccad1\test\test_nhs\NHS104.png6.png,0,0.5468776226043701,needs_check
./iccad-official\iccad1\test\test_nhs\NHS104.png7.png,0,0.100640058517456,safe
./iccad-official\iccad1\test\test_nhs\NHS104.png8.png,0,0.0992334485054016,safe
./iccad-official\iccad1\test\test_nhs\NHS104.png9.png,0,0.0233266949653625,safe
./iccad-official\iccad1\test\test_nhs\NHS105.png1.png,0,0.475568413734436,needs_check
./iccad-official\iccad1\test\test_nhs\NHS105.png2.png,0,0.24738210439682,safe
./iccad-official\iccad1\test\test_nhs\NHS105.png3.png,0,0.24738210439682,safe
./iccad-official\iccad1\test\test_nhs\NHS105.png4.png,0,0.026320993900299,safe
./iccad-official\iccad1\test\test_nhs\NHS105.png6.png,0,0.0445219278335571,safe
./iccad-official\iccad1\test\test_nhs\NHS105.png7.png,0,0.2108453512191772,safe
./iccad-official\iccad1\test\test_nhs\NHS105.png8.png,0,0.2258461713790893,safe
./iccad-official\iccad1\test\test_nhs\NHS105.png9.png,0,0.2258461713790893,safe
./iccad-official\iccad1\test\test_nhs\NHS106.png1.png,0,0.2733498811721802,safe
./iccad-official\iccad1\test\test_nhs\NHS106.png2.png,0,0.4478186368942261,needs_check
./iccad-official\iccad1\test\test_nhs\NHS106.png3.png,0,0.2732748985290527,safe
./iccad-official\iccad1\test\test_nhs\NHS106.png4.png,0,0.1000066399574279,safe
./iccad-official\iccad1\test\test_nhs\NHS106.png6.png,0,0.0579847693443298,safe
./iccad-official\iccad1\test\test_nhs\NHS106.png7.png,0,0.0611799359321594,safe
./iccad-official\iccad1\test\test_nhs\NHS106.png8.png,0,0.0419394969940185,safe
./iccad-official\iccad1\test\test_nhs\NHS106.png9.png,0,0.0459945797920227,safe
./iccad-official\iccad1\test\test_nhs\NHS107.png1.png,0,0.0161417722702026,safe
./iccad-official\iccad1\test\test_nhs\NHS107.png2.png,0,0.0161417722702026,safe
./iccad-official\iccad1\test\test_nhs\NHS107.png3.png,0,0.0161418318748474,safe
./iccad-official\iccad1\test\test_nhs\NHS107.png4.png,0,0.2145971059799194,safe
./iccad-official\iccad1\test\test_nhs\NHS107.png6.png,0,0.1494198441505432,safe
./iccad-official\iccad1\test\test_nhs\NHS107.png7.png,0,0.2388146519660949,safe
./iccad-official\iccad1\test\test_nhs\NHS107.png8.png,0,0.1512221097946167,safe
./iccad-official\iccad1\test\test_nhs\NHS107.png9.png,0,0.1512221097946167,safe
./iccad-official\iccad1\test\test_nhs\NHS108.png1.png,0,0.0056573748588562,safe
./iccad-official\iccad1\test\test_nhs\NHS108.png2.png,0,0.0056573748588562,safe
./iccad-official\iccad1\test\test_nhs\NHS108.png3.png,0,0.0108707547187805,safe
./iccad-official\iccad1\test\test_nhs\NHS108.png4.png,0,0.0655087232589721,safe
./iccad-official\iccad1\test\test_nhs\NHS108.png6.png,0,0.132307231426239,safe
./iccad-official\iccad1\test\test_nhs\NHS108.png7.png,0,0.0345383286476135,safe
./iccad-official\iccad1\test\test_nhs\NHS108.png8.png,0,0.1023393869400024,safe
./iccad-official\iccad1\test\test_nhs\NHS108.png9.png,0,0.0905484557151794,safe
./iccad-official\iccad1\test\test_nhs\NHS109.png1.png,0,0.0167011618614196,safe
./iccad-official\iccad1\test\test_nhs\NHS109.png2.png,0,0.0284430980682373,safe
./iccad-official\iccad1\test\test_nhs\NHS109.png3.png,0,0.0237492322921752,safe
./iccad-official\iccad1\test\test_nhs\NHS109.png4.png,0,0.132307231426239,safe
./iccad-official\iccad1\test\test_nhs\NHS109.png6.png,0,0.0835332870483398,safe
./iccad-official\iccad1\test\test_nhs\NHS109.png7.png,0,0.0345383286476135,safe
./iccad-official\iccad1\test\test_nhs\NHS109.png8.png,0,0.0224952101707458,safe
./iccad-official\iccad1\test\test_nhs\NHS109.png9.png,0,0.1151633262634277,safe
./iccad-official\iccad1\test\test_nhs\NHS11.png1.png,0,0.24738210439682,safe
./iccad-official\iccad1\test\test_nhs\NHS11.png2.png,0,0.0790268778800964,safe
./iccad-official\iccad1\test\test_nhs\NHS11.png3.png,0,0.0688049793243408,safe
./iccad-official\iccad1\test\test_nhs\NHS11.png4.png,0,0.0092422366142272,safe
./iccad-official\iccad1\test\test_nhs\NHS11.png6.png,0,0.0740061998367309,safe
./iccad-official\iccad1\test\test_nhs\NHS11.png7.png,0,0.0801348090171814,safe
./iccad-official\iccad1\test\test_nhs\NHS11.png8.png,0,0.3087238073348999,needs_check
./iccad-official\iccad1\test\test_nhs\NHS11.png9.png,0,0.2578455805778503,safe
./iccad-official\iccad1\test\test_nhs\NHS110.png1.png,0,0.0104903578758239,safe
./iccad-official\iccad1\test\test_nhs\NHS110.png2.png,0,0.0104903578758239,safe
./iccad-official\iccad1\test\test_nhs\NHS110.png3.png,0,0.0161418318748474,safe
./iccad-official\iccad1\test\test_nhs\NHS110.png4.png,0,0.7484709918498993,risky
./iccad-official\iccad1\test\test_nhs\NHS110.png6.png,0,0.2960760593414306,safe
./iccad-official\iccad1\test\test_nhs\NHS110.png7.png,0,0.0675479769706726,safe
./iccad-official\iccad1\test\test_nhs\NHS110.png8.png,0,0.0633237957954406,safe
./iccad-official\iccad1\test\test_nhs\NHS110.png9.png,0,0.1497523784637451,safe
./iccad-official\iccad1\test\test_nhs\NHS111.png1.png,0,0.0688049793243408,safe
./iccad-official\iccad1\test\test_nhs\NHS111.png2.png,0,0.0688049793243408,safe
./iccad-official\iccad1\test\test_nhs\NHS111.png3.png,0,0.2407890558242797,safe
./iccad-official\iccad1\test\test_nhs\NHS111.png4.png,0,0.0621038079261779,safe
./iccad-official\iccad1\test\test_nhs\NHS111.png6.png,0,0.3039348125457763,needs_check
./iccad-official\iccad1\test\test_nhs\NHS111.png7.png,0,0.0764060020446777,safe
./iccad-official\iccad1\test\test_nhs\NHS111.png8.png,0,0.0821785926818847,safe
./iccad-official\iccad1\test\test_nhs\NHS111.png9.png,0,0.0821785926818847,safe
./iccad-official\iccad1\test\test_nhs\NHS112.png1.png,0,0.0045729279518127,safe
./iccad-official\iccad1\test\test_nhs\NHS112.png2.png,0,0.0335603952407836,safe
./iccad-official\iccad1\test\test_nhs\NHS112.png3.png,0,0.1525583863258361,safe
./iccad-official\iccad1\test\test_nhs\NHS112.png4.png,0,0.197701096534729,safe
./iccad-official\iccad1\test\test_nhs\NHS112.png6.png,0,0.2179441452026367,safe
./iccad-official\iccad1\test\test_nhs\NHS112.png7.png,0,0.395611047744751,needs_check
./iccad-official\iccad1\test\test_nhs\NHS112.png8.png,0,0.2063658237457275,safe
./iccad-official\iccad1\test\test_nhs\NHS112.png9.png,0,0.0729057788848877,safe
./iccad-official\iccad1\test\test_nhs\NHS113.png1.png,0,0.0266724824905395,safe
./iccad-official\iccad1\test\test_nhs\NHS113.png2.png,0,0.0806837081909179,safe
./iccad-official\iccad1\test\test_nhs\NHS113.png3.png,0,0.0549257397651672,safe
./iccad-official\iccad1\test\test_nhs\NHS113.png4.png,0,0.8153453469276428,risky
./iccad-official\iccad1\test\test_nhs\NHS113.png6.png,0,0.7862522453069687,risky
./iccad-official\iccad1\test\test_nhs\NHS113.png7.png,0,0.0293411612510681,safe
./iccad-official\iccad1\test\test_nhs\NHS113.png8.png,0,0.0293411612510681,safe
./iccad-official\iccad1\test\test_nhs\NHS113.png9.png,0,0.0293411612510681,safe
./iccad-official\iccad1\test\test_nhs\NHS114.png1.png,0,0.041174829006195,safe
./iccad-official\iccad1\test\test_nhs\NHS114.png2.png,0,0.035495638847351,safe
./iccad-official\iccad1\test\test_nhs\NHS114.png3.png,0,0.0405507087707519,safe
./iccad-official\iccad1\test\test_nhs\NHS114.png4.png,0,0.391070008277893,needs_check
./iccad-official\iccad1\test\test_nhs\NHS114.png6.png,0,0.3521689176559448,needs_check
./iccad-official\iccad1\test\test_nhs\NHS114.png7.png,0,0.0293411612510681,safe
./iccad-official\iccad1\test\test_nhs\NHS114.png8.png,0,0.0293411612510681,safe
./iccad-official\iccad1\test\test_nhs\NHS114.png9.png,0,0.2309992909431457,safe
./iccad-official\iccad1\test\test_nhs\NHS115.png1.png,0,0.233913779258728,safe
./iccad-official\iccad1\test\test_nhs\NHS115.png2.png,0,0.24738210439682,safe
./iccad-official\iccad1\test\test_nhs\NHS115.png3.png,0,0.24738210439682,safe
./iccad-official\iccad1\test\test_nhs\NHS115.png4.png,0,0.1064623594284057,safe
./iccad-official\iccad1\test\test_nhs\NHS115.png6.png,0,0.4176738262176513,needs_check
./iccad-official\iccad1\test\test_nhs\NHS115.png7.png,0,0.3087589740753174,needs_check
./iccad-official\iccad1\test\test_nhs\NHS115.png8.png,0,0.3087589740753174,needs_check
./iccad-official\iccad1\test\test_nhs\NHS115.png9.png,0,0.3087589740753174,needs_check
./iccad-official\iccad1\test\test_nhs\NHS116.png1.png,0,0.0740061998367309,safe
./iccad-official\iccad1\test\test_nhs\NHS116.png2.png,0,0.0740061998367309,safe
./iccad-official\iccad1\test\test_nhs\NHS116.png3.png,0,0.0740061998367309,safe
./iccad-official\iccad1\test\test_nhs\NHS116.png4.png,0,0.7167649269104004,risky
./iccad-official\iccad1\test\test_nhs\NHS116.png6.png,0,0.0472519397735595,safe
./iccad-official\iccad1\test\test_nhs\NHS116.png7.png,0,0.0688049793243408,safe
./iccad-official\iccad1\test\test_nhs\NHS116.png8.png,0,0.0688049793243408,safe
./iccad-official\iccad1\test\test_nhs\NHS116.png9.png,0,0.0688049793243408,safe
./iccad-official\iccad1\test\test_nhs\NHS117.png1.png,0,0.0564317107200622,safe
./iccad-official\iccad1\test\test_nhs\NHS117.png2.png,0,0.0197319388389587,safe
./iccad-official\iccad1\test\test_nhs\NHS117.png3.png,0,0.0136887431144714,safe
./iccad-official\iccad1\test\test_nhs\NHS117.png4.png,0,0.0466942191123962,safe
./iccad-official\iccad1\test\test_nhs\NHS117.png6.png,0,0.712954044342041,risky
./iccad-official\iccad1\test\test_nhs\NHS117.png7.png,0,0.2791752815246582,safe
./iccad-official\iccad1\test\test_nhs\NHS117.png8.png,0,0.2791752815246582,safe
./iccad-official\iccad1\test\test_nhs\NHS117.png9.png,0,0.2791752815246582,safe
./iccad-official\iccad1\test\test_nhs\NHS118.png1.png,0,0.0977687835693359,safe
./iccad-official\iccad1\test\test_nhs\NHS118.png2.png,0,0.4374309778213501,needs_check
./iccad-official\iccad1\test\test_nhs\NHS118.png3.png,0,0.5811826884746552,needs_check
./iccad-official\iccad1\test\test_nhs\NHS118.png4.png,0,0.4810419082641601,needs_check
./iccad-official\iccad1\test\test_nhs\NHS118.png6.png,0,0.0620808601379394,safe
./iccad-official\iccad1\test\test_nhs\NHS118.png7.png,0,0.2917120456695556,safe
./iccad-official\iccad1\test\test_nhs\NHS118.png8.png,0,0.0705324411392211,safe
./iccad-official\iccad1\test\test_nhs\NHS118.png9.png,0,0.0688049793243408,safe
./iccad-official\iccad1\test\test_nhs\NHS119.png1.png,0,0.0649799108505249,safe
./iccad-official\iccad1\test\test_nhs\NHS119.png2.png,0,0.0649799108505249,safe
./iccad-official\iccad1\test\test_nhs\NHS119.png3.png,0,0.0649799108505249,safe
./iccad-official\iccad1\test\test_nhs\NHS119.png4.png,0,0.6957414746284485,needs_check
./iccad-official\iccad1\test\test_nhs\NHS119.png6.png,0,0.0374844670295715,safe
./iccad-official\iccad1\test\test_nhs\NHS119.png7.png,0,0.1221842765808105,safe
./iccad-official\iccad1\test\test_nhs\NHS119.png8.png,0,0.1221842765808105,safe
./iccad-official\iccad1\test\test_nhs\NHS119.png9.png,0,0.1493161916732788,safe
./iccad-official\iccad1\test\test_nhs\NHS12.png1.png,0,0.2412702441215515,safe
./iccad-official\iccad1\test\test_nhs\NHS12.png2.png,0,0.4902471303939819,needs_check
./iccad-official\iccad1\test\test_nhs\NHS12.png3.png,0,0.0720316171646118,safe
./iccad-official\iccad1\test\test_nhs\NHS12.png4.png,0,0.0657511949539184,safe
./iccad-official\iccad1\test\test_nhs\NHS12.png6.png,0,0.1304960250854492,safe
./iccad-official\iccad1\test\test_nhs\NHS12.png7.png,0,0.0472519397735595,safe
./iccad-official\iccad1\test\test_nhs\NHS12.png8.png,0,0.0472519397735595,safe
./iccad-official\iccad1\test\test_nhs\NHS12.png9.png,0,0.082655131816864,safe
./iccad-official\iccad1\test\test_nhs\NHS120.png1.png,0,0.0652759075164794,safe
./iccad-official\iccad1\test\test_nhs\NHS120.png2.png,0,0.0440030694007873,safe
./iccad-official\iccad1\test\test_nhs\NHS120.png3.png,0,0.0387739539146423,safe
./iccad-official\iccad1\test\test_nhs\NHS120.png4.png,0,0.2668395638465881,safe
./iccad-official\iccad1\test\test_nhs\NHS120.png6.png,0,0.2668395042419433,safe
./iccad-official\iccad1\test\test_nhs\NHS120.png7.png,0,0.4396973848342895,needs_check
./iccad-official\iccad1\test\test_nhs\NHS120.png8.png,0,0.4694787263870239,needs_check
./iccad-official\iccad1\test\test_nhs\NHS120.png9.png,0,0.7341912090778351,risky
./iccad-official\iccad1\test\test_nhs\NHS121.png1.png,0,0.0735564231872558,safe
./iccad-official\iccad1\test\test_nhs\NHS121.png2.png,0,0.2412549257278442,safe
./iccad-official\iccad1\test\test_nhs\NHS121.png3.png,0,0.3167024850845337,needs_check
./iccad-official\iccad1\test\test_nhs\NHS121.png4.png,0,0.3521689176559448,needs_check
./iccad-official\iccad1\test\test_nhs\NHS121.png6.png,0,0.4385080337524414,needs_check
./iccad-official\iccad1\test\test_nhs\NHS121.png7.png,0,0.0246821045875549,safe
./iccad-official\iccad1\test\test_nhs\NHS121.png8.png,0,0.0293411612510681,safe
./iccad-official\iccad1\test\test_nhs\NHS121.png9.png,0,0.0483396649360656,safe
./iccad-official\iccad1\test\test_nhs\NHS122.png1.png,0,0.067571997642517,safe
./iccad-official\iccad1\test\test_nhs\NHS122.png2.png,0,0.067571997642517,safe
./iccad-official\iccad1\test\test_nhs\NHS122.png3.png,0,0.0760179758071899,safe
./iccad-official\iccad1\test\test_nhs\NHS122.png4.png,0,0.0445219278335571,safe
./iccad-official\iccad1\test\test_nhs\NHS122.png6.png,0,0.3135386705398559,needs_check
./iccad-official\iccad1\test\test_nhs\NHS122.png7.png,0,0.2578455805778503,safe
./iccad-official\iccad1\test\test_nhs\NHS122.png8.png,0,0.2578455805778503,safe
./iccad-official\iccad1\test\test_nhs\NHS122.png9.png,0,0.2578455805778503,safe
./iccad-official\iccad1\test\test_nhs\NHS123.png1.png,0,0.0045729279518127,safe
./iccad-official\iccad1\test\test_nhs\NHS123.png2.png,0,0.0071446299552917,safe
./iccad-official\iccad1\test\test_nhs\NHS123.png3.png,0,0.0084726810455322,safe
./iccad-official\iccad1\test\test_nhs\NHS123.png4.png,0,0.7770111113786697,risky
./iccad-official\iccad1\test\test_nhs\NHS123.png6.png,0,0.1606928706169128,safe
./iccad-official\iccad1\test\test_nhs\NHS123.png7.png,0,0.1301509737968444,safe
./iccad-official\iccad1\test\test_nhs\NHS123.png8.png,0,0.1301509737968444,safe
./iccad-official\iccad1\test\test_nhs\NHS123.png9.png,0,0.3713736534118652,needs_check
./iccad-official\iccad1\test\test_nhs\NHS124.png1.png,0,0.1950529217720031,safe
./iccad-official\iccad1\test\test_nhs\NHS124.png2.png,0,0.4338265657424927,needs_check
./iccad-official\iccad1\test\test_nhs\NHS124.png3.png,0,0.2085931301116943,safe
./iccad-official\iccad1\test\test_nhs\NHS124.png4.png,0,0.8076648116111755,risky
./iccad-official\iccad1\test\test_nhs\NHS124.png6.png,0,0.7214511334896088,risky
./iccad-official\iccad1\test\test_nhs\NHS124.png7.png,0,0.0164443850517272,safe
./iccad-official\iccad1\test\test_nhs\NHS124.png8.png,0,0.0199130773544311,safe
./iccad-official\iccad1\test\test_nhs\NHS124.png9.png,0,0.032958447933197,safe
./iccad-official\iccad1\test\test_nhs\NHS125.png1.png,0,0.2860087156295776,safe
./iccad-official\iccad1\test\test_nhs\NHS125.png2.png,0,0.2249546647071838,safe
./iccad-official\iccad1\test\test_nhs\NHS125.png3.png,0,0.24738210439682,safe
./iccad-official\iccad1\test\test_nhs\NHS125.png4.png,0,0.0104903578758239,safe
./iccad-official\iccad1\test\test_nhs\NHS125.png6.png,0,0.2973251342773437,safe
./iccad-official\iccad1\test\test_nhs\NHS125.png7.png,0,0.0472519397735595,safe
./iccad-official\iccad1\test\test_nhs\NHS125.png8.png,0,0.0472519397735595,safe
./iccad-official\iccad1\test\test_nhs\NHS125.png9.png,0,0.0472519397735595,safe
./iccad-official\iccad1\test\test_nhs\NHS126.png1.png,0,0.073395550251007,safe
./iccad-official\iccad1\test\test_nhs\NHS126.png2.png,0,0.059514045715332,safe
./iccad-official\iccad1\test\test_nhs\NHS126.png3.png,0,0.059514045715332,safe
./iccad-official\iccad1\test\test_nhs\NHS126.png4.png,0,0.3315204381942749,needs_check
./iccad-official\iccad1\test\test_nhs\NHS126.png6.png,0,0.6998755037784576,needs_check
./iccad-official\iccad1\test\test_nhs\NHS126.png7.png,0,0.0145513415336608,safe
./iccad-official\iccad1\test\test_nhs\NHS126.png8.png,0,0.0145513415336608,safe
./iccad-official\iccad1\test\test_nhs\NHS126.png9.png,0,0.0145513415336608,safe
./iccad-official\iccad1\test\test_nhs\NHS127.png1.png,0,0.0104903578758239,safe
./iccad-official\iccad1\test\test_nhs\NHS127.png2.png,0,0.0104903578758239,safe
./iccad-official\iccad1\test\test_nhs\NHS127.png3.png,0,0.0104903578758239,safe
./iccad-official\iccad1\test\test_nhs\NHS127.png4.png,0,0.054486334323883,safe
./iccad-official\iccad1\test\test_nhs\NHS127.png6.png,0,0.2179986238479614,safe
./iccad-official\iccad1\test\test_nhs\NHS127.png7.png,0,0.2069820165634155,safe
./iccad-official\iccad1\test\test_nhs\NHS127.png8.png,0,0.2917120456695556,safe
./iccad-official\iccad1\test\test_nhs\NHS127.png9.png,0,0.2917120456695556,safe
./iccad-official\iccad1\test\test_nhs\NHS128.png1.png,0,0.1301666498184204,safe
./iccad-official\iccad1\test\test_nhs\NHS128.png2.png,0,0.1451340913772583,safe
./iccad-official\iccad1\test\test_nhs\NHS128.png3.png,0,0.1451340913772583,safe
./iccad-official\iccad1\test\test_nhs\NHS128.png4.png,0,0.8153453469276428,risky
./iccad-official\iccad1\test\test_nhs\NHS128.png6.png,0,0.6399306356906891,needs_check
./iccad-official\iccad1\test\test_nhs\NHS128.png7.png,0,0.0200065374374389,safe
./iccad-official\iccad1\test\test_nhs\NHS128.png8.png,0,0.0205631852149963,safe
./iccad-official\iccad1\test\test_nhs\NHS128.png9.png,0,0.0293411612510681,safe
./iccad-official\iccad1\test\test_nhs\NHS129.png1.png,0,0.0567108988761901,safe
./iccad-official\iccad1\test\test_nhs\NHS129.png2.png,0,0.066047191619873,safe
./iccad-official\iccad1\test\test_nhs\NHS129.png3.png,0,0.066047191619873,safe
./iccad-official\iccad1\test\test_nhs\NHS129.png4.png,0,0.0104903578758239,safe
./iccad-official\iccad1\test\test_nhs\NHS129.png6.png,0,0.0740061998367309,safe
./iccad-official\iccad1\test\test_nhs\NHS129.png7.png,0,0.1452025175094604,safe
./iccad-official\iccad1\test\test_nhs\NHS129.png8.png,0,0.1558645367622375,safe
./iccad-official\iccad1\test\test_nhs\NHS129.png9.png,0,0.3896445631980896,needs_check
./iccad-official\iccad1\test\test_nhs\NHS13.png1.png,0,0.0104880332946777,safe
./iccad-official\iccad1\test\test_nhs\NHS13.png2.png,0,0.0318663120269775,safe
./iccad-official\iccad1\test\test_nhs\NHS13.png3.png,0,0.0203236937522888,safe
./iccad-official\iccad1\test\test_nhs\NHS13.png4.png,0,0.399326741695404,needs_check
./iccad-official\iccad1\test\test_nhs\NHS13.png6.png,0,0.0331488847732543,safe
./iccad-official\iccad1\test\test_nhs\NHS13.png7.png,0,0.0746280550956726,safe
./iccad-official\iccad1\test\test_nhs\NHS13.png8.png,0,0.0746280550956726,safe
./iccad-official\iccad1\test\test_nhs\NHS13.png9.png,0,0.0746280550956726,safe
./iccad-official\iccad1\test\test_nhs\NHS130.png1.png,0,0.0688049793243408,safe
./iccad-official\iccad1\test\test_nhs\NHS130.png2.png,0,0.0688049793243408,safe
./iccad-official\iccad1\test\test_nhs\NHS130.png3.png,0,0.0688049793243408,safe
./iccad-official\iccad1\test\test_nhs\NHS130.png4.png,0,0.030984878540039,safe
./iccad-official\iccad1\test\test_nhs\NHS130.png6.png,0,0.0205184817314147,safe
./iccad-official\iccad1\test\test_nhs\NHS130.png7.png,0,0.0527796149253845,safe
./iccad-official\iccad1\test\test_nhs\NHS130.png8.png,0,0.0515707731246948,safe
./iccad-official\iccad1\test\test_nhs\NHS130.png9.png,0,0.0631789565086364,safe
./iccad-official\iccad1\test\test_nhs\NHS131.png1.png,0,0.0061342716217041,safe
./iccad-official\iccad1\test\test_nhs\NHS131.png2.png,0,0.038581371307373,safe
./iccad-official\iccad1\test\test_nhs\NHS131.png3.png,0,0.0424929857254028,safe
./iccad-official\iccad1\test\test_nhs\NHS131.png4.png,0,0.1239731311798095,safe
./iccad-official\iccad1\test\test_nhs\NHS131.png6.png,0,0.3087589740753174,needs_check
./iccad-official\iccad1\test\test_nhs\NHS131.png7.png,0,0.1817409396171569,safe
./iccad-official\iccad1\test\test_nhs\NHS131.png8.png,0,0.1632368564605713,safe
./iccad-official\iccad1\test\test_nhs\NHS131.png9.png,0,0.1632368564605713,safe
./iccad-official\iccad1\test\test_nhs\NHS132.png1.png,0,0.0746280550956726,safe
./iccad-official\iccad1\test\test_nhs\NHS132.png2.png,0,0.2586846947669983,safe
./iccad-official\iccad1\test\test_nhs\NHS132.png3.png,0,0.0649799108505249,safe
./iccad-official\iccad1\test\test_nhs\NHS132.png4.png,0,0.0104880332946777,safe
./iccad-official\iccad1\test\test_nhs\NHS132.png6.png,0,0.0405629277229309,safe
./iccad-official\iccad1\test\test_nhs\NHS132.png7.png,0,0.1155872344970703,safe
./iccad-official\iccad1\test\test_nhs\NHS132.png8.png,0,0.0851805806159973,safe
./iccad-official\iccad1\test\test_nhs\NHS132.png9.png,0,0.0247213244438171,safe
./iccad-official\iccad1\test\test_nhs\NHS133.png1.png,0,0.0425049662590026,safe
./iccad-official\iccad1\test\test_nhs\NHS133.png2.png,0,0.5079447329044342,needs_check
./iccad-official\iccad1\test\test_nhs\NHS133.png3.png,0,0.3548246026039123,needs_check
./iccad-official\iccad1\test\test_nhs\NHS133.png4.png,0,0.4994280338287353,needs_check
./iccad-official\iccad1\test\test_nhs\NHS133.png6.png,0,0.0472519397735595,safe
./iccad-official\iccad1\test\test_nhs\NHS133.png7.png,0,0.086840808391571,safe
./iccad-official\iccad1\test\test_nhs\NHS133.png8.png,0,0.0590280294418334,safe
./iccad-official\iccad1\test\test_nhs\NHS133.png9.png,0,0.0590280294418334,safe
./iccad-official\iccad1\test\test_nhs\NHS134.png1.png,0,0.0099960565567016,safe
./iccad-official\iccad1\test\test_nhs\NHS134.png2.png,0,0.0072793364524841,safe
./iccad-official\iccad1\test\test_nhs\NHS134.png3.png,0,0.0032391548156738,safe
./iccad-official\iccad1\test\test_nhs\NHS134.png4.png,0,0.2870727777481079,safe
./iccad-official\iccad1\test\test_nhs\NHS134.png6.png,0,0.0129169225692749,safe
./iccad-official\iccad1\test\test_nhs\NHS134.png7.png,0,0.0129472613334655,safe
./iccad-official\iccad1\test\test_nhs\NHS134.png8.png,0,0.0374413132667541,safe
./iccad-official\iccad1\test\test_nhs\NHS134.png9.png,0,0.0190095901489257,safe
./iccad-official\iccad1\test\test_nhs\NHS135.png1.png,0,0.0764945745468139,safe
./iccad-official\iccad1\test\test_nhs\NHS135.png2.png,0,0.0625359416007995,safe
./iccad-official\iccad1\test\test_nhs\NHS135.png3.png,0,0.1359349489212036,safe
./iccad-official\iccad1\test\test_nhs\NHS135.png4.png,0,0.1379215717315673,safe
./iccad-official\iccad1\test\test_nhs\NHS135.png6.png,0,0.1760933995246887,safe
./iccad-official\iccad1\test\test_nhs\NHS135.png7.png,0,0.4098751544952392,needs_check
./iccad-official\iccad1\test\test_nhs\NHS135.png8.png,0,0.4983735084533691,needs_check
./iccad-official\iccad1\test\test_nhs\NHS135.png9.png,0,0.7986335158348083,risky
./iccad-official\iccad1\test\test_nhs\NHS136.png1.png,0,0.2078585624694824,safe
./iccad-official\iccad1\test\test_nhs\NHS136.png2.png,0,0.0303699374198913,safe
./iccad-official\iccad1\test\test_nhs\NHS136.png3.png,0,0.194303810596466,safe
./iccad-official\iccad1\test\test_nhs\NHS136.png4.png,0,0.1064260601997375,safe
./iccad-official\iccad1\test\test_nhs\NHS136.png6.png,0,0.0797605514526367,safe
./iccad-official\iccad1\test\test_nhs\NHS136.png7.png,0,0.5705062747001648,needs_check
./iccad-official\iccad1\test\test_nhs\NHS136.png8.png,0,0.4089156985282898,needs_check
./iccad-official\iccad1\test\test_nhs\NHS136.png9.png,0,0.2500008940696716,safe
./iccad-official\iccad1\test\test_nhs\NHS137.png1.png,0,0.3002097606658935,needs_check
./iccad-official\iccad1\test\test_nhs\NHS137.png2.png,0,0.3002097606658935,needs_check
./iccad-official\iccad1\test\test_nhs\NHS137.png3.png,0,0.8304534256458282,risky
./iccad-official\iccad1\test\test_nhs\NHS137.png4.png,0,0.5241373479366302,needs_check
./iccad-official\iccad1\test\test_nhs\NHS137.png6.png,0,0.2837036848068237,safe
./iccad-official\iccad1\test\test_nhs\NHS137.png7.png,0,0.0114954113960266,safe
./iccad-official\iccad1\test\test_nhs\NHS137.png8.png,0,0.0616791248321533,safe
./iccad-official\iccad1\test\test_nhs\NHS137.png9.png,0,0.0116387009620666,safe
./iccad-official\iccad1\test\test_nhs\NHS138.png1.png,0,0.0138320922851562,safe
./iccad-official\iccad1\test\test_nhs\NHS138.png2.png,0,0.1134737133979797,safe
./iccad-official\iccad1\test\test_nhs\NHS138.png3.png,0,0.3324459791183471,needs_check
./iccad-official\iccad1\test\test_nhs\NHS138.png4.png,0,0.0138320922851562,safe
./iccad-official\iccad1\test\test_nhs\NHS138.png6.png,0,0.3580255508422851,needs_check
./iccad-official\iccad1\test\test_nhs\NHS138.png7.png,0,0.0138320922851562,safe
./iccad-official\iccad1\test\test_nhs\NHS138.png8.png,0,0.116775095462799,safe
./iccad-official\iccad1\test\test_nhs\NHS138.png9.png,0,0.0625842213630676,safe
./iccad-official\iccad1\test\test_nhs\NHS139.png1.png,0,0.1042535305023193,safe
./iccad-official\iccad1\test\test_nhs\NHS139.png2.png,0,0.0996623039245605,safe
./iccad-official\iccad1\test\test_nhs\NHS139.png3.png,0,0.0570970177650451,safe
./iccad-official\iccad1\test\test_nhs\NHS139.png4.png,0,0.0425438284873962,safe
./iccad-official\iccad1\test\test_nhs\NHS139.png6.png,0,0.0941298007965087,safe
./iccad-official\iccad1\test\test_nhs\NHS139.png7.png,0,0.0149585604667663,safe
./iccad-official\iccad1\test\test_nhs\NHS139.png8.png,0,0.0149585604667663,safe
./iccad-official\iccad1\test\test_nhs\NHS139.png9.png,0,0.0149585604667663,safe
./iccad-official\iccad1\test\test_nhs\NHS14.png1.png,0,0.0080540180206298,safe
./iccad-official\iccad1\test\test_nhs\NHS14.png2.png,0,0.0040012598037719,safe
./iccad-official\iccad1\test\test_nhs\NHS14.png3.png,0,0.0117484927177429,safe
./iccad-official\iccad1\test\test_nhs\NHS14.png4.png,0,0.5884705483913422,needs_check
./iccad-official\iccad1\test\test_nhs\NHS14.png6.png,0,0.132307231426239,safe
./iccad-official\iccad1\test\test_nhs\NHS14.png7.png,0,0.0116316080093383,safe
./iccad-official\iccad1\test\test_nhs\NHS14.png8.png,0,0.0695911645889282,safe
./iccad-official\iccad1\test\test_nhs\NHS14.png9.png,0,0.0233266949653625,safe
./iccad-official\iccad1\test\test_nhs\NHS140.png1.png,0,0.3929226994514465,needs_check
./iccad-official\iccad1\test\test_nhs\NHS140.png2.png,0,0.521028459072113,needs_check
./iccad-official\iccad1\test\test_nhs\NHS140.png3.png,0,0.6819818615913391,needs_check
./iccad-official\iccad1\test\test_nhs\NHS140.png4.png,0,0.137738287448883,safe
./iccad-official\iccad1\test\test_nhs\NHS140.png6.png,0,0.0919110178947448,safe
./iccad-official\iccad1\test\test_nhs\NHS140.png7.png,0,0.5359673500061035,needs_check
./iccad-official\iccad1\test\test_nhs\NHS140.png8.png,0,0.6839184761047363,needs_check
./iccad-official\iccad1\test\test_nhs\NHS140.png9.png,0,0.3325029015541076,needs_check
./iccad-official\iccad1\test\test_nhs\NHS141.png1.png,0,0.0118924975395202,safe
./iccad-official\iccad1\test\test_nhs\NHS141.png2.png,0,0.0124035477638244,safe
./iccad-official\iccad1\test\test_nhs\NHS141.png3.png,0,0.0124035477638244,safe
./iccad-official\iccad1\test\test_nhs\NHS141.png4.png,0,0.9181336537003516,risky
./iccad-official\iccad1\test\test_nhs\NHS141.png6.png,0,0.8944777473807335,risky
./iccad-official\iccad1\test\test_nhs\NHS141.png7.png,0,0.0805901885032653,safe
./iccad-official\iccad1\test\test_nhs\NHS141.png8.png,0,0.0805901885032653,safe
./iccad-official\iccad1\test\test_nhs\NHS141.png9.png,0,0.082584798336029,safe
./iccad-official\iccad1\test\test_nhs\NHS142.png1.png,0,0.0018602609634399,safe
./iccad-official\iccad1\test\test_nhs\NHS142.png2.png,0,0.0018602609634399,safe
./iccad-official\iccad1\test\test_nhs\NHS142.png3.png,0,0.0018602609634399,safe
./iccad-official\iccad1\test\test_nhs\NHS142.png4.png,0,0.1304394602775573,safe
./iccad-official\iccad1\test\test_nhs\NHS142.png6.png,0,0.3930633068084717,needs_check
./iccad-official\iccad1\test\test_nhs\NHS142.png7.png,0,0.0474239587783813,safe
./iccad-official\iccad1\test\test_nhs\NHS142.png8.png,0,0.0249830484390258,safe
./iccad-official\iccad1\test\test_nhs\NHS142.png9.png,0,0.1253244876861572,safe
./iccad-official\iccad1\test\test_nhs\NHS143.png1.png,0,0.0193066596984863,safe
./iccad-official\iccad1\test\test_nhs\NHS143.png2.png,0,0.0193066596984863,safe
./iccad-official\iccad1\test\test_nhs\NHS143.png3.png,0,0.0193066596984863,safe
./iccad-official\iccad1\test\test_nhs\NHS143.png4.png,0,0.3656728267669678,needs_check
./iccad-official\iccad1\test\test_nhs\NHS143.png6.png,0,0.3679111003875732,needs_check
./iccad-official\iccad1\test\test_nhs\NHS143.png7.png,0,0.0933575630187988,safe
./iccad-official\iccad1\test\test_nhs\NHS143.png8.png,0,0.0379748940467834,safe
./iccad-official\iccad1\test\test_nhs\NHS143.png9.png,0,0.0337965488433837,safe
./iccad-official\iccad1\test\test_nhs\NHS144.png1.png,0,0.0138320922851562,safe
./iccad-official\iccad1\test\test_nhs\NHS144.png2.png,0,0.0352040529251098,safe
./iccad-official\iccad1\test\test_nhs\NHS144.png3.png,0,0.0075495839118957,safe
./iccad-official\iccad1\test\test_nhs\NHS144.png4.png,0,0.0138320922851562,safe
./iccad-official\iccad1\test\test_nhs\NHS144.png6.png,0,0.3967342376708984,needs_check
./iccad-official\iccad1\test\test_nhs\NHS144.png7.png,0,0.0138320922851562,safe
./iccad-official\iccad1\test\test_nhs\NHS144.png8.png,0,0.3724435567855835,needs_check
./iccad-official\iccad1\test\test_nhs\NHS144.png9.png,0,0.1135673522949218,safe
./iccad-official\iccad1\test\test_nhs\NHS145.png1.png,0,0.1030460000038147,safe
./iccad-official\iccad1\test\test_nhs\NHS145.png2.png,0,0.0576465129852294,safe
./iccad-official\iccad1\test\test_nhs\NHS145.png3.png,0,0.0576465129852294,safe
./iccad-official\iccad1\test\test_nhs\NHS145.png4.png,0,0.3607908487319946,needs_check
./iccad-official\iccad1\test\test_nhs\NHS145.png6.png,0,0.0610737204551696,safe
./iccad-official\iccad1\test\test_nhs\NHS145.png7.png,0,0.0157098174095153,safe
./iccad-official\iccad1\test\test_nhs\NHS145.png8.png,0,0.0157098174095153,safe
./iccad-official\iccad1\test\test_nhs\NHS145.png9.png,0,0.0157098174095153,safe
./iccad-official\iccad1\test\test_nhs\NHS146.png1.png,0,0.0052380561828613,safe
./iccad-official\iccad1\test\test_nhs\NHS146.png2.png,0,0.0172908902168273,safe
./iccad-official\iccad1\test\test_nhs\NHS146.png3.png,0,0.0199573636054992,safe
./iccad-official\iccad1\test\test_nhs\NHS146.png4.png,0,0.172414481639862,safe
./iccad-official\iccad1\test\test_nhs\NHS146.png6.png,0,0.2997204065322876,safe
./iccad-official\iccad1\test\test_nhs\NHS146.png7.png,0,0.0374413132667541,safe
./iccad-official\iccad1\test\test_nhs\NHS146.png8.png,0,0.0374413132667541,safe
./iccad-official\iccad1\test\test_nhs\NHS146.png9.png,0,0.1305064558982849,safe
./iccad-official\iccad1\test\test_nhs\NHS147.png1.png,0,0.7991992086172104,risky
./iccad-official\iccad1\test\test_nhs\NHS147.png2.png,0,0.7892090082168579,risky
./iccad-official\iccad1\test\test_nhs\NHS147.png3.png,0,0.6486005783081055,needs_check
./iccad-official\iccad1\test\test_nhs\NHS147.png4.png,0,0.0793159008026123,safe
./iccad-official\iccad1\test\test_nhs\NHS147.png6.png,0,0.1158592700958252,safe
./iccad-official\iccad1\test\test_nhs\NHS147.png7.png,0,0.1376041173934936,safe
./iccad-official\iccad1\test\test_nhs\NHS147.png8.png,0,0.0761504173278808,safe
./iccad-official\iccad1\test\test_nhs\NHS147.png9.png,0,0.0591065287590026,safe
./iccad-official\iccad1\test\test_nhs\NHS148.png1.png,0,0.0521876811981201,safe
./iccad-official\iccad1\test\test_nhs\NHS148.png2.png,0,0.0521876811981201,safe
./iccad-official\iccad1\test\test_nhs\NHS148.png3.png,0,0.0521876811981201,safe
./iccad-official\iccad1\test\test_nhs\NHS148.png4.png,0,0.3748527765274048,needs_check
./iccad-official\iccad1\test\test_nhs\NHS148.png6.png,0,0.4120333194732666,needs_check
./iccad-official\iccad1\test\test_nhs\NHS148.png7.png,0,0.0343930721282959,safe
./iccad-official\iccad1\test\test_nhs\NHS148.png8.png,0,0.0343930721282959,safe
./iccad-official\iccad1\test\test_nhs\NHS148.png9.png,0,0.0343930721282959,safe
./iccad-official\iccad1\test\test_nhs\NHS149.png1.png,0,0.00168377161026,safe
./iccad-official\iccad1\test\test_nhs\NHS149.png2.png,0,0.0021981000900268,safe
./iccad-official\iccad1\test\test_nhs\NHS149.png3.png,0,0.0025850534439086,safe
./iccad-official\iccad1\test\test_nhs\NHS149.png4.png,0,0.3205012679100036,needs_check
./iccad-official\iccad1\test\test_nhs\NHS149.png6.png,0,0.0616365671157836,safe
./iccad-official\iccad1\test\test_nhs\NHS149.png7.png,0,0.0388728380203247,safe
./iccad-official\iccad1\test\test_nhs\NHS149.png8.png,0,0.1048698425292968,safe
./iccad-official\iccad1\test\test_nhs\NHS149.png9.png,0,0.1048698425292968,safe
./iccad-official\iccad1\test\test_nhs\NHS15.png1.png,0,0.0715394020080566,safe
./iccad-official\iccad1\test\test_nhs\NHS15.png2.png,0,0.0445219278335571,safe
./iccad-official\iccad1\test\test_nhs\NHS15.png3.png,0,0.0445219278335571,safe
./iccad-official\iccad1\test\test_nhs\NHS15.png4.png,0,0.0343304276466369,safe
./iccad-official\iccad1\test\test_nhs\NHS15.png6.png,0,0.1810816526412964,safe
./iccad-official\iccad1\test\test_nhs\NHS15.png7.png,0,0.0786998271942138,safe
./iccad-official\iccad1\test\test_nhs\NHS15.png8.png,0,0.0746293663978576,safe
./iccad-official\iccad1\test\test_nhs\NHS15.png9.png,0,0.2226554155349731,safe
./iccad-official\iccad1\test\test_nhs\NHS150.png1.png,0,0.0019148588180541,safe
./iccad-official\iccad1\test\test_nhs\NHS150.png2.png,0,0.0019148588180541,safe
./iccad-official\iccad1\test\test_nhs\NHS150.png3.png,0,0.0041530132293701,safe
./iccad-official\iccad1\test\test_nhs\NHS150.png4.png,0,0.0848859548568725,safe
./iccad-official\iccad1\test\test_nhs\NHS150.png6.png,0,0.0413236021995544,safe
./iccad-official\iccad1\test\test_nhs\NHS150.png7.png,0,0.0911218523979187,safe
./iccad-official\iccad1\test\test_nhs\NHS150.png8.png,0,0.0598925352096557,safe
./iccad-official\iccad1\test\test_nhs\NHS150.png9.png,0,0.0289949178695678,safe
./iccad-official\iccad1\test\test_nhs\NHS151.png1.png,0,0.1076516509056091,safe
./iccad-official\iccad1\test\test_nhs\NHS151.png2.png,0,0.1432082056999206,safe
./iccad-official\iccad1\test\test_nhs\NHS151.png3.png,0,0.0680444240570068,safe
./iccad-official\iccad1\test\test_nhs\NHS151.png4.png,0,0.0288594961166381,safe
./iccad-official\iccad1\test\test_nhs\NHS151.png6.png,0,0.2142921686172485,safe
./iccad-official\iccad1\test\test_nhs\NHS151.png7.png,0,0.0429415702819824,safe
./iccad-official\iccad1\test\test_nhs\NHS151.png8.png,0,0.0433723926544189,safe
./iccad-official\iccad1\test\test_nhs\NHS151.png9.png,0,0.0149585604667663,safe
./iccad-official\iccad1\test\test_nhs\NHS152.png1.png,0,0.0063976049423217,safe
./iccad-official\iccad1\test\test_nhs\NHS152.png2.png,0,0.0255753397941589,safe
./iccad-official\iccad1\test\test_nhs\NHS152.png3.png,0,0.0306959748268127,safe
./iccad-official\iccad1\test\test_nhs\NHS152.png4.png,0,0.1322268843650818,safe
./iccad-official\iccad1\test\test_nhs\NHS152.png6.png,0,0.0667007565498352,safe
./iccad-official\iccad1\test\test_nhs\NHS152.png7.png,0,0.140236496925354,safe
./iccad-official\iccad1\test\test_nhs\NHS152.png8.png,0,0.0342826843261718,safe
./iccad-official\iccad1\test\test_nhs\NHS152.png9.png,0,0.0175649523735046,safe
./iccad-official\iccad1\test\test_nhs\NHS153.png1.png,0,0.0347216725349426,safe
./iccad-official\iccad1\test\test_nhs\NHS153.png2.png,0,0.0540022850036621,safe
./iccad-official\iccad1\test\test_nhs\NHS153.png3.png,0,0.0823111534118652,safe
./iccad-official\iccad1\test\test_nhs\NHS153.png4.png,0,0.0226557254791259,safe
./iccad-official\iccad1\test\test_nhs\NHS153.png6.png,0,0.1960566043853759,safe
./iccad-official\iccad1\test\test_nhs\NHS153.png7.png,0,0.0138320922851562,safe
./iccad-official\iccad1\test\test_nhs\NHS153.png8.png,0,0.0138320922851562,safe
./iccad-official\iccad1\test\test_nhs\NHS153.png9.png,0,0.0138320922851562,safe
./iccad-official\iccad1\test\test_nhs\NHS154.png1.png,0,0.1087130308151245,safe
./iccad-official\iccad1\test\test_nhs\NHS154.png2.png,0,0.0349974632263183,safe
./iccad-official\iccad1\test\test_nhs\NHS154.png3.png,0,0.0419533848762512,safe
./iccad-official\iccad1\test\test_nhs\NHS154.png4.png,0,0.0129035115242004,safe
./iccad-official\iccad1\test\test_nhs\NHS154.png6.png,0,0.0319722294807434,safe
./iccad-official\iccad1\test\test_nhs\NHS154.png7.png,0,0.3640913963317871,needs_check
./iccad-official\iccad1\test\test_nhs\NHS154.png8.png,0,0.8790266811847687,risky
./iccad-official\iccad1\test\test_nhs\NHS154.png9.png,0,0.1583701372146606,safe
./iccad-official\iccad1\test\test_nhs\NHS155.png1.png,0,0.0294066071510314,safe
./iccad-official\iccad1\test\test_nhs\NHS155.png2.png,0,0.0614463686943054,safe
./iccad-official\iccad1\test\test_nhs\NHS155.png3.png,0,0.0917412042617797,safe
./iccad-official\iccad1\test\test_nhs\NHS155.png4.png,0,0.3748527765274048,needs_check
./iccad-official\iccad1\test\test_nhs\NHS155.png6.png,0,0.0471896529197692,safe
./iccad-official\iccad1\test\test_nhs\NHS155.png7.png,0,0.0213009715080261,safe
./iccad-official\iccad1\test\test_nhs\NHS155.png8.png,0,0.0213009715080261,safe
./iccad-official\iccad1\test\test_nhs\NHS155.png9.png,0,0.0301063060760498,safe
./iccad-official\iccad1\test\test_nhs\NHS156.png1.png,0,0.0806266665458679,safe
./iccad-official\iccad1\test\test_nhs\NHS156.png2.png,0,0.0331981182098388,safe
./iccad-official\iccad1\test\test_nhs\NHS156.png3.png,0,0.0744704008102417,safe
./iccad-official\iccad1\test\test_nhs\NHS156.png4.png,0,0.095078706741333,safe
./iccad-official\iccad1\test\test_nhs\NHS156.png6.png,0,0.2043553590774536,safe
./iccad-official\iccad1\test\test_nhs\NHS156.png7.png,0,0.5082226693630219,needs_check
./iccad-official\iccad1\test\test_nhs\NHS156.png8.png,0,0.5025018751621246,needs_check
./iccad-official\iccad1\test\test_nhs\NHS156.png9.png,0,0.3901642560958862,needs_check
./iccad-official\iccad1\test\test_nhs\NHS157.png1.png,0,0.1153842806816101,safe
./iccad-official\iccad1\test\test_nhs\NHS157.png2.png,0,0.1153842806816101,safe
./iccad-official\iccad1\test\test_nhs\NHS157.png3.png,0,0.2560018301010132,safe
./iccad-official\iccad1\test\test_nhs\NHS157.png4.png,0,0.0345832109451293,safe
./iccad-official\iccad1\test\test_nhs\NHS157.png6.png,0,0.1407853364944458,safe
./iccad-official\iccad1\test\test_nhs\NHS157.png7.png,0,0.0068787932395935,safe
./iccad-official\iccad1\test\test_nhs\NHS157.png8.png,0,0.0068787932395935,safe
./iccad-official\iccad1\test\test_nhs\NHS157.png9.png,0,0.0068787932395935,safe
./iccad-official\iccad1\test\test_nhs\NHS158.png1.png,0,0.4388798475265503,needs_check
./iccad-official\iccad1\test\test_nhs\NHS158.png2.png,0,0.698712170124054,needs_check
./iccad-official\iccad1\test\test_nhs\NHS158.png3.png,0,0.4388798475265503,needs_check
./iccad-official\iccad1\test\test_nhs\NHS158.png4.png,0,0.1111172437667846,safe
./iccad-official\iccad1\test\test_nhs\NHS158.png6.png,0,0.0700722932815551,safe
./iccad-official\iccad1\test\test_nhs\NHS158.png7.png,0,0.0140336751937866,safe
./iccad-official\iccad1\test\test_nhs\NHS158.png8.png,0,0.0140336751937866,safe
./iccad-official\iccad1\test\test_nhs\NHS158.png9.png,0,0.0140336751937866,safe
./iccad-official\iccad1\test\test_nhs\NHS159.png1.png,0,0.0355485081672668,safe
./iccad-official\iccad1\test\test_nhs\NHS159.png2.png,0,0.0355485081672668,safe
./iccad-official\iccad1\test\test_nhs\NHS159.png3.png,0,0.0632683634757995,safe
./iccad-official\iccad1\test\test_nhs\NHS159.png4.png,0,0.0591065287590026,safe
./iccad-official\iccad1\test\test_nhs\NHS159.png6.png,0,0.1460874676704406,safe
./iccad-official\iccad1\test\test_nhs\NHS159.png7.png,0,0.3909555077552795,needs_check
./iccad-official\iccad1\test\test_nhs\NHS159.png8.png,0,0.3909555077552795,needs_check
./iccad-official\iccad1\test\test_nhs\NHS159.png9.png,0,0.3909555077552795,needs_check
./iccad-official\iccad1\test\test_nhs\NHS16.png1.png,0,0.5025349259376526,needs_check
./iccad-official\iccad1\test\test_nhs\NHS16.png2.png,0,0.4506623148918152,needs_check
./iccad-official\iccad1\test\test_nhs\NHS16.png3.png,0,0.2776341438293457,safe
./iccad-official\iccad1\test\test_nhs\NHS16.png4.png,0,0.0193953514099121,safe
./iccad-official\iccad1\test\test_nhs\NHS16.png6.png,0,0.0445219278335571,safe
./iccad-official\iccad1\test\test_nhs\NHS16.png7.png,0,0.160692811012268,safe
./iccad-official\iccad1\test\test_nhs\NHS16.png8.png,0,0.160692811012268,safe
./iccad-official\iccad1\test\test_nhs\NHS16.png9.png,0,0.160692811012268,safe
./iccad-official\iccad1\test\test_nhs\NHS160.png1.png,0,0.4388798475265503,needs_check
./iccad-official\iccad1\test\test_nhs\NHS160.png2.png,0,0.4388798475265503,needs_check
./iccad-official\iccad1\test\test_nhs\NHS160.png3.png,0,0.4388798475265503,needs_check
./iccad-official\iccad1\test\test_nhs\NHS160.png4.png,0,0.2324340343475341,safe
./iccad-official\iccad1\test\test_nhs\NHS160.png6.png,0,0.1257993578910827,safe
./iccad-official\iccad1\test\test_nhs\NHS160.png7.png,0,0.0140336751937866,safe
./iccad-official\iccad1\test\test_nhs\NHS160.png8.png,0,0.0140336751937866,safe
./iccad-official\iccad1\test\test_nhs\NHS160.png9.png,0,0.0140336751937866,safe
./iccad-official\iccad1\test\test_nhs\NHS161.png1.png,0,0.0355485081672668,safe
./iccad-official\iccad1\test\test_nhs\NHS161.png2.png,0,0.0355485081672668,safe
./iccad-official\iccad1\test\test_nhs\NHS161.png3.png,0,0.0355485081672668,safe
./iccad-official\iccad1\test\test_nhs\NHS161.png4.png,0,0.1077135205268859,safe
./iccad-official\iccad1\test\test_nhs\NHS161.png6.png,0,0.1413930654525756,safe
./iccad-official\iccad1\test\test_nhs\NHS161.png7.png,0,0.3928970098495483,needs_check
./iccad-official\iccad1\test\test_nhs\NHS161.png8.png,0,0.3929226994514465,needs_check
./iccad-official\iccad1\test\test_nhs\NHS161.png9.png,0,0.3929226994514465,needs_check
./iccad-official\iccad1\test\test_nhs\NHS162.png1.png,0,0.0655254125595092,safe
./iccad-official\iccad1\test\test_nhs\NHS162.png2.png,0,0.126675009727478,safe
./iccad-official\iccad1\test\test_nhs\NHS162.png3.png,0,0.2219050526618957,safe
./iccad-official\iccad1\test\test_nhs\NHS162.png4.png,0,0.1831836104393005,safe
./iccad-official\iccad1\test\test_nhs\NHS162.png6.png,0,0.207356572151184,safe
./iccad-official\iccad1\test\test_nhs\NHS162.png7.png,0,0.7556598484516144,risky
./iccad-official\iccad1\test\test_nhs\NHS162.png8.png,0,0.6678578555583954,needs_check
./iccad-official\iccad1\test\test_nhs\NHS162.png9.png,0,0.6161805689334869,needs_check
./iccad-official\iccad1\test\test_nhs\NHS163.png1.png,0,0.5078745186328888,needs_check
./iccad-official\iccad1\test\test_nhs\NHS163.png2.png,0,0.4788467288017273,needs_check
./iccad-official\iccad1\test\test_nhs\NHS163.png3.png,0,0.5169965624809265,needs_check
./iccad-official\iccad1\test\test_nhs\NHS163.png4.png,0,0.1191573739051818,safe
./iccad-official\iccad1\test\test_nhs\NHS163.png6.png,0,0.2160806655883789,safe
./iccad-official\iccad1\test\test_nhs\NHS163.png7.png,0,0.0269162058830261,safe
./iccad-official\iccad1\test\test_nhs\NHS163.png8.png,0,0.0532859563827514,safe
./iccad-official\iccad1\test\test_nhs\NHS163.png9.png,0,0.0093064904212951,safe
./iccad-official\iccad1\test\test_nhs\NHS164.png1.png,0,0.017278254032135,safe
./iccad-official\iccad1\test\test_nhs\NHS164.png2.png,0,0.0467437505722045,safe
./iccad-official\iccad1\test\test_nhs\NHS164.png3.png,0,0.0127614736557006,safe
./iccad-official\iccad1\test\test_nhs\NHS164.png4.png,0,0.1048145294189453,safe
./iccad-official\iccad1\test\test_nhs\NHS164.png6.png,0,0.0119280815124511,safe
./iccad-official\iccad1\test\test_nhs\NHS164.png7.png,0,0.126355767250061,safe
./iccad-official\iccad1\test\test_nhs\NHS164.png8.png,0,0.132307231426239,safe
./iccad-official\iccad1\test\test_nhs\NHS164.png9.png,0,0.163018524646759,safe
./iccad-official\iccad1\test\test_nhs\NHS165.png1.png,0,0.0019148588180541,safe
./iccad-official\iccad1\test\test_nhs\NHS165.png2.png,0,0.0019148588180541,safe
./iccad-official\iccad1\test\test_nhs\NHS165.png3.png,0,0.0050721764564514,safe
./iccad-official\iccad1\test\test_nhs\NHS165.png4.png,0,0.1224429011344909,safe
./iccad-official\iccad1\test\test_nhs\NHS165.png6.png,0,0.2192668318748474,safe
./iccad-official\iccad1\test\test_nhs\NHS165.png7.png,0,0.0194070935249328,safe
./iccad-official\iccad1\test\test_nhs\NHS165.png8.png,0,0.0194070935249328,safe
./iccad-official\iccad1\test\test_nhs\NHS165.png9.png,0,0.0194070935249328,safe
./iccad-official\iccad1\test\test_nhs\NHS166.png1.png,0,0.1642132401466369,safe
./iccad-official\iccad1\test\test_nhs\NHS166.png2.png,0,0.054474651813507,safe
./iccad-official\iccad1\test\test_nhs\NHS166.png3.png,0,0.054474651813507,safe
./iccad-official\iccad1\test\test_nhs\NHS166.png4.png,0,0.1812397837638855,safe
./iccad-official\iccad1\test\test_nhs\NHS166.png6.png,0,0.3950694799423218,needs_check
./iccad-official\iccad1\test\test_nhs\NHS166.png7.png,0,0.0313412547111511,safe
./iccad-official\iccad1\test\test_nhs\NHS166.png8.png,0,0.0312952995300293,safe
./iccad-official\iccad1\test\test_nhs\NHS166.png9.png,0,0.0558646917343139,safe
./iccad-official\iccad1\test\test_nhs\NHS167.png1.png,0,0.0019148588180541,safe
./iccad-official\iccad1\test\test_nhs\NHS167.png2.png,0,0.0019148588180541,safe
./iccad-official\iccad1\test\test_nhs\NHS167.png3.png,0,0.0113174319267272,safe
./iccad-official\iccad1\test\test_nhs\NHS167.png4.png,0,0.1671265363693237,safe
./iccad-official\iccad1\test\test_nhs\NHS167.png6.png,0,0.0683262944221496,safe
./iccad-official\iccad1\test\test_nhs\NHS167.png7.png,0,0.085598349571228,safe
./iccad-official\iccad1\test\test_nhs\NHS167.png8.png,0,0.073473036289215,safe
./iccad-official\iccad1\test\test_nhs\NHS167.png9.png,0,0.0280602574348449,safe
./iccad-official\iccad1\test\test_nhs\NHS168.png1.png,0,0.0124022960662841,safe
./iccad-official\iccad1\test\test_nhs\NHS168.png2.png,0,0.0133431553840637,safe
./iccad-official\iccad1\test\test_nhs\NHS168.png3.png,0,0.0133431553840637,safe
./iccad-official\iccad1\test\test_nhs\NHS168.png4.png,0,0.4067680835723877,needs_check
./iccad-official\iccad1\test\test_nhs\NHS168.png6.png,0,0.0869108438491821,safe
./iccad-official\iccad1\test\test_nhs\NHS168.png7.png,0,0.1001154780387878,safe
./iccad-official\iccad1\test\test_nhs\NHS168.png8.png,0,0.1001154780387878,safe
./iccad-official\iccad1\test\test_nhs\NHS168.png9.png,0,0.1001154780387878,safe
./iccad-official\iccad1\test\test_nhs\NHS169.png1.png,0,0.0158487558364868,safe
./iccad-official\iccad1\test\test_nhs\NHS169.png2.png,0,0.0158487558364868,safe
./iccad-official\iccad1\test\test_nhs\NHS169.png3.png,0,0.0158487558364868,safe
./iccad-official\iccad1\test\test_nhs\NHS169.png4.png,0,0.1703380346298217,safe
./iccad-official\iccad1\test\test_nhs\NHS169.png6.png,0,0.4082084894180298,needs_check
./iccad-official\iccad1\test\test_nhs\NHS169.png7.png,0,0.6719885468482971,needs_check
./iccad-official\iccad1\test\test_nhs\NHS169.png8.png,0,0.6719885468482971,needs_check
./iccad-official\iccad1\test\test_nhs\NHS169.png9.png,0,0.6719885468482971,needs_check
./iccad-official\iccad1\test\test_nhs\NHS17.png1.png,0,0.0688049793243408,safe
./iccad-official\iccad1\test\test_nhs\NHS17.png2.png,0,0.24738210439682,safe
./iccad-official\iccad1\test\test_nhs\NHS17.png3.png,0,0.1498264074325561,safe
./iccad-official\iccad1\test\test_nhs\NHS17.png4.png,0,0.0104903578758239,safe
./iccad-official\iccad1\test\test_nhs\NHS17.png6.png,0,0.0512905120849609,safe
./iccad-official\iccad1\test\test_nhs\NHS17.png7.png,0,0.0472519397735595,safe
./iccad-official\iccad1\test\test_nhs\NHS17.png8.png,0,0.2327170968055725,safe
./iccad-official\iccad1\test\test_nhs\NHS17.png9.png,0,0.3593732118606567,needs_check
./iccad-official\iccad1\test\test_nhs\NHS170.png1.png,0,0.0051130652427673,safe
./iccad-official\iccad1\test\test_nhs\NHS170.png2.png,0,0.0051130652427673,safe
./iccad-official\iccad1\test\test_nhs\NHS170.png3.png,0,0.0073553323745727,safe
./iccad-official\iccad1\test\test_nhs\NHS170.png4.png,0,0.1117900609970092,safe
./iccad-official\iccad1\test\test_nhs\NHS170.png6.png,0,0.0243656635284423,safe
./iccad-official\iccad1\test\test_nhs\NHS170.png7.png,0,0.0693249702453613,safe
./iccad-official\iccad1\test\test_nhs\NHS170.png8.png,0,0.0930157899856567,safe
./iccad-official\iccad1\test\test_nhs\NHS170.png9.png,0,0.0306581854820251,safe
./iccad-official\iccad1\test\test_nhs\NHS171.png1.png,0,0.005141258239746,safe
./iccad-official\iccad1\test\test_nhs\NHS171.png2.png,0,0.005141258239746,safe
./iccad-official\iccad1\test\test_nhs\NHS171.png3.png,0,0.005141258239746,safe
./iccad-official\iccad1\test\test_nhs\NHS171.png4.png,0,0.1646933555603027,safe
./iccad-official\iccad1\test\test_nhs\NHS171.png6.png,0,0.1484073400497436,safe
./iccad-official\iccad1\test\test_nhs\NHS171.png7.png,0,0.0726029872894287,safe
./iccad-official\iccad1\test\test_nhs\NHS171.png8.png,0,0.0726029872894287,safe
./iccad-official\iccad1\test\test_nhs\NHS171.png9.png,0,0.0374413132667541,safe
./iccad-official\iccad1\test\test_nhs\NHS172.png1.png,0,0.0020055174827575,safe
./iccad-official\iccad1\test\test_nhs\NHS172.png2.png,0,0.0012415051460266,safe
./iccad-official\iccad1\test\test_nhs\NHS172.png3.png,0,0.0055370330810546,safe
./iccad-official\iccad1\test\test_nhs\NHS172.png4.png,0,0.533847838640213,needs_check
./iccad-official\iccad1\test\test_nhs\NHS172.png6.png,0,0.4903807640075683,needs_check
./iccad-official\iccad1\test\test_nhs\NHS172.png7.png,0,0.0758181810379028,safe
./iccad-official\iccad1\test\test_nhs\NHS172.png8.png,0,0.0285480022430419,safe
./iccad-official\iccad1\test\test_nhs\NHS172.png9.png,0,0.0285480022430419,safe
./iccad-official\iccad1\test\test_nhs\NHS173.png1.png,0,0.1112200021743774,safe
./iccad-official\iccad1\test\test_nhs\NHS173.png2.png,0,0.0920323729515075,safe
./iccad-official\iccad1\test\test_nhs\NHS173.png3.png,0,0.0920323729515075,safe
./iccad-official\iccad1\test\test_nhs\NHS173.png4.png,0,0.0958854556083679,safe
./iccad-official\iccad1\test\test_nhs\NHS173.png6.png,0,0.041805624961853,safe
./iccad-official\iccad1\test\test_nhs\NHS173.png7.png,0,0.025602638721466,safe
./iccad-official\iccad1\test\test_nhs\NHS173.png8.png,0,0.025602638721466,safe
./iccad-official\iccad1\test\test_nhs\NHS173.png9.png,0,0.025602638721466,safe
./iccad-official\iccad1\test\test_nhs\NHS174.png1.png,0,0.5896370708942413,needs_check
./iccad-official\iccad1\test\test_nhs\NHS174.png2.png,0,0.5344453155994415,needs_check
./iccad-official\iccad1\test\test_nhs\NHS174.png3.png,0,0.3954737186431885,needs_check
./iccad-official\iccad1\test\test_nhs\NHS174.png4.png,0,0.5901831388473511,needs_check
./iccad-official\iccad1\test\test_nhs\NHS174.png6.png,0,0.3965527415275574,needs_check
./iccad-official\iccad1\test\test_nhs\NHS174.png7.png,0,0.0483683943748474,safe
./iccad-official\iccad1\test\test_nhs\NHS174.png8.png,0,0.0292571783065795,safe
./iccad-official\iccad1\test\test_nhs\NHS174.png9.png,0,0.0313714742660522,safe
./iccad-official\iccad1\test\test_nhs\NHS175.png1.png,0,0.0971636176109314,safe
./iccad-official\iccad1\test\test_nhs\NHS175.png2.png,0,0.0971636176109314,safe
./iccad-official\iccad1\test\test_nhs\NHS175.png3.png,0,0.1678931713104248,safe
./iccad-official\iccad1\test\test_nhs\NHS175.png4.png,0,0.0140336751937866,safe
./iccad-official\iccad1\test\test_nhs\NHS175.png6.png,0,0.0491249561309814,safe
./iccad-official\iccad1\test\test_nhs\NHS175.png7.png,0,0.7892090082168579,risky
./iccad-official\iccad1\test\test_nhs\NHS175.png8.png,0,0.7892090082168579,risky
./iccad-official\iccad1\test\test_nhs\NHS175.png9.png,0,0.7892090082168579,risky
./iccad-official\iccad1\test\test_nhs\NHS176.png1.png,0,0.0082418322563171,safe
./iccad-official\iccad1\test\test_nhs\NHS176.png2.png,0,0.0082418322563171,safe
./iccad-official\iccad1\test\test_nhs\NHS176.png3.png,0,0.0082418322563171,safe
./iccad-official\iccad1\test\test_nhs\NHS176.png4.png,0,0.5613113939762115,needs_check
./iccad-official\iccad1\test\test_nhs\NHS176.png6.png,0,0.1958237290382385,safe
./iccad-official\iccad1\test\test_nhs\NHS176.png7.png,0,0.0602884888648986,safe
./iccad-official\iccad1\test\test_nhs\NHS176.png8.png,0,0.069998562335968,safe
./iccad-official\iccad1\test\test_nhs\NHS176.png9.png,0,0.0330362319946289,safe
./iccad-official\iccad1\test\test_nhs\NHS177.png1.png,0,0.0285509824752807,safe
./iccad-official\iccad1\test\test_nhs\NHS177.png2.png,0,0.0285509824752807,safe
./iccad-official\iccad1\test\test_nhs\NHS177.png3.png,0,0.0758929848670959,safe
./iccad-official\iccad1\test\test_nhs\NHS177.png4.png,0,0.0778343677520752,safe
./iccad-official\iccad1\test\test_nhs\NHS177.png6.png,0,0.0564708113670349,safe
./iccad-official\iccad1\test\test_nhs\NHS177.png7.png,0,0.0098200440406799,safe
./iccad-official\iccad1\test\test_nhs\NHS177.png8.png,0,0.0253294110298156,safe
./iccad-official\iccad1\test\test_nhs\NHS177.png9.png,0,0.0156328678131103,safe
./iccad-official\iccad1\test\test_nhs\NHS178.png1.png,0,0.0064396858215332,safe
./iccad-official\iccad1\test\test_nhs\NHS178.png2.png,0,0.0023777484893798,safe
./iccad-official\iccad1\test\test_nhs\NHS178.png3.png,0,0.0019148588180541,safe
./iccad-official\iccad1\test\test_nhs\NHS178.png4.png,0,0.0986273884773254,safe
./iccad-official\iccad1\test\test_nhs\NHS178.png6.png,0,0.1249285340309143,safe
./iccad-official\iccad1\test\test_nhs\NHS178.png7.png,0,0.1082261204719543,safe
./iccad-official\iccad1\test\test_nhs\NHS178.png8.png,0,0.2321171760559082,safe
./iccad-official\iccad1\test\test_nhs\NHS178.png9.png,0,0.1427186727523803,safe
./iccad-official\iccad1\test\test_nhs\NHS179.png1.png,0,0.0428340435028076,safe
./iccad-official\iccad1\test\test_nhs\NHS179.png2.png,0,0.0428340435028076,safe
./iccad-official\iccad1\test\test_nhs\NHS179.png3.png,0,0.0428340435028076,safe
./iccad-official\iccad1\test\test_nhs\NHS179.png4.png,0,0.1898335814476013,safe
./iccad-official\iccad1\test\test_nhs\NHS179.png6.png,0,0.1903525590896606,safe
./iccad-official\iccad1\test\test_nhs\NHS179.png7.png,0,0.0662225484848022,safe
./iccad-official\iccad1\test\test_nhs\NHS179.png8.png,0,0.0263567566871643,safe
./iccad-official\iccad1\test\test_nhs\NHS179.png9.png,0,0.0068787932395935,safe
./iccad-official\iccad1\test\test_nhs\NHS18.png1.png,0,0.0257033705711364,safe
./iccad-official\iccad1\test\test_nhs\NHS18.png2.png,0,0.3120145797729492,needs_check
./iccad-official\iccad1\test\test_nhs\NHS18.png3.png,0,0.1360208392143249,safe
./iccad-official\iccad1\test\test_nhs\NHS18.png4.png,0,0.7011014819145203,risky
./iccad-official\iccad1\test\test_nhs\NHS18.png6.png,0,0.7112327516078949,risky
./iccad-official\iccad1\test\test_nhs\NHS18.png7.png,0,0.0293411612510681,safe
./iccad-official\iccad1\test\test_nhs\NHS18.png8.png,0,0.0293411612510681,safe
./iccad-official\iccad1\test\test_nhs\NHS18.png9.png,0,0.0293411612510681,safe
./iccad-official\iccad1\test\test_nhs\NHS180.png1.png,0,0.0768259763717651,safe
./iccad-official\iccad1\test\test_nhs\NHS180.png2.png,0,0.0355485081672668,safe
./iccad-official\iccad1\test\test_nhs\NHS180.png3.png,0,0.0355485081672668,safe
./iccad-official\iccad1\test\test_nhs\NHS180.png4.png,0,0.0952789187431335,safe
./iccad-official\iccad1\test\test_nhs\NHS180.png6.png,0,0.0787101984024047,safe
./iccad-official\iccad1\test\test_nhs\NHS180.png7.png,0,0.1161500811576843,safe
./iccad-official\iccad1\test\test_nhs\NHS180.png8.png,0,0.2953420281410217,safe
./iccad-official\iccad1\test\test_nhs\NHS180.png9.png,0,0.3909555077552795,needs_check
./iccad-official\iccad1\test\test_nhs\NHS181.png1.png,0,0.1252139210700988,safe
./iccad-official\iccad1\test\test_nhs\NHS181.png2.png,0,0.0604971647262573,safe
./iccad-official\iccad1\test\test_nhs\NHS181.png3.png,0,0.059870421886444,safe
./iccad-official\iccad1\test\test_nhs\NHS181.png4.png,0,0.1243277192115783,safe
./iccad-official\iccad1\test\test_nhs\NHS181.png6.png,0,0.0172259807586669,safe
./iccad-official\iccad1\test\test_nhs\NHS181.png7.png,0,0.3929226994514465,needs_check
./iccad-official\iccad1\test\test_nhs\NHS181.png8.png,0,0.3929226994514465,needs_check
./iccad-official\iccad1\test\test_nhs\NHS181.png9.png,0,0.3929226994514465,needs_check
./iccad-official\iccad1\test\test_nhs\NHS182.png1.png,0,0.1859616637229919,safe
./iccad-official\iccad1\test\test_nhs\NHS182.png2.png,0,0.1711608171463012,safe
./iccad-official\iccad1\test\test_nhs\NHS182.png3.png,0,0.1952260732650756,safe
./iccad-official\iccad1\test\test_nhs\NHS182.png4.png,0,0.1407853364944458,safe
./iccad-official\iccad1\test\test_nhs\NHS182.png6.png,0,0.1584779024124145,safe
./iccad-official\iccad1\test\test_nhs\NHS182.png7.png,0,0.0157098174095153,safe
./iccad-official\iccad1\test\test_nhs\NHS182.png8.png,0,0.0157098174095153,safe
./iccad-official\iccad1\test\test_nhs\NHS182.png9.png,0,0.0157098174095153,safe
./iccad-official\iccad1\test\test_nhs\NHS183.png1.png,0,0.0751271843910217,safe
./iccad-official\iccad1\test\test_nhs\NHS183.png2.png,0,0.1162028312683105,safe
./iccad-official\iccad1\test\test_nhs\NHS183.png3.png,0,0.1162028312683105,safe
./iccad-official\iccad1\test\test_nhs\NHS183.png4.png,0,0.0591065287590026,safe
./iccad-official\iccad1\test\test_nhs\NHS183.png6.png,0,0.4872870445251465,needs_check
./iccad-official\iccad1\test\test_nhs\NHS183.png7.png,0,0.2521079778671264,safe
./iccad-official\iccad1\test\test_nhs\NHS183.png8.png,0,0.6444839835166931,needs_check
./iccad-official\iccad1\test\test_nhs\NHS183.png9.png,0,0.2371501326560974,safe
./iccad-official\iccad1\test\test_nhs\NHS184.png1.png,0,0.0583664178848266,safe
./iccad-official\iccad1\test\test_nhs\NHS184.png2.png,0,0.0705726742744445,safe
./iccad-official\iccad1\test\test_nhs\NHS184.png3.png,0,0.1715874671936035,safe
./iccad-official\iccad1\test\test_nhs\NHS184.png4.png,0,0.0709955692291259,safe
./iccad-official\iccad1\test\test_nhs\NHS184.png6.png,0,0.0272128582000732,safe
./iccad-official\iccad1\test\test_nhs\NHS184.png7.png,0,0.0540022850036621,safe
./iccad-official\iccad1\test\test_nhs\NHS184.png8.png,0,0.0540022850036621,safe
./iccad-official\iccad1\test\test_nhs\NHS184.png9.png,0,0.0540022850036621,safe
./iccad-official\iccad1\test\test_nhs\NHS185.png1.png,0,0.0138320922851562,safe
./iccad-official\iccad1\test\test_nhs\NHS185.png2.png,0,0.0202787518501281,safe
./iccad-official\iccad1\test\test_nhs\NHS185.png3.png,0,0.0220655798912048,safe
./iccad-official\iccad1\test\test_nhs\NHS185.png4.png,0,0.0138320922851562,safe
./iccad-official\iccad1\test\test_nhs\NHS185.png6.png,0,0.1493529081344604,safe
./iccad-official\iccad1\test\test_nhs\NHS185.png7.png,0,0.0138320922851562,safe
./iccad-official\iccad1\test\test_nhs\NHS185.png8.png,0,0.0702658891677856,safe
./iccad-official\iccad1\test\test_nhs\NHS185.png9.png,0,0.1001154780387878,safe
./iccad-official\iccad1\test\test_nhs\NHS186.png1.png,0,0.0030211210250854,safe
./iccad-official\iccad1\test\test_nhs\NHS186.png2.png,0,0.0198320150375366,safe
./iccad-official\iccad1\test\test_nhs\NHS186.png3.png,0,0.0527551770210266,safe
./iccad-official\iccad1\test\test_nhs\NHS186.png4.png,0,0.0566382408142089,safe
./iccad-official\iccad1\test\test_nhs\NHS186.png6.png,0,0.14780855178833,safe
./iccad-official\iccad1\test\test_nhs\NHS186.png7.png,0,0.0631986856460571,safe
./iccad-official\iccad1\test\test_nhs\NHS186.png8.png,0,0.081353485584259,safe
./iccad-official\iccad1\test\test_nhs\NHS186.png9.png,0,0.038098394870758,safe
./iccad-official\iccad1\test\test_nhs\NHS187.png1.png,0,0.0845866203308105,safe
./iccad-official\iccad1\test\test_nhs\NHS187.png2.png,0,0.0417224764823913,safe
./iccad-official\iccad1\test\test_nhs\NHS187.png3.png,0,0.0806771516799926,safe
./iccad-official\iccad1\test\test_nhs\NHS187.png4.png,0,0.0903575420379638,safe
./iccad-official\iccad1\test\test_nhs\NHS187.png6.png,0,0.4441970586776733,needs_check
./iccad-official\iccad1\test\test_nhs\NHS187.png7.png,0,0.6719885468482971,needs_check
./iccad-official\iccad1\test\test_nhs\NHS187.png8.png,0,0.6719885468482971,needs_check
./iccad-official\iccad1\test\test_nhs\NHS187.png9.png,0,0.6719885468482971,needs_check
./iccad-official\iccad1\test\test_nhs\NHS188.png1.png,0,0.0601330399513244,safe
./iccad-official\iccad1\test\test_nhs\NHS188.png2.png,0,0.0601330399513244,safe
./iccad-official\iccad1\test\test_nhs\NHS188.png3.png,0,0.0601330399513244,safe
./iccad-official\iccad1\test\test_nhs\NHS188.png4.png,0,0.4940773248672485,needs_check
./iccad-official\iccad1\test\test_nhs\NHS188.png6.png,0,0.3849175572395324,needs_check
./iccad-official\iccad1\test\test_nhs\NHS188.png7.png,0,0.1925705671310424,safe
./iccad-official\iccad1\test\test_nhs\NHS188.png8.png,0,0.273716926574707,safe
./iccad-official\iccad1\test\test_nhs\NHS188.png9.png,0,0.2784620523452759,safe
./iccad-official\iccad1\test\test_nhs\NHS189.png1.png,0,0.0183386802673339,safe
./iccad-official\iccad1\test\test_nhs\NHS189.png2.png,0,0.0410945415496826,safe
./iccad-official\iccad1\test\test_nhs\NHS189.png3.png,0,0.0272828340530395,safe
./iccad-official\iccad1\test\test_nhs\NHS189.png4.png,0,0.11219322681427,safe
./iccad-official\iccad1\test\test_nhs\NHS189.png6.png,0,0.0901249051094055,safe
./iccad-official\iccad1\test\test_nhs\NHS189.png7.png,0,0.2704363465309143,safe
./iccad-official\iccad1\test\test_nhs\NHS189.png8.png,0,0.0810282826423645,safe
./iccad-official\iccad1\test\test_nhs\NHS189.png9.png,0,0.0810282826423645,safe
./iccad-official\iccad1\test\test_nhs\NHS19.png1.png,0,0.1631997227668762,safe
./iccad-official\iccad1\test\test_nhs\NHS19.png2.png,0,0.219375729560852,safe
./iccad-official\iccad1\test\test_nhs\NHS19.png3.png,0,0.219375729560852,safe
./iccad-official\iccad1\test\test_nhs\NHS19.png4.png,0,0.5568120777606964,needs_check
./iccad-official\iccad1\test\test_nhs\NHS19.png6.png,0,0.4553903341293335,needs_check
./iccad-official\iccad1\test\test_nhs\NHS19.png7.png,0,0.0145513415336608,safe
./iccad-official\iccad1\test\test_nhs\NHS19.png8.png,0,0.0145513415336608,safe
./iccad-official\iccad1\test\test_nhs\NHS19.png9.png,0,0.0303996205329895,safe
./iccad-official\iccad1\test\test_nhs\NHS190.png1.png,0,0.0428340435028076,safe
./iccad-official\iccad1\test\test_nhs\NHS190.png2.png,0,0.0428340435028076,safe
./iccad-official\iccad1\test\test_nhs\NHS190.png3.png,0,0.0428340435028076,safe
./iccad-official\iccad1\test\test_nhs\NHS190.png4.png,0,0.0175850391387939,safe
./iccad-official\iccad1\test\test_nhs\NHS190.png6.png,0,0.0349998474121093,safe
./iccad-official\iccad1\test\test_nhs\NHS190.png7.png,0,0.0492089986801147,safe
./iccad-official\iccad1\test\test_nhs\NHS190.png8.png,0,0.0471220612525939,safe
./iccad-official\iccad1\test\test_nhs\NHS190.png9.png,0,0.0092720985412597,safe
./iccad-official\iccad1\test\test_nhs\NHS191.png1.png,0,0.0197484493255615,safe
./iccad-official\iccad1\test\test_nhs\NHS191.png2.png,0,0.0179491639137268,safe
./iccad-official\iccad1\test\test_nhs\NHS191.png3.png,0,0.050727367401123,safe
./iccad-official\iccad1\test\test_nhs\NHS191.png4.png,0,0.2488592267036438,safe
./iccad-official\iccad1\test\test_nhs\NHS191.png6.png,0,0.3929226994514465,needs_check
./iccad-official\iccad1\test\test_nhs\NHS191.png7.png,0,0.1214102506637573,safe
./iccad-official\iccad1\test\test_nhs\NHS191.png8.png,0,0.1214102506637573,safe
./iccad-official\iccad1\test\test_nhs\NHS191.png9.png,0,0.1214102506637573,safe
./iccad-official\iccad1\test\test_nhs\NHS192.png1.png,0,0.0292571783065795,safe
./iccad-official\iccad1\test\test_nhs\NHS192.png2.png,0,0.0391284227371215,safe
./iccad-official\iccad1\test\test_nhs\NHS192.png3.png,0,0.0501181483268737,safe
./iccad-official\iccad1\test\test_nhs\NHS192.png4.png,0,0.7173307538032532,risky
./iccad-official\iccad1\test\test_nhs\NHS192.png6.png,0,0.2344269752502441,safe
./iccad-official\iccad1\test\test_nhs\NHS192.png7.png,0,0.192795991897583,safe
./iccad-official\iccad1\test\test_nhs\NHS192.png8.png,0,0.0324129462242126,safe
./iccad-official\iccad1\test\test_nhs\NHS192.png9.png,0,0.1395840048789978,safe
./iccad-official\iccad1\test\test_nhs\NHS193.png1.png,0,0.0138320922851562,safe
./iccad-official\iccad1\test\test_nhs\NHS193.png2.png,0,0.0424709916114807,safe
./iccad-official\iccad1\test\test_nhs\NHS193.png3.png,0,0.0034787058830261,safe
./iccad-official\iccad1\test\test_nhs\NHS193.png4.png,0,0.0138320922851562,safe
./iccad-official\iccad1\test\test_nhs\NHS193.png6.png,0,0.1387722492218017,safe
./iccad-official\iccad1\test\test_nhs\NHS193.png7.png,0,0.0138320922851562,safe
./iccad-official\iccad1\test\test_nhs\NHS193.png8.png,0,0.3174782395362854,needs_check
./iccad-official\iccad1\test\test_nhs\NHS193.png9.png,0,0.0732560157775878,safe
./iccad-official\iccad1\test\test_nhs\NHS194.png1.png,0,0.0436459779739379,safe
./iccad-official\iccad1\test\test_nhs\NHS194.png2.png,0,0.2391166687011718,safe
./iccad-official\iccad1\test\test_nhs\NHS194.png3.png,0,0.0192130208015441,safe
./iccad-official\iccad1\test\test_nhs\NHS194.png4.png,0,0.7151970863342285,risky
./iccad-official\iccad1\test\test_nhs\NHS194.png6.png,0,0.2857896089553833,safe
./iccad-official\iccad1\test\test_nhs\NHS194.png7.png,0,0.4269341230392456,needs_check
./iccad-official\iccad1\test\test_nhs\NHS194.png8.png,0,0.8105299770832062,risky
./iccad-official\iccad1\test\test_nhs\NHS194.png9.png,0,0.6902625560760498,needs_check
./iccad-official\iccad1\test\test_nhs\NHS195.png1.png,0,0.0694805383682251,safe
./iccad-official\iccad1\test\test_nhs\NHS195.png2.png,0,0.1015741229057312,safe
./iccad-official\iccad1\test\test_nhs\NHS195.png3.png,0,0.0755442380905151,safe
./iccad-official\iccad1\test\test_nhs\NHS195.png4.png,0,0.1660672426223755,safe
./iccad-official\iccad1\test\test_nhs\NHS195.png6.png,0,0.0299920439720153,safe
./iccad-official\iccad1\test\test_nhs\NHS195.png7.png,0,0.6719885468482971,needs_check
./iccad-official\iccad1\test\test_nhs\NHS195.png8.png,0,0.7619298994541168,risky
./iccad-official\iccad1\test\test_nhs\NHS195.png9.png,0,0.6719885468482971,needs_check
./iccad-official\iccad1\test\test_nhs\NHS196.png1.png,0,0.1412202715873718,safe
./iccad-official\iccad1\test\test_nhs\NHS196.png2.png,0,0.0197799205780029,safe
./iccad-official\iccad1\test\test_nhs\NHS196.png3.png,0,0.0202226638793945,safe
./iccad-official\iccad1\test\test_nhs\NHS196.png4.png,0,0.2835100889205932,safe
./iccad-official\iccad1\test\test_nhs\NHS196.png6.png,0,0.046970248222351,safe
./iccad-official\iccad1\test\test_nhs\NHS196.png7.png,0,0.2841655611991882,safe
./iccad-official\iccad1\test\test_nhs\NHS196.png8.png,0,0.2847561836242676,safe
./iccad-official\iccad1\test\test_nhs\NHS196.png9.png,0,0.3929226994514465,needs_check
./iccad-official\iccad1\test\test_nhs\NHS197.png1.png,0,0.0018602609634399,safe
./iccad-official\iccad1\test\test_nhs\NHS197.png2.png,0,0.0030553340911865,safe
./iccad-official\iccad1\test\test_nhs\NHS197.png3.png,0,0.0037739872932434,safe
./iccad-official\iccad1\test\test_nhs\NHS197.png4.png,0,0.1592423915863037,safe
./iccad-official\iccad1\test\test_nhs\NHS197.png6.png,0,0.533847838640213,needs_check
./iccad-official\iccad1\test\test_nhs\NHS197.png7.png,0,0.0568970441818237,safe
./iccad-official\iccad1\test\test_nhs\NHS197.png8.png,0,0.089464247226715,safe
./iccad-official\iccad1\test\test_nhs\NHS197.png9.png,0,0.0660823583602905,safe
./iccad-official\iccad1\test\test_nhs\NHS198.png1.png,0,0.0138320922851562,safe
./iccad-official\iccad1\test\test_nhs\NHS198.png2.png,0,0.0264675617218017,safe
./iccad-official\iccad1\test\test_nhs\NHS198.png3.png,0,0.0083123445510864,safe
./iccad-official\iccad1\test\test_nhs\NHS198.png4.png,0,0.0138320922851562,safe
./iccad-official\iccad1\test\test_nhs\NHS198.png6.png,0,0.1693912148475647,safe
./iccad-official\iccad1\test\test_nhs\NHS198.png7.png,0,0.0138320922851562,safe
./iccad-official\iccad1\test\test_nhs\NHS198.png8.png,0,0.052427053451538,safe
./iccad-official\iccad1\test\test_nhs\NHS198.png9.png,0,0.0309253334999084,safe
./iccad-official\iccad1\test\test_nhs\NHS199.png1.png,0,0.0138320922851562,safe
./iccad-official\iccad1\test\test_nhs\NHS199.png2.png,0,0.0259364247322082,safe
./iccad-official\iccad1\test\test_nhs\NHS199.png3.png,0,0.0124035477638244,safe
./iccad-official\iccad1\test\test_nhs\NHS199.png4.png,0,0.0138320922851562,safe
./iccad-official\iccad1\test\test_nhs\NHS199.png6.png,0,0.5485416352748871,needs_check
./iccad-official\iccad1\test\test_nhs\NHS199.png7.png,0,0.0138320922851562,safe
./iccad-official\iccad1\test\test_nhs\NHS199.png8.png,0,0.0390593409538269,safe
./iccad-official\iccad1\test\test_nhs\NHS199.png9.png,0,0.0293411612510681,safe
./iccad-official\iccad1\test\test_nhs\NHS2.png1.png,0,0.0956174135208129,safe
./iccad-official\iccad1\test\test_nhs\NHS2.png2.png,0,0.1330383419990539,safe
./iccad-official\iccad1\test\test_nhs\NHS2.png3.png,0,0.1846398711204528,safe
./iccad-official\iccad1\test\test_nhs\NHS2.png4.png,0,0.3175233602523803,needs_check
./iccad-official\iccad1\test\test_nhs\NHS2.png6.png,0,0.7370615899562836,risky
./iccad-official\iccad1\test\test_nhs\NHS2.png7.png,0,0.0293411612510681,safe
./iccad-official\iccad1\test\test_nhs\NHS2.png8.png,0,0.0293411612510681,safe
./iccad-official\iccad1\test\test_nhs\NHS2.png9.png,0,0.0783376693725586,safe
./iccad-official\iccad1\test\test_nhs\NHS20.png1.png,0,0.1092209815979003,safe
./iccad-official\iccad1\test\test_nhs\NHS20.png2.png,0,0.1092209815979003,safe
./iccad-official\iccad1\test\test_nhs\NHS20.png3.png,0,0.1092209815979003,safe
./iccad-official\iccad1\test\test_nhs\NHS20.png4.png,0,0.6654171049594879,needs_check
./iccad-official\iccad1\test\test_nhs\NHS20.png6.png,0,0.1936362385749817,safe
./iccad-official\iccad1\test\test_nhs\NHS20.png7.png,0,0.1150457859039306,safe
./iccad-official\iccad1\test\test_nhs\NHS20.png8.png,0,0.0506640076637268,safe
./iccad-official\iccad1\test\test_nhs\NHS20.png9.png,0,0.0631789565086364,safe
./iccad-official\iccad1\test\test_nhs\NHS200.png1.png,0,0.3008834719657898,needs_check
./iccad-official\iccad1\test\test_nhs\NHS200.png2.png,0,0.4049187302589416,needs_check
./iccad-official\iccad1\test\test_nhs\NHS200.png3.png,0,0.2864329814910888,safe
./iccad-official\iccad1\test\test_nhs\NHS200.png4.png,0,0.2188082337379455,safe
./iccad-official\iccad1\test\test_nhs\NHS200.png6.png,0,0.1958476305007934,safe
./iccad-official\iccad1\test\test_nhs\NHS200.png7.png,0,0.3909555077552795,needs_check
./iccad-official\iccad1\test\test_nhs\NHS200.png8.png,0,0.3909555077552795,needs_check
./iccad-official\iccad1\test\test_nhs\NHS200.png9.png,0,0.3909555077552795,needs_check
./iccad-official\iccad1\test\test_nhs\NHS201.png1.png,0,0.0730398893356323,safe
./iccad-official\iccad1\test\test_nhs\NHS201.png2.png,0,0.0571423768997192,safe
./iccad-official\iccad1\test\test_nhs\NHS201.png3.png,0,0.0362226366996765,safe
./iccad-official\iccad1\test\test_nhs\NHS201.png4.png,0,0.2011381387710571,safe
./iccad-official\iccad1\test\test_nhs\NHS201.png6.png,0,0.0442191362380981,safe
./iccad-official\iccad1\test\test_nhs\NHS201.png7.png,0,0.0149585604667663,safe
./iccad-official\iccad1\test\test_nhs\NHS201.png8.png,0,0.142951488494873,safe
./iccad-official\iccad1\test\test_nhs\NHS201.png9.png,0,0.1131702065467834,safe
./iccad-official\iccad1\test\test_nhs\NHS202.png1.png,0,0.4437759518623352,needs_check
./iccad-official\iccad1\test\test_nhs\NHS202.png2.png,0,0.4437759518623352,needs_check
./iccad-official\iccad1\test\test_nhs\NHS202.png3.png,0,0.4437759518623352,needs_check
./iccad-official\iccad1\test\test_nhs\NHS202.png4.png,0,0.1424425840377807,safe
./iccad-official\iccad1\test\test_nhs\NHS202.png6.png,0,0.0262157320976257,safe
./iccad-official\iccad1\test\test_nhs\NHS202.png7.png,0,0.2484323382377624,safe
./iccad-official\iccad1\test\test_nhs\NHS202.png8.png,0,0.4143452644348144,needs_check
./iccad-official\iccad1\test\test_nhs\NHS202.png9.png,0,0.0888091921806335,safe
./iccad-official\iccad1\test\test_nhs\NHS203.png1.png,0,0.2394760847091674,safe
./iccad-official\iccad1\test\test_nhs\NHS203.png2.png,0,0.2069556713104248,safe
./iccad-official\iccad1\test\test_nhs\NHS203.png3.png,0,0.2069556713104248,safe
./iccad-official\iccad1\test\test_nhs\NHS203.png4.png,0,0.7055724859237671,risky
./iccad-official\iccad1\test\test_nhs\NHS203.png6.png,0,0.7744516283273697,risky
./iccad-official\iccad1\test\test_nhs\NHS203.png7.png,0,0.0377797484397888,safe
./iccad-official\iccad1\test\test_nhs\NHS203.png8.png,0,0.0377797484397888,safe
./iccad-official\iccad1\test\test_nhs\NHS203.png9.png,0,0.0377797484397888,safe
./iccad-official\iccad1\test\test_nhs\NHS204.png1.png,0,0.017046570777893,safe
./iccad-official\iccad1\test\test_nhs\NHS204.png2.png,0,0.046401560306549,safe
./iccad-official\iccad1\test\test_nhs\NHS204.png3.png,0,0.0049340724945068,safe
./iccad-official\iccad1\test\test_nhs\NHS204.png4.png,0,0.0265079140663146,safe
./iccad-official\iccad1\test\test_nhs\NHS204.png6.png,0,0.0265079140663146,safe
./iccad-official\iccad1\test\test_nhs\NHS204.png7.png,0,0.1004526615142822,safe
./iccad-official\iccad1\test\test_nhs\NHS204.png8.png,0,0.1026135087013244,safe
./iccad-official\iccad1\test\test_nhs\NHS204.png9.png,0,0.109398066997528,safe
./iccad-official\iccad1\test\test_nhs\NHS205.png1.png,0,0.0213055610656738,safe
./iccad-official\iccad1\test\test_nhs\NHS205.png2.png,0,0.0183970928192138,safe
./iccad-official\iccad1\test\test_nhs\NHS205.png3.png,0,0.1108691692352294,safe
./iccad-official\iccad1\test\test_nhs\NHS205.png4.png,0,0.1041666269302368,safe
./iccad-official\iccad1\test\test_nhs\NHS205.png6.png,0,0.0526861548423767,safe
./iccad-official\iccad1\test\test_nhs\NHS205.png7.png,0,0.1144192218780517,safe
./iccad-official\iccad1\test\test_nhs\NHS205.png8.png,0,0.0832647681236267,safe
./iccad-official\iccad1\test\test_nhs\NHS205.png9.png,0,0.0476638078689575,safe
./iccad-official\iccad1\test\test_nhs\NHS206.png1.png,0,0.1351199150085449,safe
./iccad-official\iccad1\test\test_nhs\NHS206.png2.png,0,0.0512478947639465,safe
./iccad-official\iccad1\test\test_nhs\NHS206.png3.png,0,0.0950281620025634,safe
./iccad-official\iccad1\test\test_nhs\NHS206.png4.png,0,0.6554491519927979,needs_check
./iccad-official\iccad1\test\test_nhs\NHS206.png6.png,0,0.3929227590560913,needs_check
./iccad-official\iccad1\test\test_nhs\NHS206.png7.png,0,0.2499696016311645,safe
./iccad-official\iccad1\test\test_nhs\NHS206.png8.png,0,0.1059826016426086,safe
./iccad-official\iccad1\test\test_nhs\NHS206.png9.png,0,0.1059826016426086,safe
./iccad-official\iccad1\test\test_nhs\NHS207.png1.png,0,0.0138320922851562,safe
./iccad-official\iccad1\test\test_nhs\NHS207.png2.png,0,0.0279176831245422,safe
./iccad-official\iccad1\test\test_nhs\NHS207.png3.png,0,0.0104014873504638,safe
./iccad-official\iccad1\test\test_nhs\NHS207.png4.png,0,0.0138320922851562,safe
./iccad-official\iccad1\test\test_nhs\NHS207.png6.png,0,0.1066230535507202,safe
./iccad-official\iccad1\test\test_nhs\NHS207.png7.png,0,0.0138320922851562,safe
./iccad-official\iccad1\test\test_nhs\NHS207.png8.png,0,0.1546088457107544,safe
./iccad-official\iccad1\test\test_nhs\NHS207.png9.png,0,0.0269332528114318,safe
./iccad-official\iccad1\test\test_nhs\NHS208.png1.png,0,0.2097117304801941,safe
./iccad-official\iccad1\test\test_nhs\NHS208.png2.png,0,0.2467918395996093,safe
./iccad-official\iccad1\test\test_nhs\NHS208.png3.png,0,0.8212012201547623,risky
./iccad-official\iccad1\test\test_nhs\NHS208.png4.png,0,0.1003351211547851,safe
./iccad-official\iccad1\test\test_nhs\NHS208.png6.png,0,0.2574691772460937,safe
./iccad-official\iccad1\test\test_nhs\NHS208.png7.png,0,0.0140336751937866,safe
./iccad-official\iccad1\test\test_nhs\NHS208.png8.png,0,0.0140336751937866,safe
./iccad-official\iccad1\test\test_nhs\NHS208.png9.png,0,0.0305943489074707,safe
./iccad-official\iccad1\test\test_nhs\NHS209.png1.png,0,0.0069547295570373,safe
./iccad-official\iccad1\test\test_nhs\NHS209.png2.png,0,0.0069547295570373,safe
./iccad-official\iccad1\test\test_nhs\NHS209.png3.png,0,0.0069547295570373,safe
./iccad-official\iccad1\test\test_nhs\NHS209.png4.png,0,0.14780855178833,safe
./iccad-official\iccad1\test\test_nhs\NHS209.png6.png,0,0.1767524480819702,safe
./iccad-official\iccad1\test\test_nhs\NHS209.png7.png,0,0.0374413132667541,safe
./iccad-official\iccad1\test\test_nhs\NHS209.png8.png,0,0.0374413132667541,safe
./iccad-official\iccad1\test\test_nhs\NHS209.png9.png,0,0.1120672225952148,safe
./iccad-official\iccad1\test\test_nhs\NHS21.png1.png,0,0.0652978420257568,safe
./iccad-official\iccad1\test\test_nhs\NHS21.png2.png,0,0.2668395042419433,safe
./iccad-official\iccad1\test\test_nhs\NHS21.png3.png,0,0.0948442816734314,safe
./iccad-official\iccad1\test\test_nhs\NHS21.png4.png,0,0.197701096534729,safe
./iccad-official\iccad1\test\test_nhs\NHS21.png6.png,0,0.049607515335083,safe
./iccad-official\iccad1\test\test_nhs\NHS21.png7.png,0,0.4174832105636596,needs_check
./iccad-official\iccad1\test\test_nhs\NHS21.png8.png,0,0.1483172178268432,safe
./iccad-official\iccad1\test\test_nhs\NHS21.png9.png,0,0.2142321467399597,safe
./iccad-official\iccad1\test\test_nhs\NHS210.png1.png,0,0.235059380531311,safe
./iccad-official\iccad1\test\test_nhs\NHS210.png2.png,0,0.2888139486312866,safe
./iccad-official\iccad1\test\test_nhs\NHS210.png3.png,0,0.3901780843734741,needs_check
./iccad-official\iccad1\test\test_nhs\NHS210.png4.png,0,0.0288594961166381,safe
./iccad-official\iccad1\test\test_nhs\NHS210.png6.png,0,0.1041932106018066,safe
./iccad-official\iccad1\test\test_nhs\NHS210.png7.png,0,0.1319091320037841,safe
./iccad-official\iccad1\test\test_nhs\NHS210.png8.png,0,0.066678762435913,safe
./iccad-official\iccad1\test\test_nhs\NHS210.png9.png,0,0.032110571861267,safe
./iccad-official\iccad1\test\test_nhs\NHS211.png1.png,0,0.0207352638244628,safe
./iccad-official\iccad1\test\test_nhs\NHS211.png2.png,0,0.0196890830993652,safe
./iccad-official\iccad1\test\test_nhs\NHS211.png3.png,0,0.0140336751937866,safe
./iccad-official\iccad1\test\test_nhs\NHS211.png4.png,0,0.2097117304801941,safe
./iccad-official\iccad1\test\test_nhs\NHS211.png6.png,0,0.252009630203247,safe
./iccad-official\iccad1\test\test_nhs\NHS211.png7.png,0,0.026649534702301,safe
./iccad-official\iccad1\test\test_nhs\NHS211.png8.png,0,0.1200127601623535,safe
./iccad-official\iccad1\test\test_nhs\NHS211.png9.png,0,0.1214102506637573,safe
./iccad-official\iccad1\test\test_nhs\NHS212.png1.png,0,0.0022854208946228,safe
./iccad-official\iccad1\test\test_nhs\NHS212.png2.png,0,0.0022854208946228,safe
./iccad-official\iccad1\test\test_nhs\NHS212.png3.png,0,0.0022854208946228,safe
./iccad-official\iccad1\test\test_nhs\NHS212.png4.png,0,0.3094184398651123,needs_check
./iccad-official\iccad1\test\test_nhs\NHS212.png6.png,0,0.0505052208900451,safe
./iccad-official\iccad1\test\test_nhs\NHS212.png7.png,0,0.0228291749954223,safe
./iccad-official\iccad1\test\test_nhs\NHS212.png8.png,0,0.4090145230293274,needs_check
./iccad-official\iccad1\test\test_nhs\NHS212.png9.png,0,0.7223591208457947,risky
./iccad-official\iccad1\test\test_nhs\NHS213.png1.png,0,0.0154032111167907,safe
./iccad-official\iccad1\test\test_nhs\NHS213.png2.png,0,0.0083312392234802,safe
./iccad-official\iccad1\test\test_nhs\NHS213.png3.png,0,0.0835568308830261,safe
./iccad-official\iccad1\test\test_nhs\NHS213.png4.png,0,0.1452192068099975,safe
./iccad-official\iccad1\test\test_nhs\NHS213.png6.png,0,0.1936257481575012,safe
./iccad-official\iccad1\test\test_nhs\NHS213.png7.png,0,0.1611917614936828,safe
./iccad-official\iccad1\test\test_nhs\NHS213.png8.png,0,0.0602884888648986,safe
./iccad-official\iccad1\test\test_nhs\NHS213.png9.png,0,0.2482575178146362,safe
./iccad-official\iccad1\test\test_nhs\NHS214.png1.png,0,0.0138320922851562,safe
./iccad-official\iccad1\test\test_nhs\NHS214.png2.png,0,0.1122999191284179,safe
./iccad-official\iccad1\test\test_nhs\NHS214.png3.png,0,0.053208589553833,safe
./iccad-official\iccad1\test\test_nhs\NHS214.png4.png,0,0.0138320922851562,safe
./iccad-official\iccad1\test\test_nhs\NHS214.png6.png,0,0.2838032245635986,safe
./iccad-official\iccad1\test\test_nhs\NHS214.png7.png,0,0.0138320922851562,safe
./iccad-official\iccad1\test\test_nhs\NHS214.png8.png,0,0.2593250870704651,safe
./iccad-official\iccad1\test\test_nhs\NHS214.png9.png,0,0.5312516689300537,needs_check
./iccad-official\iccad1\test\test_nhs\NHS215.png1.png,0,0.0033283829689025,safe
./iccad-official\iccad1\test\test_nhs\NHS215.png2.png,0,0.0033283829689025,safe
./iccad-official\iccad1\test\test_nhs\NHS215.png3.png,0,0.0033283829689025,safe
./iccad-official\iccad1\test\test_nhs\NHS215.png4.png,0,0.0382983684539794,safe
./iccad-official\iccad1\test\test_nhs\NHS215.png6.png,0,0.0285500884056091,safe
./iccad-official\iccad1\test\test_nhs\NHS215.png7.png,0,0.0979685187339782,safe
./iccad-official\iccad1\test\test_nhs\NHS215.png8.png,0,0.460483193397522,needs_check
./iccad-official\iccad1\test\test_nhs\NHS215.png9.png,0,0.4945882558822632,needs_check
./iccad-official\iccad1\test\test_nhs\NHS216.png1.png,0,0.0266724824905395,safe
./iccad-official\iccad1\test\test_nhs\NHS216.png2.png,0,0.0857726335525512,safe
./iccad-official\iccad1\test\test_nhs\NHS216.png3.png,0,0.028407335281372,safe
./iccad-official\iccad1\test\test_nhs\NHS216.png4.png,0,0.511137992143631,needs_check
./iccad-official\iccad1\test\test_nhs\NHS216.png6.png,0,0.5298562347888947,needs_check
./iccad-official\iccad1\test\test_nhs\NHS216.png7.png,0,0.0510588884353637,safe
./iccad-official\iccad1\test\test_nhs\NHS216.png8.png,0,0.0510588884353637,safe
./iccad-official\iccad1\test\test_nhs\NHS216.png9.png,0,0.0277127623558044,safe
./iccad-official\iccad1\test\test_nhs\NHS217.png1.png,0,0.7358431220054626,risky
./iccad-official\iccad1\test\test_nhs\NHS217.png2.png,0,0.633764386177063,needs_check
./iccad-official\iccad1\test\test_nhs\NHS217.png3.png,0,0.4388798475265503,needs_check
./iccad-official\iccad1\test\test_nhs\NHS217.png4.png,0,0.2909824848175049,safe
./iccad-official\iccad1\test\test_nhs\NHS217.png6.png,0,0.273074746131897,safe
./iccad-official\iccad1\test\test_nhs\NHS217.png7.png,0,0.0498266220092773,safe
./iccad-official\iccad1\test\test_nhs\NHS217.png8.png,0,0.1317286491394043,safe
./iccad-official\iccad1\test\test_nhs\NHS217.png9.png,0,0.0164050459861755,safe
./iccad-official\iccad1\test\test_nhs\NHS218.png1.png,0,0.1937581300735473,safe
./iccad-official\iccad1\test\test_nhs\NHS218.png2.png,0,0.3748946189880371,needs_check
./iccad-official\iccad1\test\test_nhs\NHS218.png3.png,0,0.1017447113990783,safe
./iccad-official\iccad1\test\test_nhs\NHS218.png4.png,0,0.0457137823104858,safe
./iccad-official\iccad1\test\test_nhs\NHS218.png6.png,0,0.0136644840240478,safe
./iccad-official\iccad1\test\test_nhs\NHS218.png7.png,0,0.0270236134529113,safe
./iccad-official\iccad1\test\test_nhs\NHS218.png8.png,0,0.0319489240646362,safe
./iccad-official\iccad1\test\test_nhs\NHS218.png9.png,0,0.084535539150238,safe
./iccad-official\iccad1\test\test_nhs\NHS219.png1.png,0,0.1622582077980041,safe
./iccad-official\iccad1\test\test_nhs\NHS219.png2.png,0,0.0609083771705627,safe
./iccad-official\iccad1\test\test_nhs\NHS219.png3.png,0,0.0670397877693176,safe
./iccad-official\iccad1\test\test_nhs\NHS219.png4.png,0,0.0711174011230468,safe
./iccad-official\iccad1\test\test_nhs\NHS219.png6.png,0,0.0363261103630065,safe
./iccad-official\iccad1\test\test_nhs\NHS219.png7.png,0,0.3909555077552795,needs_check
./iccad-official\iccad1\test\test_nhs\NHS219.png8.png,0,0.3909555077552795,needs_check
./iccad-official\iccad1\test\test_nhs\NHS219.png9.png,0,0.3909555077552795,needs_check
./iccad-official\iccad1\test\test_nhs\NHS22.png1.png,0,0.037135362625122,safe
./iccad-official\iccad1\test\test_nhs\NHS22.png2.png,0,0.037135362625122,safe
./iccad-official\iccad1\test\test_nhs\NHS22.png3.png,0,0.037135362625122,safe
./iccad-official\iccad1\test\test_nhs\NHS22.png4.png,0,0.6574479639530182,needs_check
./iccad-official\iccad1\test\test_nhs\NHS22.png6.png,0,0.6407543122768402,needs_check
./iccad-official\iccad1\test\test_nhs\NHS22.png7.png,0,0.0293411612510681,safe
./iccad-official\iccad1\test\test_nhs\NHS22.png8.png,0,0.0293411612510681,safe
./iccad-official\iccad1\test\test_nhs\NHS22.png9.png,0,0.0293411612510681,safe
./iccad-official\iccad1\test\test_nhs\NHS220.png1.png,0,0.3929226994514465,needs_check
./iccad-official\iccad1\test\test_nhs\NHS220.png2.png,0,0.3929226994514465,needs_check
./iccad-official\iccad1\test\test_nhs\NHS220.png3.png,0,0.3929226994514465,needs_check
./iccad-official\iccad1\test\test_nhs\NHS220.png4.png,0,0.1333332657814026,safe
./iccad-official\iccad1\test\test_nhs\NHS220.png6.png,0,0.0638642311096191,safe
./iccad-official\iccad1\test\test_nhs\NHS220.png7.png,0,0.0293326377868652,safe
./iccad-official\iccad1\test\test_nhs\NHS220.png8.png,0,0.0313599109649658,safe
./iccad-official\iccad1\test\test_nhs\NHS220.png9.png,0,0.0292571783065795,safe
./iccad-official\iccad1\test\test_nhs\NHS221.png1.png,0,0.0138320922851562,safe
./iccad-official\iccad1\test\test_nhs\NHS221.png2.png,0,0.0559372305870056,safe
./iccad-official\iccad1\test\test_nhs\NHS221.png3.png,0,0.006856083869934,safe
./iccad-official\iccad1\test\test_nhs\NHS221.png4.png,0,0.0138320922851562,safe
./iccad-official\iccad1\test\test_nhs\NHS221.png6.png,0,0.1394076347351074,safe
./iccad-official\iccad1\test\test_nhs\NHS221.png7.png,0,0.0138320922851562,safe
./iccad-official\iccad1\test\test_nhs\NHS221.png8.png,0,0.0419179201126098,safe
./iccad-official\iccad1\test\test_nhs\NHS221.png9.png,0,0.1206324696540832,safe
./iccad-official\iccad1\test\test_nhs\NHS222.png1.png,0,0.0101273655891418,safe
./iccad-official\iccad1\test\test_nhs\NHS222.png2.png,0,0.0072793364524841,safe
./iccad-official\iccad1\test\test_nhs\NHS222.png3.png,0,0.0046098828315734,safe
./iccad-official\iccad1\test\test_nhs\NHS222.png4.png,0,0.2870727777481079,safe
./iccad-official\iccad1\test\test_nhs\NHS222.png6.png,0,0.0949505567550659,safe
./iccad-official\iccad1\test\test_nhs\NHS222.png7.png,0,0.0128911137580871,safe
./iccad-official\iccad1\test\test_nhs\NHS222.png8.png,0,0.0374413132667541,safe
./iccad-official\iccad1\test\test_nhs\NHS222.png9.png,0,0.1200295686721801,safe
./iccad-official\iccad1\test\test_nhs\NHS223.png1.png,0,0.0971636176109314,safe
./iccad-official\iccad1\test\test_nhs\NHS223.png2.png,0,0.1569916009902954,safe
./iccad-official\iccad1\test\test_nhs\NHS223.png3.png,0,0.1600859761238098,safe
./iccad-official\iccad1\test\test_nhs\NHS223.png4.png,0,0.1000411510467529,safe
./iccad-official\iccad1\test\test_nhs\NHS223.png6.png,0,0.1968746781349182,safe
./iccad-official\iccad1\test\test_nhs\NHS223.png7.png,0,0.3909555077552795,needs_check
./iccad-official\iccad1\test\test_nhs\NHS223.png8.png,0,0.3909555077552795,needs_check
./iccad-official\iccad1\test\test_nhs\NHS223.png9.png,0,0.3187824487686157,needs_check
./iccad-official\iccad1\test\test_nhs\NHS224.png1.png,0,0.0021684765815734,safe
./iccad-official\iccad1\test\test_nhs\NHS224.png2.png,0,0.0075495839118957,safe
./iccad-official\iccad1\test\test_nhs\NHS224.png3.png,0,0.0046268105506896,safe
./iccad-official\iccad1\test\test_nhs\NHS224.png4.png,0,0.0765509605407714,safe
./iccad-official\iccad1\test\test_nhs\NHS224.png6.png,0,0.0440942049026489,safe
./iccad-official\iccad1\test\test_nhs\NHS224.png7.png,0,0.0790594220161438,safe
./iccad-official\iccad1\test\test_nhs\NHS224.png8.png,0,0.0790594220161438,safe
./iccad-official\iccad1\test\test_nhs\NHS224.png9.png,0,0.0893341302871704,safe
./iccad-official\iccad1\test\test_nhs\NHS225.png1.png,0,0.0138320922851562,safe
./iccad-official\iccad1\test\test_nhs\NHS225.png2.png,0,0.2559399604797363,safe
./iccad-official\iccad1\test\test_nhs\NHS225.png3.png,0,0.3457094430923462,needs_check
./iccad-official\iccad1\test\test_nhs\NHS225.png4.png,0,0.0138320922851562,safe
./iccad-official\iccad1\test\test_nhs\NHS225.png6.png,0,0.6067745983600616,needs_check
./iccad-official\iccad1\test\test_nhs\NHS225.png7.png,0,0.0138320922851562,safe
./iccad-official\iccad1\test\test_nhs\NHS225.png8.png,0,0.1089841127395629,safe
./iccad-official\iccad1\test\test_nhs\NHS225.png9.png,0,0.0521949529647827,safe
./iccad-official\iccad1\test\test_nhs\NHS226.png,0,0.0248087048530578,safe
./iccad-official\iccad1\test\test_nhs\NHS227.png,0,0.0161267518997192,safe
./iccad-official\iccad1\test\test_nhs\NHS228.png,0,0.0230737328529357,safe
./iccad-official\iccad1\test\test_nhs\NHS229.png,0,0.0161267518997192,safe
./iccad-official\iccad1\test\test_nhs\NHS23.png1.png,0,0.0080165266990661,safe
./iccad-official\iccad1\test\test_nhs\NHS23.png2.png,0,0.005946397781372,safe
./iccad-official\iccad1\test\test_nhs\NHS23.png3.png,0,0.005946397781372,safe
./iccad-official\iccad1\test\test_nhs\NHS23.png4.png,0,0.5884705483913422,needs_check
./iccad-official\iccad1\test\test_nhs\NHS23.png6.png,0,0.0605475902557373,safe
./iccad-official\iccad1\test\test_nhs\NHS23.png7.png,0,0.0123015046119689,safe
./iccad-official\iccad1\test\test_nhs\NHS23.png8.png,0,0.0115509629249572,safe
./iccad-official\iccad1\test\test_nhs\NHS23.png9.png,0,0.0178474783897399,safe
./iccad-official\iccad1\test\test_nhs\NHS230.png,0,0.0112606883049011,safe
./iccad-official\iccad1\test\test_nhs\NHS231.png,0,0.0267079472541809,safe
./iccad-official\iccad1\test\test_nhs\NHS232.png,0,0.0120812654495239,safe
./iccad-official\iccad1\test\test_nhs\NHS233.png,0,0.0161267518997192,safe
./iccad-official\iccad1\test\test_nhs\NHS234.png,0,0.0191783308982849,safe
./iccad-official\iccad1\test\test_nhs\NHS235.png,0,0.0131217837333679,safe
./iccad-official\iccad1\test\test_nhs\NHS236.png,0,0.0797404050827026,safe
./iccad-official\iccad1\test\test_nhs\NHS237.png,0,0.0106967091560363,safe
./iccad-official\iccad1\test\test_nhs\NHS238.png,0,0.0022709965705871,safe
./iccad-official\iccad1\test\test_nhs\NHS239.png,0,0.0187747478485107,safe
./iccad-official\iccad1\test\test_nhs\NHS24.png1.png,0,0.0688049793243408,safe
./iccad-official\iccad1\test\test_nhs\NHS24.png2.png,0,0.0688049793243408,safe
./iccad-official\iccad1\test\test_nhs\NHS24.png3.png,0,0.0688049793243408,safe
./iccad-official\iccad1\test\test_nhs\NHS24.png4.png,0,0.3505960702896118,needs_check
./iccad-official\iccad1\test\test_nhs\NHS24.png6.png,0,0.0697041749954223,safe
./iccad-official\iccad1\test\test_nhs\NHS24.png7.png,0,0.0472519397735595,safe
./iccad-official\iccad1\test\test_nhs\NHS24.png8.png,0,0.0472519397735595,safe
./iccad-official\iccad1\test\test_nhs\NHS24.png9.png,0,0.0472519397735595,safe
./iccad-official\iccad1\test\test_nhs\NHS240.png,0,0.0161267518997192,safe
./iccad-official\iccad1\test\test_nhs\NHS241.png,0,0.0045472979545593,safe
./iccad-official\iccad1\test\test_nhs\NHS242.png,0,0.0161267518997192,safe
./iccad-official\iccad1\test\test_nhs\NHS243.png,0,0.005966305732727,safe
./iccad-official\iccad1\test\test_nhs\NHS244.png,0,0.0335920453071594,safe
./iccad-official\iccad1\test\test_nhs\NHS245.png,0,0.0256130695343017,safe
./iccad-official\iccad1\test\test_nhs\NHS246.png,0,0.001947283744812,safe
./iccad-official\iccad1\test\test_nhs\NHS247.png,0,0.0238403677940368,safe
./iccad-official\iccad1\test\test_nhs\NHS248.png,0,0.0074864625930786,safe
./iccad-official\iccad1\test\test_nhs\NHS249.png,0,0.0089597105979919,safe
./iccad-official\iccad1\test\test_nhs\NHS25.png1.png,0,0.0088711380958557,safe
./iccad-official\iccad1\test\test_nhs\NHS25.png2.png,0,0.0088711380958557,safe
./iccad-official\iccad1\test\test_nhs\NHS25.png3.png,0,0.0059906244277954,safe
./iccad-official\iccad1\test\test_nhs\NHS25.png4.png,0,0.6489627957344055,needs_check
./iccad-official\iccad1\test\test_nhs\NHS25.png6.png,0,0.0773589611053466,safe
./iccad-official\iccad1\test\test_nhs\NHS25.png7.png,0,0.1017870903015136,safe
./iccad-official\iccad1\test\test_nhs\NHS25.png8.png,0,0.1202831268310546,safe
./iccad-official\iccad1\test\test_nhs\NHS25.png9.png,0,0.0349760055541992,safe
./iccad-official\iccad1\test\test_nhs\NHS250.png,0,0.0022953748703002,safe
./iccad-official\iccad1\test\test_nhs\NHS251.png,0,0.0072377324104309,safe
./iccad-official\iccad1\test\test_nhs\NHS252.png,0,0.0029278397560119,safe
./iccad-official\iccad1\test\test_nhs\NHS253.png,0,0.0161267518997192,safe
./iccad-official\iccad1\test\test_nhs\NHS254.png,0,0.0161267518997192,safe
./iccad-official\iccad1\test\test_nhs\NHS255.png,0,0.0161267518997192,safe
./iccad-official\iccad1\test\test_nhs\NHS256.png,0,0.0111336112022399,safe
./iccad-official\iccad1\test\test_nhs\NHS257.png,0,0.0439497828483581,safe
./iccad-official\iccad1\test\test_nhs\NHS258.png,0,0.0161267518997192,safe
./iccad-official\iccad1\test\test_nhs\NHS259.png,0,0.0040554404258728,safe
./iccad-official\iccad1\test\test_nhs\NHS26.png1.png,0,0.0138320922851562,safe
./iccad-official\iccad1\test\test_nhs\NHS26.png2.png,0,0.0138320922851562,safe
./iccad-official\iccad1\test\test_nhs\NHS26.png3.png,0,0.0138320922851562,safe
./iccad-official\iccad1\test\test_nhs\NHS26.png4.png,0,0.1508834958076477,safe
./iccad-official\iccad1\test\test_nhs\NHS26.png6.png,0,0.0076395869255065,safe
./iccad-official\iccad1\test\test_nhs\NHS26.png7.png,0,0.0194463729858398,safe
./iccad-official\iccad1\test\test_nhs\NHS26.png8.png,0,0.0213747024536132,safe
./iccad-official\iccad1\test\test_nhs\NHS26.png9.png,0,0.0116374492645263,safe
./iccad-official\iccad1\test\test_nhs\NHS260.png,0,0.0161267518997192,safe
./iccad-official\iccad1\test\test_nhs\NHS261.png,0,0.0057004690170288,safe
./iccad-official\iccad1\test\test_nhs\NHS262.png,0,0.0161267518997192,safe
./iccad-official\iccad1\test\test_nhs\NHS263.png,0,0.0074547529220581,safe
./iccad-official\iccad1\test\test_nhs\NHS264.png,0,0.0147600769996643,safe
./iccad-official\iccad1\test\test_nhs\NHS265.png,0,0.0309541225433349,safe
./iccad-official\iccad1\test\test_nhs\NHS266.png,0,0.0074455738067626,safe
./iccad-official\iccad1\test\test_nhs\NHS267.png,0,0.0065432786941528,safe
./iccad-official\iccad1\test\test_nhs\NHS268.png,0,0.0117806792259216,safe
./iccad-official\iccad1\test\test_nhs\NHS269.png,0,0.0238403677940368,safe
./iccad-official\iccad1\test\test_nhs\NHS27.png1.png,0,0.0740061998367309,safe
./iccad-official\iccad1\test\test_nhs\NHS27.png2.png,0,0.0740061998367309,safe
./iccad-official\iccad1\test\test_nhs\NHS27.png3.png,0,0.0740061998367309,safe
./iccad-official\iccad1\test\test_nhs\NHS27.png4.png,0,0.247069239616394,safe
./iccad-official\iccad1\test\test_nhs\NHS27.png6.png,0,0.2186818122863769,safe
./iccad-official\iccad1\test\test_nhs\NHS27.png7.png,0,0.1842145323753357,safe
./iccad-official\iccad1\test\test_nhs\NHS27.png8.png,0,0.189593493938446,safe
./iccad-official\iccad1\test\test_nhs\NHS27.png9.png,0,0.189593493938446,safe
./iccad-official\iccad1\test\test_nhs\NHS270.png,0,0.0230737328529357,safe
./iccad-official\iccad1\test\test_nhs\NHS271.png,0,0.0161267518997192,safe
./iccad-official\iccad1\test\test_nhs\NHS272.png,0,0.0230737328529357,safe
./iccad-official\iccad1\test\test_nhs\NHS273.png,0,0.0241396427154541,safe
./iccad-official\iccad1\test\test_nhs\NHS274.png,0,0.0335920453071594,safe
./iccad-official\iccad1\test\test_nhs\NHS275.png,0,0.0072377324104309,safe
./iccad-official\iccad1\test\test_nhs\NHS276.png,0,0.0230737328529357,safe
./iccad-official\iccad1\test\test_nhs\NHS277.png,0,0.0161267518997192,safe
./iccad-official\iccad1\test\test_nhs\NHS278.png,0,0.0078805088996887,safe
./iccad-official\iccad1\test\test_nhs\NHS279.png,0,0.0161267518997192,safe
./iccad-official\iccad1\test\test_nhs\NHS28.png1.png,0,0.3019124269485473,needs_check
./iccad-official\iccad1\test\test_nhs\NHS28.png2.png,0,0.5703320503234863,needs_check
./iccad-official\iccad1\test\test_nhs\NHS28.png3.png,0,0.4675946235656738,needs_check
./iccad-official\iccad1\test\test_nhs\NHS28.png4.png,0,0.0431933403015136,safe
./iccad-official\iccad1\test\test_nhs\NHS28.png6.png,0,0.0304375886917114,safe
./iccad-official\iccad1\test\test_nhs\NHS28.png7.png,0,0.0338832736015319,safe
./iccad-official\iccad1\test\test_nhs\NHS28.png8.png,0,0.0370578169822692,safe
./iccad-official\iccad1\test\test_nhs\NHS28.png9.png,0,0.0426101088523864,safe
./iccad-official\iccad1\test\test_nhs\NHS280.png,0,0.0161267518997192,safe
./iccad-official\iccad1\test\test_nhs\NHS281.png,0,0.0161267518997192,safe
./iccad-official\iccad1\test\test_nhs\NHS282.png,0,0.0161267518997192,safe
./iccad-official\iccad1\test\test_nhs\NHS283.png,0,0.0230737328529357,safe
./iccad-official\iccad1\test\test_nhs\NHS284.png,0,0.0161267518997192,safe
./iccad-official\iccad1\test\test_nhs\NHS285.png,0,0.0074547529220581,safe
./iccad-official\iccad1\test\test_nhs\NHS286.png,0,0.0080839395523071,safe
./iccad-official\iccad1\test\test_nhs\NHS287.png,0,0.0049968957901,safe
./iccad-official\iccad1\test\test_nhs\NHS288.png,0,0.0477610230445861,safe
./iccad-official\iccad1\test\test_nhs\NHS289.png,0,0.0230737328529357,safe
./iccad-official\iccad1\test\test_nhs\NHS29.png1.png,0,0.0448561310768127,safe
./iccad-official\iccad1\test\test_nhs\NHS29.png2.png,0,0.0448561310768127,safe
./iccad-official\iccad1\test\test_nhs\NHS29.png3.png,0,0.0432180166244506,safe
./iccad-official\iccad1\test\test_nhs\NHS29.png4.png,0,0.8613659888505936,risky
./iccad-official\iccad1\test\test_nhs\NHS29.png6.png,0,0.6217171847820282,needs_check
./iccad-official\iccad1\test\test_nhs\NHS29.png7.png,0,0.0410923361778259,safe
./iccad-official\iccad1\test\test_nhs\NHS29.png8.png,0,0.0400730967521667,safe
./iccad-official\iccad1\test\test_nhs\NHS29.png9.png,0,0.0400730967521667,safe
./iccad-official\iccad1\test\test_nhs\NHS290.png,0,0.0488752126693725,safe
./iccad-official\iccad1\test\test_nhs\NHS291.png,0,0.0196694731712341,safe
./iccad-official\iccad1\test\test_nhs\NHS292.png,0,0.0038268566131591,safe
./iccad-official\iccad1\test\test_nhs\NHS293.png,0,0.0230737328529357,safe
./iccad-official\iccad1\test\test_nhs\NHS294.png,0,0.0161267518997192,safe
./iccad-official\iccad1\test\test_nhs\NHS295.png,0,0.0103309750556945,safe
./iccad-official\iccad1\test\test_nhs\NHS296.png,0,0.0075017213821411,safe
./iccad-official\iccad1\test\test_nhs\NHS297.png,0,0.0046356916427612,safe
./iccad-official\iccad1\test\test_nhs\NHS298.png,0,0.0161267518997192,safe
./iccad-official\iccad1\test\test_nhs\NHS299.png,0,0.0161267518997192,safe
./iccad-official\iccad1\test\test_nhs\NHS3.png1.png,0,0.1646890044212341,safe
./iccad-official\iccad1\test\test_nhs\NHS3.png2.png,0,0.0452401638031005,safe
./iccad-official\iccad1\test\test_nhs\NHS3.png3.png,0,0.0348550677299499,safe
./iccad-official\iccad1\test\test_nhs\NHS3.png4.png,0,0.7743739783763885,risky
./iccad-official\iccad1\test\test_nhs\NHS3.png6.png,0,0.410844087600708,needs_check
./iccad-official\iccad1\test\test_nhs\NHS3.png7.png,0,0.1809215545654297,safe
./iccad-official\iccad1\test\test_nhs\NHS3.png8.png,0,0.1129191517829895,safe
./iccad-official\iccad1\test\test_nhs\NHS3.png9.png,0,0.1809215545654297,safe
./iccad-official\iccad1\test\test_nhs\NHS30.png1.png,0,0.0657871961593627,safe
./iccad-official\iccad1\test\test_nhs\NHS30.png2.png,0,0.0657871961593627,safe
./iccad-official\iccad1\test\test_nhs\NHS30.png3.png,0,0.0581990480422973,safe
./iccad-official\iccad1\test\test_nhs\NHS30.png4.png,0,0.0358727574348449,safe
./iccad-official\iccad1\test\test_nhs\NHS30.png6.png,0,0.1951456665992736,safe
./iccad-official\iccad1\test\test_nhs\NHS30.png7.png,0,0.160487949848175,safe
./iccad-official\iccad1\test\test_nhs\NHS30.png8.png,0,0.0773465633392334,safe
./iccad-official\iccad1\test\test_nhs\NHS30.png9.png,0,0.2848546504974365,safe
./iccad-official\iccad1\test\test_nhs\NHS300.png,0,0.011714220046997,safe
./iccad-official\iccad1\test\test_nhs\NHS301.png,0,0.0238403677940368,safe
./iccad-official\iccad1\test\test_nhs\NHS302.png,0,0.0230737328529357,safe
./iccad-official\iccad1\test\test_nhs\NHS303.png,0,0.0020310878753662,safe
./iccad-official\iccad1\test\test_nhs\NHS304.png,0,0.0166115164756774,safe
./iccad-official\iccad1\test\test_nhs\NHS305.png,0,0.0238403677940368,safe
./iccad-official\iccad1\test\test_nhs\NHS306.png,0,0.0045472979545593,safe
./iccad-official\iccad1\test\test_nhs\NHS307.png,0,0.0161267518997192,safe
./iccad-official\iccad1\test\test_nhs\NHS308.png,0,0.0068479776382446,safe
./iccad-official\iccad1\test\test_nhs\NHS309.png,0,0.0037217140197753,safe
./iccad-official\iccad1\test\test_nhs\NHS31.png1.png,0,0.0273815393447875,safe
./iccad-official\iccad1\test\test_nhs\NHS31.png2.png,0,0.0460479259490966,safe
./iccad-official\iccad1\test\test_nhs\NHS31.png3.png,0,0.044679582118988,safe
./iccad-official\iccad1\test\test_nhs\NHS31.png4.png,0,0.0381121635437011,safe
./iccad-official\iccad1\test\test_nhs\NHS31.png6.png,0,0.3488762378692627,needs_check
./iccad-official\iccad1\test\test_nhs\NHS31.png7.png,0,0.0312952995300293,safe
./iccad-official\iccad1\test\test_nhs\NHS31.png8.png,0,0.0312952995300293,safe
./iccad-official\iccad1\test\test_nhs\NHS31.png9.png,0,0.1003931164741516,safe
./iccad-official\iccad1\test\test_nhs\NHS310.png,0,0.0147600769996643,safe
./iccad-official\iccad1\test\test_nhs\NHS311.png,0,0.0161267518997192,safe
./iccad-official\iccad1\test\test_nhs\NHS312.png,0,0.0091117024421691,safe
./iccad-official\iccad1\test\test_nhs\NHS313.png,0,0.0040554404258728,safe
./iccad-official\iccad1\test\test_nhs\NHS314.png,0,0.0454233884811401,safe
./iccad-official\iccad1\test\test_nhs\NHS315.png,0,0.0240323543548584,safe
./iccad-official\iccad1\test\test_nhs\NHS316.png,0,0.0238403677940368,safe
./iccad-official\iccad1\test\test_nhs\NHS317.png,0,0.0147600769996643,safe
./iccad-official\iccad1\test\test_nhs\NHS318.png,0,0.0046987533569335,safe
./iccad-official\iccad1\test\test_nhs\NHS319.png,0,0.0078805088996887,safe
./iccad-official\iccad1\test\test_nhs\NHS32.png1.png,0,0.0361819863319397,safe
./iccad-official\iccad1\test\test_nhs\NHS32.png2.png,0,0.0361819863319397,safe
./iccad-official\iccad1\test\test_nhs\NHS32.png3.png,0,0.0740061998367309,safe
./iccad-official\iccad1\test\test_nhs\NHS32.png4.png,0,0.6396187245845795,needs_check
./iccad-official\iccad1\test\test_nhs\NHS32.png6.png,0,0.6147891879081726,needs_check
./iccad-official\iccad1\test\test_nhs\NHS32.png7.png,0,0.0565162897109985,safe
./iccad-official\iccad1\test\test_nhs\NHS32.png8.png,0,0.0942556262016296,safe
./iccad-official\iccad1\test\test_nhs\NHS32.png9.png,0,0.1112223863601684,safe
./iccad-official\iccad1\test\test_nhs\NHS320.png,0,0.0022394657135009,safe
./iccad-official\iccad1\test\test_nhs\NHS321.png,0,0.028770625591278,safe
./iccad-official\iccad1\test\test_nhs\NHS322.png,0,0.0187868475914001,safe
./iccad-official\iccad1\test\test_nhs\NHS323.png,0,0.0190980434417724,safe
./iccad-official\iccad1\test\test_nhs\NHS324.png,0,0.0040600895881652,safe
./iccad-official\iccad1\test\test_nhs\NHS325.png,0,0.0448434352874755,safe
./iccad-official\iccad1\test\test_nhs\NHS326.png,0,0.0196694731712341,safe
./iccad-official\iccad1\test\test_nhs\NHS327.png,0,0.0161267518997192,safe
./iccad-official\iccad1\test\test_nhs\NHS328.png,0,0.010902464389801,safe
./iccad-official\iccad1\test\test_nhs\NHS329.png,0,0.0161267518997192,safe
./iccad-official\iccad1\test\test_nhs\NHS33.png1.png,0,0.0590280294418334,safe
./iccad-official\iccad1\test\test_nhs\NHS33.png2.png,0,0.0590280294418334,safe
./iccad-official\iccad1\test\test_nhs\NHS33.png3.png,0,0.0590280294418334,safe
./iccad-official\iccad1\test\test_nhs\NHS33.png4.png,0,0.8163077384233475,risky
./iccad-official\iccad1\test\test_nhs\NHS33.png6.png,0,0.0435426831245422,safe
./iccad-official\iccad1\test\test_nhs\NHS33.png7.png,0,0.0472519397735595,safe
./iccad-official\iccad1\test\test_nhs\NHS33.png8.png,0,0.0606938600540161,safe
./iccad-official\iccad1\test\test_nhs\NHS33.png9.png,0,0.171063482761383,safe
./iccad-official\iccad1\test\test_nhs\NHS330.png,0,0.0045472979545593,safe
./iccad-official\iccad1\test\test_nhs\NHS331.png,0,0.0446559190750122,safe
./iccad-official\iccad1\test\test_nhs\NHS332.png,0,0.0074455738067626,safe
./iccad-official\iccad1\test\test_nhs\NHS333.png,0,0.0161267518997192,safe
./iccad-official\iccad1\test\test_nhs\NHS334.png,0,0.020496129989624,safe
./iccad-official\iccad1\test\test_nhs\NHS335.png,0,0.0170314311981201,safe
./iccad-official\iccad1\test\test_nhs\NHS336.png,0,0.0103513002395629,safe
./iccad-official\iccad1\test\test_nhs\NHS337.png,0,0.0332594513893127,safe
./iccad-official\iccad1\test\test_nhs\NHS338.png,0,0.0161267518997192,safe
./iccad-official\iccad1\test\test_nhs\NHS339.png,0,0.0144710540771484,safe
./iccad-official\iccad1\test\test_nhs\NHS34.png1.png,0,0.0688049793243408,safe
./iccad-official\iccad1\test\test_nhs\NHS34.png2.png,0,0.0688049793243408,safe
./iccad-official\iccad1\test\test_nhs\NHS34.png3.png,0,0.0830922126770019,safe
./iccad-official\iccad1\test\test_nhs\NHS34.png4.png,0,0.0693010091781616,safe
./iccad-official\iccad1\test\test_nhs\NHS34.png6.png,0,0.4110325574874878,needs_check
./iccad-official\iccad1\test\test_nhs\NHS34.png7.png,0,0.0534906983375549,safe
./iccad-official\iccad1\test\test_nhs\NHS34.png8.png,0,0.0343304276466369,safe
./iccad-official\iccad1\test\test_nhs\NHS34.png9.png,0,0.0343304276466369,safe
./iccad-official\iccad1\test\test_nhs\NHS340.png,0,0.0050935745239257,safe
./iccad-official\iccad1\test\test_nhs\NHS341.png,0,0.0255605578422546,safe
./iccad-official\iccad1\test\test_nhs\NHS342.png,0,0.0080509781837463,safe
./iccad-official\iccad1\test\test_nhs\NHS343.png,0,0.0178114771842956,safe
./iccad-official\iccad1\test\test_nhs\NHS344.png,0,0.0161267518997192,safe
./iccad-official\iccad1\test\test_nhs\NHS345.png,0,0.0058275461196899,safe
./iccad-official\iccad1\test\test_nhs\NHS346.png,0,0.0076133608818054,safe
./iccad-official\iccad1\test\test_nhs\NHS347.png,0,0.0064376592636108,safe
./iccad-official\iccad1\test\test_nhs\NHS348.png,0,0.0161267518997192,safe
./iccad-official\iccad1\test\test_nhs\NHS349.png,0,0.0092720389366149,safe
./iccad-official\iccad1\test\test_nhs\NHS35.png1.png,0,0.2034467458724975,safe
./iccad-official\iccad1\test\test_nhs\NHS35.png2.png,0,0.3832340836524963,needs_check
./iccad-official\iccad1\test\test_nhs\NHS35.png3.png,0,0.059883177280426,safe
./iccad-official\iccad1\test\test_nhs\NHS35.png4.png,0,0.0196558833122253,safe
./iccad-official\iccad1\test\test_nhs\NHS35.png6.png,0,0.718192994594574,risky
./iccad-official\iccad1\test\test_nhs\NHS35.png7.png,0,0.0688049793243408,safe
./iccad-official\iccad1\test\test_nhs\NHS35.png8.png,0,0.1210435628890991,safe
./iccad-official\iccad1\test\test_nhs\NHS35.png9.png,0,0.0688049793243408,safe
./iccad-official\iccad1\test\test_nhs\NHS350.png,0,0.0161267518997192,safe
./iccad-official\iccad1\test\test_nhs\NHS351.png,0,0.0238403677940368,safe
./iccad-official\iccad1\test\test_nhs\NHS352.png,0,0.001737892627716,safe
./iccad-official\iccad1\test\test_nhs\NHS353.png,0,0.0026249885559082,safe
./iccad-official\iccad1\test\test_nhs\NHS354.png,0,0.0054360032081604,safe
./iccad-official\iccad1\test\test_nhs\NHS355.png,0,0.0265036225318908,safe
./iccad-official\iccad1\test\test_nhs\NHS356.png,0,0.0070966482162475,safe
./iccad-official\iccad1\test\test_nhs\NHS357.png,0,0.0147600769996643,safe
./iccad-official\iccad1\test\test_nhs\NHS358.png,0,0.0147600769996643,safe
./iccad-official\iccad1\test\test_nhs\NHS359.png,0,0.0187476873397827,safe
./iccad-official\iccad1\test\test_nhs\NHS36.png1.png,0,0.1501545906066894,safe
./iccad-official\iccad1\test\test_nhs\NHS36.png2.png,0,0.1398860216140747,safe
./iccad-official\iccad1\test\test_nhs\NHS36.png3.png,0,0.1097148060798645,safe
./iccad-official\iccad1\test\test_nhs\NHS36.png4.png,0,0.9079352244734764,risky
./iccad-official\iccad1\test\test_nhs\NHS36.png6.png,0,0.4573043584823608,needs_check
./iccad-official\iccad1\test\test_nhs\NHS36.png7.png,0,0.0597839951515197,safe
./iccad-official\iccad1\test\test_nhs\NHS36.png8.png,0,0.0630728006362915,safe
./iccad-official\iccad1\test\test_nhs\NHS36.png9.png,0,0.0242516994476318,safe
./iccad-official\iccad1\test\test_nhs\NHS360.png,0,0.0026021599769592,safe
./iccad-official\iccad1\test\test_nhs\NHS361.png,0,0.0161267518997192,safe
./iccad-official\iccad1\test\test_nhs\NHS362.png,0,0.0045472979545593,safe
./iccad-official\iccad1\test\test_nhs\NHS363.png,0,0.0293975472450256,safe
./iccad-official\iccad1\test\test_nhs\NHS364.png,0,0.0068426132202148,safe
./iccad-official\iccad1\test\test_nhs\NHS365.png,0,0.0035925507545471,safe
./iccad-official\iccad1\test\test_nhs\NHS366.png,0,0.0161267518997192,safe
./iccad-official\iccad1\test\test_nhs\NHS367.png,0,0.0147600769996643,safe
./iccad-official\iccad1\test\test_nhs\NHS368.png,0,0.0161267518997192,safe
./iccad-official\iccad1\test\test_nhs\NHS369.png,0,0.0108945369720458,safe
./iccad-official\iccad1\test\test_nhs\NHS37.png1.png,0,0.078162133693695,safe
./iccad-official\iccad1\test\test_nhs\NHS37.png2.png,0,0.0411559343338012,safe
./iccad-official\iccad1\test\test_nhs\NHS37.png3.png,0,0.00640869140625,safe
./iccad-official\iccad1\test\test_nhs\NHS37.png4.png,0,0.0250852108001709,safe
./iccad-official\iccad1\test\test_nhs\NHS37.png6.png,0,0.0620808601379394,safe
./iccad-official\iccad1\test\test_nhs\NHS37.png7.png,0,0.1002119183540344,safe
./iccad-official\iccad1\test\test_nhs\NHS37.png8.png,0,0.1754244565963745,safe
./iccad-official\iccad1\test\test_nhs\NHS37.png9.png,0,0.2421867251396179,safe
./iccad-official\iccad1\test\test_nhs\NHS370.png,0,0.0248087048530578,safe
./iccad-official\iccad1\test\test_nhs\NHS371.png,0,0.0078805088996887,safe
./iccad-official\iccad1\test\test_nhs\NHS372.png,0,0.0172288417816162,safe
./iccad-official\iccad1\test\test_nhs\NHS373.png,0,0.0036553740501403,safe
./iccad-official\iccad1\test\test_nhs\NHS374.png,0,0.0117465257644653,safe
./iccad-official\iccad1\test\test_nhs\NHS375.png,0,0.0032594799995422,safe
./iccad-official\iccad1\test\test_nhs\NHS376.png,0,0.0161267518997192,safe
./iccad-official\iccad1\test\test_nhs\NHS377.png,0,0.0203816890716552,safe
./iccad-official\iccad1\test\test_nhs\NHS378.png,0,0.0161267518997192,safe
./iccad-official\iccad1\test\test_nhs\NHS379.png,0,0.0303114056587219,safe
./iccad-official\iccad1\test\test_nhs\NHS38.png1.png,0,0.086426556110382,safe
./iccad-official\iccad1\test\test_nhs\NHS38.png2.png,0,0.0577054023742675,safe
./iccad-official\iccad1\test\test_nhs\NHS38.png3.png,0,0.0216460227966308,safe
./iccad-official\iccad1\test\test_nhs\NHS38.png4.png,0,0.04695326089859,safe
./iccad-official\iccad1\test\test_nhs\NHS38.png6.png,0,0.5604933798313141,needs_check
./iccad-official\iccad1\test\test_nhs\NHS38.png7.png,0,0.0445321202278137,safe
./iccad-official\iccad1\test\test_nhs\NHS38.png8.png,0,0.0590280294418334,safe
./iccad-official\iccad1\test\test_nhs\NHS38.png9.png,0,0.2626465559005737,safe
./iccad-official\iccad1\test\test_nhs\NHS380.png,0,0.0071099400520324,safe
./iccad-official\iccad1\test\test_nhs\NHS381.png,0,0.005603551864624,safe
./iccad-official\iccad1\test\test_nhs\NHS382.png,0,0.017081081867218,safe
./iccad-official\iccad1\test\test_nhs\NHS383.png,0,0.0238403677940368,safe
./iccad-official\iccad1\test\test_nhs\NHS384.png,0,0.0335920453071594,safe
./iccad-official\iccad1\test\test_nhs\NHS385.png,0,0.0227959752082824,safe
./iccad-official\iccad1\test\test_nhs\NHS386.png,0,0.0077065825462341,safe
./iccad-official\iccad1\test\test_nhs\NHS387.png,0,0.0161267518997192,safe
./iccad-official\iccad1\test\test_nhs\NHS388.png,0,0.0061832070350646,safe
./iccad-official\iccad1\test\test_nhs\NHS389.png,0,0.0147600769996643,safe
./iccad-official\iccad1\test\test_nhs\NHS39.png1.png,0,0.057918906211853,safe
./iccad-official\iccad1\test\test_nhs\NHS39.png2.png,0,0.057918906211853,safe
./iccad-official\iccad1\test\test_nhs\NHS39.png3.png,0,0.057918906211853,safe
./iccad-official\iccad1\test\test_nhs\NHS39.png4.png,0,0.6346931159496307,needs_check
./iccad-official\iccad1\test\test_nhs\NHS39.png6.png,0,0.8135915696620941,risky
./iccad-official\iccad1\test\test_nhs\NHS39.png7.png,0,0.0793178081512451,safe
./iccad-official\iccad1\test\test_nhs\NHS39.png8.png,0,0.0293411612510681,safe
./iccad-official\iccad1\test\test_nhs\NHS39.png9.png,0,0.0293411612510681,safe
./iccad-official\iccad1\test\test_nhs\NHS390.png,0,0.0035216212272644,safe
./iccad-official\iccad1\test\test_nhs\NHS391.png,0,0.0090119838714599,safe
./iccad-official\iccad1\test\test_nhs\NHS392.png,0,0.0293975472450256,safe
./iccad-official\iccad1\test\test_nhs\NHS393.png,0,0.0033146142959594,safe
./iccad-official\iccad1\test\test_nhs\NHS394.png,0,0.0161267518997192,safe
./iccad-official\iccad1\test\test_nhs\NHS395.png,0,0.0025761723518371,safe
./iccad-official\iccad1\test\test_nhs\NHS396.png,0,0.0065432786941528,safe
./iccad-official\iccad1\test\test_nhs\NHS397.png,0,0.0423239469528198,safe
./iccad-official\iccad1\test\test_nhs\NHS398.png,0,0.0161267518997192,safe
./iccad-official\iccad1\test\test_nhs\NHS399.png,0,0.0161267518997192,safe
./iccad-official\iccad1\test\test_nhs\NHS4.png1.png,0,0.0402334332466125,safe
./iccad-official\iccad1\test\test_nhs\NHS4.png2.png,0,0.0609899759292602,safe
./iccad-official\iccad1\test\test_nhs\NHS4.png3.png,0,0.0948015451431274,safe
./iccad-official\iccad1\test\test_nhs\NHS4.png4.png,0,0.0120816230773925,safe
./iccad-official\iccad1\test\test_nhs\NHS4.png6.png,0,0.0212964415550231,safe
./iccad-official\iccad1\test\test_nhs\NHS4.png7.png,0,0.187579333782196,safe
./iccad-official\iccad1\test\test_nhs\NHS4.png8.png,0,0.2059571146965026,safe
./iccad-official\iccad1\test\test_nhs\NHS4.png9.png,0,0.100247323513031,safe
./iccad-official\iccad1\test\test_nhs\NHS40.png1.png,0,0.1110244989395141,safe
./iccad-official\iccad1\test\test_nhs\NHS40.png2.png,0,0.1110244989395141,safe
./iccad-official\iccad1\test\test_nhs\NHS40.png3.png,0,0.1110244989395141,safe
./iccad-official\iccad1\test\test_nhs\NHS40.png4.png,0,0.1931047439575195,safe
./iccad-official\iccad1\test\test_nhs\NHS40.png6.png,0,0.1679710149765014,safe
./iccad-official\iccad1\test\test_nhs\NHS40.png7.png,0,0.1450780630111694,safe
./iccad-official\iccad1\test\test_nhs\NHS40.png8.png,0,0.4481358528137207,needs_check
./iccad-official\iccad1\test\test_nhs\NHS40.png9.png,0,0.3399682641029358,needs_check
./iccad-official\iccad1\test\test_nhs\NHS400.png,0,0.058505892753601,safe
./iccad-official\iccad1\test\test_nhs\NHS401.png,0,0.0031983852386474,safe
./iccad-official\iccad1\test\test_nhs\NHS402.png,0,0.0161267518997192,safe
./iccad-official\iccad1\test\test_nhs\NHS403.png,0,0.0122821331024169,safe
./iccad-official\iccad1\test\test_nhs\NHS404.png,0,0.0161267518997192,safe
./iccad-official\iccad1\test\test_nhs\NHS405.png,0,0.0320470333099365,safe
./iccad-official\iccad1\test\test_nhs\NHS406.png,0,0.0052669644355773,safe
./iccad-official\iccad1\test\test_nhs\NHS407.png,0,0.0048510432243347,safe
./iccad-official\iccad1\test\test_nhs\NHS408.png,0,0.0145182013511657,safe
./iccad-official\iccad1\test\test_nhs\NHS409.png,0,0.0189070701599121,safe
./iccad-official\iccad1\test\test_nhs\NHS41.png1.png,0,0.6108410060405731,needs_check
./iccad-official\iccad1\test\test_nhs\NHS41.png2.png,0,0.0917622447013855,safe
./iccad-official\iccad1\test\test_nhs\NHS41.png3.png,0,0.077791154384613,safe
./iccad-official\iccad1\test\test_nhs\NHS41.png4.png,0,0.0472519397735595,safe
./iccad-official\iccad1\test\test_nhs\NHS41.png6.png,0,0.1093658804893493,safe
./iccad-official\iccad1\test\test_nhs\NHS41.png7.png,0,0.0590280294418334,safe
./iccad-official\iccad1\test\test_nhs\NHS41.png8.png,0,0.040555715560913,safe
./iccad-official\iccad1\test\test_nhs\NHS41.png9.png,0,0.040555715560913,safe
./iccad-official\iccad1\test\test_nhs\NHS410.png,0,0.0023002624511718,safe
./iccad-official\iccad1\test\test_nhs\NHS411.png,0,0.0268500447273254,safe
./iccad-official\iccad1\test\test_nhs\NHS412.png,0,0.0078805088996887,safe
./iccad-official\iccad1\test\test_nhs\NHS413.png,0,0.0305427908897399,safe
./iccad-official\iccad1\test\test_nhs\NHS414.png,0,0.0283544659614563,safe
./iccad-official\iccad1\test\test_nhs\NHS415.png,0,0.0161267518997192,safe
./iccad-official\iccad1\test\test_nhs\NHS416.png,0,0.0082479119300842,safe
./iccad-official\iccad1\test\test_nhs\NHS417.png,0,0.0130028128623962,safe
./iccad-official\iccad1\test\test_nhs\NHS418.png,0,0.0161267518997192,safe
./iccad-official\iccad1\test\test_nhs\NHS419.png,0,0.0161267518997192,safe
./iccad-official\iccad1\test\test_nhs\NHS42.png1.png,0,0.1437833309173584,safe
./iccad-official\iccad1\test\test_nhs\NHS42.png2.png,0,0.2225741744041443,safe
./iccad-official\iccad1\test\test_nhs\NHS42.png3.png,0,0.2207207679748535,safe
./iccad-official\iccad1\test\test_nhs\NHS42.png4.png,0,0.317605972290039,needs_check
./iccad-official\iccad1\test\test_nhs\NHS42.png6.png,0,0.3957973718643188,needs_check
./iccad-official\iccad1\test\test_nhs\NHS42.png7.png,0,0.1383476257324218,safe
./iccad-official\iccad1\test\test_nhs\NHS42.png8.png,0,0.1087478399276733,safe
./iccad-official\iccad1\test\test_nhs\NHS42.png9.png,0,0.1087478399276733,safe
./iccad-official\iccad1\test\test_nhs\NHS420.png,0,0.0344536304473876,safe
./iccad-official\iccad1\test\test_nhs\NHS421.png,0,0.0183781385421752,safe
./iccad-official\iccad1\test\test_nhs\NHS422.png,0,0.0085353255271911,safe
./iccad-official\iccad1\test\test_nhs\NHS423.png,0,0.0332594513893127,safe
./iccad-official\iccad1\test\test_nhs\NHS424.png,0,0.0161267518997192,safe
./iccad-official\iccad1\test\test_nhs\NHS425.png,0,0.0230737328529357,safe
./iccad-official\iccad1\test\test_nhs\NHS426.png,0,0.0072377324104309,safe
./iccad-official\iccad1\test\test_nhs\NHS427.png,0,0.0023764371871948,safe
./iccad-official\iccad1\test\test_nhs\NHS428.png,0,0.0218870639801025,safe
./iccad-official\iccad1\test\test_nhs\NHS429.png,0,0.0164898037910461,safe
./iccad-official\iccad1\test\test_nhs\NHS43.png1.png,0,0.0784628987312316,safe
./iccad-official\iccad1\test\test_nhs\NHS43.png2.png,0,0.0784628987312316,safe
./iccad-official\iccad1\test\test_nhs\NHS43.png3.png,0,0.0784628987312316,safe
./iccad-official\iccad1\test\test_nhs\NHS43.png4.png,0,0.1247222423553466,safe
./iccad-official\iccad1\test\test_nhs\NHS43.png6.png,0,0.0836771130561828,safe
./iccad-official\iccad1\test\test_nhs\NHS43.png7.png,0,0.0317751169204711,safe
./iccad-official\iccad1\test\test_nhs\NHS43.png8.png,0,0.0317751169204711,safe
./iccad-official\iccad1\test\test_nhs\NHS43.png9.png,0,0.0317751169204711,safe
./iccad-official\iccad1\test\test_nhs\NHS430.png,0,0.0147001147270202,safe
./iccad-official\iccad1\test\test_nhs\NHS431.png,0,0.0147600769996643,safe
./iccad-official\iccad1\test\test_nhs\NHS432.png,0,0.0032266974449157,safe
./iccad-official\iccad1\test\test_nhs\NHS433.png,0,0.0161267518997192,safe
./iccad-official\iccad1\test\test_nhs\NHS434.png,0,0.0161267518997192,safe
./iccad-official\iccad1\test\test_nhs\NHS435.png,0,0.0064365863800048,safe
./iccad-official\iccad1\test\test_nhs\NHS436.png,0,0.0023596286773681,safe
./iccad-official\iccad1\test\test_nhs\NHS437.png,0,0.0267032384872436,safe
./iccad-official\iccad1\test\test_nhs\NHS438.png,0,0.0232526063919067,safe
./iccad-official\iccad1\test\test_nhs\NHS439.png,0,0.0248087048530578,safe
./iccad-official\iccad1\test\test_nhs\NHS44.png1.png,0,0.0586183071136474,safe
./iccad-official\iccad1\test\test_nhs\NHS44.png2.png,0,0.0586183071136474,safe
./iccad-official\iccad1\test\test_nhs\NHS44.png3.png,0,0.0586183071136474,safe
./iccad-official\iccad1\test\test_nhs\NHS44.png4.png,0,0.3114997744560241,needs_check
./iccad-official\iccad1\test\test_nhs\NHS44.png6.png,0,0.0821785926818847,safe
./iccad-official\iccad1\test\test_nhs\NHS44.png7.png,0,0.3011217713356018,needs_check
./iccad-official\iccad1\test\test_nhs\NHS44.png8.png,0,0.3934133052825928,needs_check
./iccad-official\iccad1\test\test_nhs\NHS44.png9.png,0,0.3713617324829101,needs_check
./iccad-official\iccad1\test\test_nhs\NHS440.png,0,0.0248087048530578,safe
./iccad-official\iccad1\test\test_nhs\NHS441.png,0,0.0122430324554443,safe
./iccad-official\iccad1\test\test_nhs\NHS442.png,0,0.0161267518997192,safe
./iccad-official\iccad1\test\test_nhs\NHS443.png,0,0.0169236063957214,safe
./iccad-official\iccad1\test\test_nhs\NHS444.png,0,0.0061953663825988,safe
./iccad-official\iccad1\test\test_nhs\NHS445.png,0,0.0020908117294311,safe
./iccad-official\iccad1\test\test_nhs\NHS446.png,0,0.0335920453071594,safe
./iccad-official\iccad1\test\test_nhs\NHS447.png,0,0.0064376592636108,safe
./iccad-official\iccad1\test\test_nhs\NHS448.png,0,0.0230737328529357,safe
./iccad-official\iccad1\test\test_nhs\NHS449.png,0,0.0078805088996887,safe
./iccad-official\iccad1\test\test_nhs\NHS45.png1.png,0,0.3467364907264709,needs_check
./iccad-official\iccad1\test\test_nhs\NHS45.png2.png,0,0.4137890338897705,needs_check
./iccad-official\iccad1\test\test_nhs\NHS45.png3.png,0,0.0138320922851562,safe
./iccad-official\iccad1\test\test_nhs\NHS45.png4.png,0,0.048361599445343,safe
./iccad-official\iccad1\test\test_nhs\NHS45.png6.png,0,0.0138320922851562,safe
./iccad-official\iccad1\test\test_nhs\NHS45.png7.png,0,0.0760554075241088,safe
./iccad-official\iccad1\test\test_nhs\NHS45.png8.png,0,0.0343044400215148,safe
./iccad-official\iccad1\test\test_nhs\NHS45.png9.png,0,0.0138320922851562,safe
./iccad-official\iccad1\test\test_nhs\NHS450.png,0,0.0045472979545593,safe
./iccad-official\iccad1\test\test_nhs\NHS451.png,0,0.0031896233558654,safe
./iccad-official\iccad1\test\test_nhs\NHS452.png,0,0.0079686641693115,safe
./iccad-official\iccad1\test\test_nhs\NHS453.png,0,0.001104712486267,safe
./iccad-official\iccad1\test\test_nhs\NHS454.png,0,0.0023002624511718,safe
./iccad-official\iccad1\test\test_nhs\NHS455.png,0,0.0161267518997192,safe
./iccad-official\iccad1\test\test_nhs\NHS456.png,0,0.0230737328529357,safe
./iccad-official\iccad1\test\test_nhs\NHS457.png,0,0.0043910145759582,safe
./iccad-official\iccad1\test\test_nhs\NHS458.png,0,0.0335920453071594,safe
./iccad-official\iccad1\test\test_nhs\NHS459.png,0,0.0071592926979064,safe
./iccad-official\iccad1\test\test_nhs\NHS46.png1.png,0,0.0703100562095642,safe
./iccad-official\iccad1\test\test_nhs\NHS46.png2.png,0,0.0746713280677795,safe
./iccad-official\iccad1\test\test_nhs\NHS46.png3.png,0,0.0104903578758239,safe
./iccad-official\iccad1\test\test_nhs\NHS46.png4.png,0,0.7343127131462097,risky
./iccad-official\iccad1\test\test_nhs\NHS46.png6.png,0,0.5898243486881256,needs_check
./iccad-official\iccad1\test\test_nhs\NHS46.png7.png,0,0.1513587236404419,safe
./iccad-official\iccad1\test\test_nhs\NHS46.png8.png,0,0.0959134101867675,safe
./iccad-official\iccad1\test\test_nhs\NHS46.png9.png,0,0.0667551755905151,safe
./iccad-official\iccad1\test\test_nhs\NHS460.png,0,0.0230737328529357,safe
./iccad-official\iccad1\test\test_nhs\NHS461.png,0,0.0072377324104309,safe
./iccad-official\iccad1\test\test_nhs\NHS462.png,0,0.045767068862915,safe
./iccad-official\iccad1\test\test_nhs\NHS463.png,0,0.0161267518997192,safe
./iccad-official\iccad1\test\test_nhs\NHS464.png,0,0.0238403677940368,safe
./iccad-official\iccad1\test\test_nhs\NHS465.png,0,0.0013689994812011,safe
./iccad-official\iccad1\test\test_nhs\NHS466.png,0,0.0112606883049011,safe
./iccad-official\iccad1\test\test_nhs\NHS467.png,0,0.0090655088424682,safe
./iccad-official\iccad1\test\test_nhs\NHS468.png,0,0.0164393186569213,safe
./iccad-official\iccad1\test\test_nhs\NHS469.png,0,0.0039889812469482,safe
./iccad-official\iccad1\test\test_nhs\NHS47.png1.png,0,0.0035732388496398,safe
./iccad-official\iccad1\test\test_nhs\NHS47.png2.png,0,0.0026067495346069,safe
./iccad-official\iccad1\test\test_nhs\NHS47.png3.png,0,0.0035732388496398,safe
./iccad-official\iccad1\test\test_nhs\NHS47.png4.png,0,0.5884705483913422,needs_check
./iccad-official\iccad1\test\test_nhs\NHS47.png6.png,0,0.5884705483913422,needs_check
./iccad-official\iccad1\test\test_nhs\NHS47.png7.png,0,0.0233266949653625,safe
./iccad-official\iccad1\test\test_nhs\NHS47.png8.png,0,0.0224834084510803,safe
./iccad-official\iccad1\test\test_nhs\NHS47.png9.png,0,0.0233266949653625,safe
./iccad-official\iccad1\test\test_nhs\NHS470.png,0,0.0074455738067626,safe
./iccad-official\iccad1\test\test_nhs\NHS471.png,0,0.0161267518997192,safe
./iccad-official\iccad1\test\test_nhs\NHS472.png,0,0.0074455738067626,safe
./iccad-official\iccad1\test\test_nhs\NHS473.png,0,0.0032266974449157,safe
./iccad-official\iccad1\test\test_nhs\NHS474.png,0,0.0080757141113281,safe
./iccad-official\iccad1\test\test_nhs\NHS475.png,0,0.0014641880989074,safe
./iccad-official\iccad1\test\test_nhs\NHS476.png,0,0.0035925507545471,safe
./iccad-official\iccad1\test\test_nhs\NHS477.png,0,0.0218907594680786,safe
./iccad-official\iccad1\test\test_nhs\NHS478.png,0,0.0078805088996887,safe
./iccad-official\iccad1\test\test_nhs\NHS479.png,0,0.0159553289413452,safe
./iccad-official\iccad1\test\test_nhs\NHS48.png1.png,0,0.0161138772964477,safe
./iccad-official\iccad1\test\test_nhs\NHS48.png2.png,0,0.013656198978424,safe
./iccad-official\iccad1\test\test_nhs\NHS48.png3.png,0,0.0161871314048767,safe
./iccad-official\iccad1\test\test_nhs\NHS48.png4.png,0,0.1428084969520568,safe
./iccad-official\iccad1\test\test_nhs\NHS48.png6.png,0,0.1951456665992736,safe
./iccad-official\iccad1\test\test_nhs\NHS48.png7.png,0,0.1815383434295654,safe
./iccad-official\iccad1\test\test_nhs\NHS48.png8.png,0,0.2251737117767334,safe
./iccad-official\iccad1\test\test_nhs\NHS48.png9.png,0,0.1041313409805297,safe
./iccad-official\iccad1\test\test_nhs\NHS480.png,0,0.0348800420761108,safe
./iccad-official\iccad1\test\test_nhs\NHS481.png,0,0.0161267518997192,safe
./iccad-official\iccad1\test\test_nhs\NHS482.png,0,0.0404348373413085,safe
./iccad-official\iccad1\test\test_nhs\NHS483.png,0,0.012703537940979,safe
./iccad-official\iccad1\test\test_nhs\NHS484.png,0,0.0130630135536193,safe
./iccad-official\iccad1\test\test_nhs\NHS485.png,0,0.0191926956176757,safe
./iccad-official\iccad1\test\test_nhs\NHS486.png,0,0.0062076449394226,safe
./iccad-official\iccad1\test\test_nhs\NHS487.png,0,0.0196694731712341,safe
./iccad-official\iccad1\test\test_nhs\NHS488.png,0,0.0112606883049011,safe
./iccad-official\iccad1\test\test_nhs\NHS489.png,0,0.0216087698936462,safe
./iccad-official\iccad1\test\test_nhs\NHS49.png1.png,0,0.3989103436470032,needs_check
./iccad-official\iccad1\test\test_nhs\NHS49.png2.png,0,0.3404592275619507,needs_check
./iccad-official\iccad1\test\test_nhs\NHS49.png3.png,0,0.5140602290630341,needs_check
./iccad-official\iccad1\test\test_nhs\NHS49.png4.png,0,0.3536070585250854,needs_check
./iccad-official\iccad1\test\test_nhs\NHS49.png6.png,0,0.273434042930603,safe
./iccad-official\iccad1\test\test_nhs\NHS49.png7.png,0,0.0195506811141967,safe
./iccad-official\iccad1\test\test_nhs\NHS49.png8.png,0,0.0293411612510681,safe
./iccad-official\iccad1\test\test_nhs\NHS49.png9.png,0,0.0293411612510681,safe
./iccad-official\iccad1\test\test_nhs\NHS490.png,0,0.0087101459503173,safe
./iccad-official\iccad1\test\test_nhs\NHS491.png,0,0.0080839395523071,safe
./iccad-official\iccad1\test\test_nhs\NHS492.png,0,0.0190982222557067,safe
./iccad-official\iccad1\test\test_nhs\NHS493.png,0,0.0248087048530578,safe
./iccad-official\iccad1\test\test_nhs\NHS494.png,0,0.0078805088996887,safe
./iccad-official\iccad1\test\test_nhs\NHS495.png,0,0.0218586325645446,safe
./iccad-official\iccad1\test\test_nhs\NHS496.png,0,0.0025665760040283,safe
./iccad-official\iccad1\test\test_nhs\NHS497.png,0,0.006525695323944,safe
./iccad-official\iccad1\test\test_nhs\NHS498.png,0,0.0161267518997192,safe
./iccad-official\iccad1\test\test_nhs\NHS499.png,0,0.0230737328529357,safe
./iccad-official\iccad1\test\test_nhs\NHS5.png1.png,0,0.0944783687591552,safe
./iccad-official\iccad1\test\test_nhs\NHS5.png2.png,0,0.0716872215270996,safe
./iccad-official\iccad1\test\test_nhs\NHS5.png3.png,0,0.0688049793243408,safe
./iccad-official\iccad1\test\test_nhs\NHS5.png4.png,0,0.0448008775711059,safe
./iccad-official\iccad1\test\test_nhs\NHS5.png6.png,0,0.0320965051651001,safe
./iccad-official\iccad1\test\test_nhs\NHS5.png7.png,0,0.197701096534729,safe
./iccad-official\iccad1\test\test_nhs\NHS5.png8.png,0,0.197701096534729,safe
./iccad-official\iccad1\test\test_nhs\NHS5.png9.png,0,0.197701096534729,safe
./iccad-official\iccad1\test\test_nhs\NHS50.png1.png,0,0.0104903578758239,safe
./iccad-official\iccad1\test\test_nhs\NHS50.png2.png,0,0.0155810117721557,safe
./iccad-official\iccad1\test\test_nhs\NHS50.png3.png,0,0.0137208104133605,safe
./iccad-official\iccad1\test\test_nhs\NHS50.png4.png,0,0.197701096534729,safe
./iccad-official\iccad1\test\test_nhs\NHS50.png6.png,0,0.0374484062194824,safe
./iccad-official\iccad1\test\test_nhs\NHS50.png7.png,0,0.0922562479972839,safe
./iccad-official\iccad1\test\test_nhs\NHS50.png8.png,0,0.2128635644912719,safe
./iccad-official\iccad1\test\test_nhs\NHS50.png9.png,0,0.2128635644912719,safe
./iccad-official\iccad1\test\test_nhs\NHS500.png,0,0.0161267518997192,safe
./iccad-official\iccad1\test\test_nhs\NHS501.png,0,0.0028076171875,safe
./iccad-official\iccad1\test\test_nhs\NHS502.png,0,0.0540816783905029,safe
./iccad-official\iccad1\test\test_nhs\NHS503.png,0,0.0161267518997192,safe
./iccad-official\iccad1\test\test_nhs\NHS504.png,0,0.0066415667533874,safe
./iccad-official\iccad1\test\test_nhs\NHS505.png,0,0.0158241987228393,safe
./iccad-official\iccad1\test\test_nhs\NHS506.png,0,0.0147600769996643,safe
./iccad-official\iccad1\test\test_nhs\NHS507.png,0,0.0161267518997192,safe
./iccad-official\iccad1\test\test_nhs\NHS508.png,0,0.0091182589530944,safe
./iccad-official\iccad1\test\test_nhs\NHS509.png,0,0.0332594513893127,safe
./iccad-official\iccad1\test\test_nhs\NHS51.png1.png,0,0.0034644603729248,safe
./iccad-official\iccad1\test\test_nhs\NHS51.png2.png,0,0.0035732388496398,safe
./iccad-official\iccad1\test\test_nhs\NHS51.png3.png,0,0.0035732388496398,safe
./iccad-official\iccad1\test\test_nhs\NHS51.png4.png,0,0.5301412642002106,needs_check
./iccad-official\iccad1\test\test_nhs\NHS51.png6.png,0,0.2066720724105835,safe
./iccad-official\iccad1\test\test_nhs\NHS51.png7.png,0,0.0233266949653625,safe
./iccad-official\iccad1\test\test_nhs\NHS51.png8.png,0,0.0233266949653625,safe
./iccad-official\iccad1\test\test_nhs\NHS51.png9.png,0,0.0233266949653625,safe
./iccad-official\iccad1\test\test_nhs\NHS510.png,0,0.0097712874412536,safe
./iccad-official\iccad1\test\test_nhs\NHS511.png,0,0.0242159366607666,safe
./iccad-official\iccad1\test\test_nhs\NHS512.png,0,0.032052457332611,safe
./iccad-official\iccad1\test\test_nhs\NHS513.png,0,0.0161267518997192,safe
./iccad-official\iccad1\test\test_nhs\NHS514.png,0,0.0078805088996887,safe
./iccad-official\iccad1\test\test_nhs\NHS515.png,0,0.0023002624511718,safe
./iccad-official\iccad1\test\test_nhs\NHS516.png,0,0.0540816783905029,safe
./iccad-official\iccad1\test\test_nhs\NHS517.png,0,0.0176507830619812,safe
./iccad-official\iccad1\test\test_nhs\NHS518.png,0,0.0161267518997192,safe
./iccad-official\iccad1\test\test_nhs\NHS519.png,0,0.0072377324104309,safe
./iccad-official\iccad1\test\test_nhs\NHS52.png1.png,0,0.0035732388496398,safe
./iccad-official\iccad1\test\test_nhs\NHS52.png2.png,0,0.0035732388496398,safe
./iccad-official\iccad1\test\test_nhs\NHS52.png3.png,0,0.0035732388496398,safe
./iccad-official\iccad1\test\test_nhs\NHS52.png4.png,0,0.151875615119934,safe
./iccad-official\iccad1\test\test_nhs\NHS52.png6.png,0,0.2889807224273681,safe
./iccad-official\iccad1\test\test_nhs\NHS52.png7.png,0,0.0790557861328125,safe
./iccad-official\iccad1\test\test_nhs\NHS52.png8.png,0,0.0199742913246154,safe
./iccad-official\iccad1\test\test_nhs\NHS52.png9.png,0,0.0233266949653625,safe
./iccad-official\iccad1\test\test_nhs\NHS520.png,0,0.0033289790153503,safe
./iccad-official\iccad1\test\test_nhs\NHS521.png,0,0.0161267518997192,safe
./iccad-official\iccad1\test\test_nhs\NHS522.png,0,0.0032266974449157,safe
./iccad-official\iccad1\test\test_nhs\NHS523.png,0,0.004652976989746,safe
./iccad-official\iccad1\test\test_nhs\NHS524.png,0,0.0274781584739685,safe
./iccad-official\iccad1\test\test_nhs\NHS525.png,0,0.0238403677940368,safe
./iccad-official\iccad1\test\test_nhs\NHS526.png,0,0.0078805088996887,safe
./iccad-official\iccad1\test\test_nhs\NHS527.png,0,0.0045472979545593,safe
./iccad-official\iccad1\test\test_nhs\NHS528.png,0,0.0238403677940368,safe
./iccad-official\iccad1\test\test_nhs\NHS529.png,0,0.0324355959892272,safe
./iccad-official\iccad1\test\test_nhs\NHS53.png1.png,0,0.0688049793243408,safe
./iccad-official\iccad1\test\test_nhs\NHS53.png2.png,0,0.0696933269500732,safe
./iccad-official\iccad1\test\test_nhs\NHS53.png3.png,0,0.0692748427391052,safe
./iccad-official\iccad1\test\test_nhs\NHS53.png4.png,0,0.064564824104309,safe
./iccad-official\iccad1\test\test_nhs\NHS53.png6.png,0,0.0173097848892211,safe
./iccad-official\iccad1\test\test_nhs\NHS53.png7.png,0,0.0472519397735595,safe
./iccad-official\iccad1\test\test_nhs\NHS53.png8.png,0,0.0472519397735595,safe
./iccad-official\iccad1\test\test_nhs\NHS53.png9.png,0,0.0443071722984313,safe
./iccad-official\iccad1\test\test_nhs\NHS530.png,0,0.0051156878471374,safe
./iccad-official\iccad1\test\test_nhs\NHS531.png,0,0.005581259727478,safe
./iccad-official\iccad1\test\test_nhs\NHS532.png,0,0.0238403677940368,safe
./iccad-official\iccad1\test\test_nhs\NHS533.png,0,0.0335920453071594,safe
./iccad-official\iccad1\test\test_nhs\NHS534.png,0,0.0161267518997192,safe
./iccad-official\iccad1\test\test_nhs\NHS535.png,0,0.0024696588516235,safe
./iccad-official\iccad1\test\test_nhs\NHS536.png,0,0.0117806792259216,safe
./iccad-official\iccad1\test\test_nhs\NHS537.png,0,0.0135179162025451,safe
./iccad-official\iccad1\test\test_nhs\NHS538.png,0,0.0070794820785522,safe
./iccad-official\iccad1\test\test_nhs\NHS539.png,0,0.0161267518997192,safe
./iccad-official\iccad1\test\test_nhs\NHS54.png1.png,0,0.0658261775970459,safe
./iccad-official\iccad1\test\test_nhs\NHS54.png2.png,0,0.0658261775970459,safe
./iccad-official\iccad1\test\test_nhs\NHS54.png3.png,0,0.0658261775970459,safe
./iccad-official\iccad1\test\test_nhs\NHS54.png4.png,0,0.6537902653217316,needs_check
./iccad-official\iccad1\test\test_nhs\NHS54.png6.png,0,0.6537902653217316,needs_check
./iccad-official\iccad1\test\test_nhs\NHS54.png7.png,0,0.2186294794082641,safe
./iccad-official\iccad1\test\test_nhs\NHS54.png8.png,0,0.2266930341720581,safe
./iccad-official\iccad1\test\test_nhs\NHS54.png9.png,0,0.151878535747528,safe
./iccad-official\iccad1\test\test_nhs\NHS540.png,0,0.0161267518997192,safe
./iccad-official\iccad1\test\test_nhs\NHS541.png,0,0.0161267518997192,safe
./iccad-official\iccad1\test\test_nhs\NHS542.png,0,0.0161267518997192,safe
./iccad-official\iccad1\test\test_nhs\NHS543.png,0,0.0137472748756408,safe
./iccad-official\iccad1\test\test_nhs\NHS544.png,0,0.0161267518997192,safe
./iccad-official\iccad1\test\test_nhs\NHS55.png1.png,0,0.1678370237350464,safe
./iccad-official\iccad1\test\test_nhs\NHS55.png2.png,0,0.1407135725021362,safe
./iccad-official\iccad1\test\test_nhs\NHS55.png3.png,0,0.2834081649780273,safe
./iccad-official\iccad1\test\test_nhs\NHS55.png4.png,0,0.6979756355285645,needs_check
./iccad-official\iccad1\test\test_nhs\NHS55.png6.png,0,0.5856005251407623,needs_check
./iccad-official\iccad1\test\test_nhs\NHS55.png7.png,0,0.0335415005683898,safe
./iccad-official\iccad1\test\test_nhs\NHS55.png8.png,0,0.0221822261810302,safe
./iccad-official\iccad1\test\test_nhs\NHS55.png9.png,0,0.0293411612510681,safe
./iccad-official\iccad1\test\test_nhs\NHS56.png1.png,0,0.0104903578758239,safe
./iccad-official\iccad1\test\test_nhs\NHS56.png2.png,0,0.0104903578758239,safe
./iccad-official\iccad1\test\test_nhs\NHS56.png3.png,0,0.3001331090927124,needs_check
./iccad-official\iccad1\test\test_nhs\NHS56.png4.png,0,0.2993640899658203,safe
./iccad-official\iccad1\test\test_nhs\NHS56.png6.png,0,0.0472519397735595,safe
./iccad-official\iccad1\test\test_nhs\NHS56.png7.png,0,0.0688049793243408,safe
./iccad-official\iccad1\test\test_nhs\NHS56.png8.png,0,0.1025148034095764,safe
./iccad-official\iccad1\test\test_nhs\NHS56.png9.png,0,0.0688049793243408,safe
./iccad-official\iccad1\test\test_nhs\NHS57.png1.png,0,0.1462398767471313,safe
./iccad-official\iccad1\test\test_nhs\NHS57.png2.png,0,0.1462398767471313,safe
./iccad-official\iccad1\test\test_nhs\NHS57.png3.png,0,0.1462399363517761,safe
./iccad-official\iccad1\test\test_nhs\NHS57.png4.png,0,0.2481902837753296,safe
./iccad-official\iccad1\test\test_nhs\NHS57.png6.png,0,0.3467097282409668,needs_check
./iccad-official\iccad1\test\test_nhs\NHS57.png7.png,0,0.0561726093292236,safe
./iccad-official\iccad1\test\test_nhs\NHS57.png8.png,0,0.0527703762054443,safe
./iccad-official\iccad1\test\test_nhs\NHS57.png9.png,0,0.0559313893318176,safe
./iccad-official\iccad1\test\test_nhs\NHS58.png1.png,0,0.0266724824905395,safe
./iccad-official\iccad1\test\test_nhs\NHS58.png2.png,0,0.0266724824905395,safe
./iccad-official\iccad1\test\test_nhs\NHS58.png3.png,0,0.0266724824905395,safe
./iccad-official\iccad1\test\test_nhs\NHS58.png4.png,0,0.3384671211242676,needs_check
./iccad-official\iccad1\test\test_nhs\NHS58.png6.png,0,0.8153452724218369,risky
./iccad-official\iccad1\test\test_nhs\NHS58.png7.png,0,0.162645161151886,safe
./iccad-official\iccad1\test\test_nhs\NHS58.png8.png,0,0.4422776699066162,needs_check
./iccad-official\iccad1\test\test_nhs\NHS58.png9.png,0,0.706427127122879,risky
./iccad-official\iccad1\test\test_nhs\NHS59.png1.png,0,0.2483089566230774,safe
./iccad-official\iccad1\test\test_nhs\NHS59.png2.png,0,0.1427562236785888,safe
./iccad-official\iccad1\test\test_nhs\NHS59.png3.png,0,0.0688049793243408,safe
./iccad-official\iccad1\test\test_nhs\NHS59.png4.png,0,0.4058484435081482,needs_check
./iccad-official\iccad1\test\test_nhs\NHS59.png6.png,0,0.0445219278335571,safe
./iccad-official\iccad1\test\test_nhs\NHS59.png7.png,0,0.1233949065208435,safe
./iccad-official\iccad1\test\test_nhs\NHS59.png8.png,0,0.1233949065208435,safe
./iccad-official\iccad1\test\test_nhs\NHS59.png9.png,0,0.1233949065208435,safe
./iccad-official\iccad1\test\test_nhs\NHS6.png1.png,0,0.0740061998367309,safe
./iccad-official\iccad1\test\test_nhs\NHS6.png2.png,0,0.0104903578758239,safe
./iccad-official\iccad1\test\test_nhs\NHS6.png3.png,0,0.0104903578758239,safe
./iccad-official\iccad1\test\test_nhs\NHS6.png4.png,0,0.0713206529617309,safe
./iccad-official\iccad1\test\test_nhs\NHS6.png6.png,0,0.3894333243370056,needs_check
./iccad-official\iccad1\test\test_nhs\NHS6.png7.png,0,0.3353738784790039,needs_check
./iccad-official\iccad1\test\test_nhs\NHS6.png8.png,0,0.189593493938446,safe
./iccad-official\iccad1\test\test_nhs\NHS6.png9.png,0,0.189593493938446,safe
./iccad-official\iccad1\test\test_nhs\NHS60.png1.png,0,0.2229819893836975,safe
./iccad-official\iccad1\test\test_nhs\NHS60.png2.png,0,0.189593493938446,safe
./iccad-official\iccad1\test\test_nhs\NHS60.png3.png,0,0.1895934343338012,safe
./iccad-official\iccad1\test\test_nhs\NHS60.png4.png,0,0.0435869693756103,safe
./iccad-official\iccad1\test\test_nhs\NHS60.png6.png,0,0.1328685879707336,safe
./iccad-official\iccad1\test\test_nhs\NHS60.png7.png,0,0.1452025175094604,safe
./iccad-official\iccad1\test\test_nhs\NHS60.png8.png,0,0.1452025175094604,safe
./iccad-official\iccad1\test\test_nhs\NHS60.png9.png,0,0.1452025175094604,safe
./iccad-official\iccad1\test\test_nhs\NHS61.png1.png,0,0.1174005270004272,safe
./iccad-official\iccad1\test\test_nhs\NHS61.png2.png,0,0.1174005270004272,safe
./iccad-official\iccad1\test\test_nhs\NHS61.png3.png,0,0.1174005270004272,safe
./iccad-official\iccad1\test\test_nhs\NHS61.png4.png,0,0.0249195098876953,safe
./iccad-official\iccad1\test\test_nhs\NHS61.png6.png,0,0.5461446046829224,needs_check
./iccad-official\iccad1\test\test_nhs\NHS61.png7.png,0,0.1606928706169128,safe
./iccad-official\iccad1\test\test_nhs\NHS61.png8.png,0,0.160692811012268,safe
./iccad-official\iccad1\test\test_nhs\NHS61.png9.png,0,0.160692811012268,safe
./iccad-official\iccad1\test\test_nhs\NHS62.png1.png,0,0.3058840036392212,needs_check
./iccad-official\iccad1\test\test_nhs\NHS62.png2.png,0,0.2090520858764648,safe
./iccad-official\iccad1\test\test_nhs\NHS62.png3.png,0,0.2090520858764648,safe
./iccad-official\iccad1\test\test_nhs\NHS62.png4.png,0,0.402987003326416,needs_check
./iccad-official\iccad1\test\test_nhs\NHS62.png6.png,0,0.8153453469276428,risky
./iccad-official\iccad1\test\test_nhs\NHS62.png7.png,0,0.0989701151847839,safe
./iccad-official\iccad1\test\test_nhs\NHS62.png8.png,0,0.0339911580085754,safe
./iccad-official\iccad1\test\test_nhs\NHS62.png9.png,0,0.0753788352012634,safe
./iccad-official\iccad1\test\test_nhs\NHS63.png1.png,0,0.110667884349823,safe
./iccad-official\iccad1\test\test_nhs\NHS63.png2.png,0,0.0982443690299987,safe
./iccad-official\iccad1\test\test_nhs\NHS63.png3.png,0,0.1273646354675293,safe
./iccad-official\iccad1\test\test_nhs\NHS63.png4.png,0,0.7823403775691986,risky
./iccad-official\iccad1\test\test_nhs\NHS63.png6.png,0,0.4425169229507446,needs_check
./iccad-official\iccad1\test\test_nhs\NHS63.png7.png,0,0.0199130773544311,safe
./iccad-official\iccad1\test\test_nhs\NHS63.png8.png,0,0.057448387145996,safe
./iccad-official\iccad1\test\test_nhs\NHS63.png9.png,0,0.2478594779968261,safe
./iccad-official\iccad1\test\test_nhs\NHS64.png1.png,0,0.3199771642684936,needs_check
./iccad-official\iccad1\test\test_nhs\NHS64.png2.png,0,0.345034658908844,needs_check
./iccad-official\iccad1\test\test_nhs\NHS64.png3.png,0,0.1407135725021362,safe
./iccad-official\iccad1\test\test_nhs\NHS64.png4.png,0,0.2915229797363281,safe
./iccad-official\iccad1\test\test_nhs\NHS64.png6.png,0,0.717642068862915,risky
./iccad-official\iccad1\test\test_nhs\NHS64.png7.png,0,0.1443256139755249,safe
./iccad-official\iccad1\test\test_nhs\NHS64.png8.png,0,0.1842786073684692,safe
./iccad-official\iccad1\test\test_nhs\NHS64.png9.png,0,0.0772628784179687,safe
./iccad-official\iccad1\test\test_nhs\NHS65.png1.png,0,0.0104903578758239,safe
./iccad-official\iccad1\test\test_nhs\NHS65.png2.png,0,0.0104903578758239,safe
./iccad-official\iccad1\test\test_nhs\NHS65.png3.png,0,0.0104903578758239,safe
./iccad-official\iccad1\test\test_nhs\NHS65.png4.png,0,0.2550123929977417,safe
./iccad-official\iccad1\test\test_nhs\NHS65.png6.png,0,0.1990988850593567,safe
./iccad-official\iccad1\test\test_nhs\NHS65.png7.png,0,0.2385845184326172,safe
./iccad-official\iccad1\test\test_nhs\NHS65.png8.png,0,0.2846974730491638,safe
./iccad-official\iccad1\test\test_nhs\NHS65.png9.png,0,0.7136238813400269,risky
./iccad-official\iccad1\test\test_nhs\NHS66.png1.png,0,0.0410608649253845,safe
./iccad-official\iccad1\test\test_nhs\NHS66.png2.png,0,0.0410608649253845,safe
./iccad-official\iccad1\test\test_nhs\NHS66.png3.png,0,0.0410608649253845,safe
./iccad-official\iccad1\test\test_nhs\NHS66.png4.png,0,0.6574479639530182,needs_check
./iccad-official\iccad1\test\test_nhs\NHS66.png6.png,0,0.6968629360198975,needs_check
./iccad-official\iccad1\test\test_nhs\NHS66.png7.png,0,0.0145513415336608,safe
./iccad-official\iccad1\test\test_nhs\NHS66.png8.png,0,0.0145513415336608,safe
./iccad-official\iccad1\test\test_nhs\NHS66.png9.png,0,0.0145513415336608,safe
./iccad-official\iccad1\test\test_nhs\NHS67.png1.png,0,0.1694274544715881,safe
./iccad-official\iccad1\test\test_nhs\NHS67.png2.png,0,0.026593804359436,safe
./iccad-official\iccad1\test\test_nhs\NHS67.png3.png,0,0.0445219278335571,safe
./iccad-official\iccad1\test\test_nhs\NHS67.png4.png,0,0.5781826376914978,needs_check
./iccad-official\iccad1\test\test_nhs\NHS67.png6.png,0,0.0472519397735595,safe
./iccad-official\iccad1\test\test_nhs\NHS67.png7.png,0,0.0313896536827087,safe
./iccad-official\iccad1\test\test_nhs\NHS67.png8.png,0,0.0313896536827087,safe
./iccad-official\iccad1\test\test_nhs\NHS67.png9.png,0,0.0313896536827087,safe
./iccad-official\iccad1\test\test_nhs\NHS68.png1.png,0,0.0892478227615356,safe
./iccad-official\iccad1\test\test_nhs\NHS68.png2.png,0,0.0906392335891723,safe
./iccad-official\iccad1\test\test_nhs\NHS68.png3.png,0,0.2187826633453369,safe
./iccad-official\iccad1\test\test_nhs\NHS68.png4.png,0,0.0713141560554504,safe
./iccad-official\iccad1\test\test_nhs\NHS68.png6.png,0,0.1062138080596923,safe
./iccad-official\iccad1\test\test_nhs\NHS68.png7.png,0,0.1661648750305175,safe
./iccad-official\iccad1\test\test_nhs\NHS68.png8.png,0,0.4540107250213623,needs_check
./iccad-official\iccad1\test\test_nhs\NHS68.png9.png,0,0.2406015396118164,safe
./iccad-official\iccad1\test\test_nhs\NHS69.png1.png,0,0.0688049793243408,safe
./iccad-official\iccad1\test\test_nhs\NHS69.png2.png,0,0.0688049793243408,safe
./iccad-official\iccad1\test\test_nhs\NHS69.png3.png,0,0.0688049793243408,safe
./iccad-official\iccad1\test\test_nhs\NHS69.png4.png,0,0.0435932874679565,safe
./iccad-official\iccad1\test\test_nhs\NHS69.png6.png,0,0.0104903578758239,safe
./iccad-official\iccad1\test\test_nhs\NHS69.png7.png,0,0.0819958448410034,safe
./iccad-official\iccad1\test\test_nhs\NHS69.png8.png,0,0.0431118011474609,safe
./iccad-official\iccad1\test\test_nhs\NHS69.png9.png,0,0.0250852108001709,safe
./iccad-official\iccad1\test\test_nhs\NHS7.png1.png,0,0.114567220211029,safe
./iccad-official\iccad1\test\test_nhs\NHS7.png2.png,0,0.3222394585609436,needs_check
./iccad-official\iccad1\test\test_nhs\NHS7.png3.png,0,0.0139381885528564,safe
./iccad-official\iccad1\test\test_nhs\NHS7.png4.png,0,0.0338832736015319,safe
./iccad-official\iccad1\test\test_nhs\NHS7.png6.png,0,0.1951456665992736,safe
./iccad-official\iccad1\test\test_nhs\NHS7.png7.png,0,0.2430291771888733,safe
./iccad-official\iccad1\test\test_nhs\NHS7.png8.png,0,0.2684799432754516,safe
./iccad-official\iccad1\test\test_nhs\NHS7.png9.png,0,0.0846517086029052,safe
./iccad-official\iccad1\test\test_nhs\NHS70.png1.png,0,0.1451340913772583,safe
./iccad-official\iccad1\test\test_nhs\NHS70.png2.png,0,0.1451340913772583,safe
./iccad-official\iccad1\test\test_nhs\NHS70.png3.png,0,0.1451340913772583,safe
./iccad-official\iccad1\test\test_nhs\NHS70.png4.png,0,0.2809525728225708,safe
./iccad-official\iccad1\test\test_nhs\NHS70.png6.png,0,0.387840986251831,needs_check
./iccad-official\iccad1\test\test_nhs\NHS70.png7.png,0,0.1947697401046753,safe
./iccad-official\iccad1\test\test_nhs\NHS70.png8.png,0,0.1224604845046997,safe
./iccad-official\iccad1\test\test_nhs\NHS70.png9.png,0,0.1087478399276733,safe
./iccad-official\iccad1\test\test_nhs\NHS71.png1.png,0,0.6502817571163177,needs_check
./iccad-official\iccad1\test\test_nhs\NHS71.png2.png,0,0.6502817571163177,needs_check
./iccad-official\iccad1\test\test_nhs\NHS71.png3.png,0,0.6502817571163177,needs_check
./iccad-official\iccad1\test\test_nhs\NHS71.png4.png,0,0.0246220231056213,safe
./iccad-official\iccad1\test\test_nhs\NHS71.png6.png,0,0.1212061047554016,safe
./iccad-official\iccad1\test\test_nhs\NHS71.png7.png,0,0.0472519397735595,safe
./iccad-official\iccad1\test\test_nhs\NHS71.png8.png,0,0.0472519397735595,safe
./iccad-official\iccad1\test\test_nhs\NHS71.png9.png,0,0.0472519397735595,safe
./iccad-official\iccad1\test\test_nhs\NHS72.png1.png,0,0.020901620388031,safe
./iccad-official\iccad1\test\test_nhs\NHS72.png2.png,0,0.0328322649002075,safe
./iccad-official\iccad1\test\test_nhs\NHS72.png3.png,0,0.014176070690155,safe
./iccad-official\iccad1\test\test_nhs\NHS72.png4.png,0,0.132307231426239,safe
./iccad-official\iccad1\test\test_nhs\NHS72.png6.png,0,0.4412873983383178,needs_check
./iccad-official\iccad1\test\test_nhs\NHS72.png7.png,0,0.163655936717987,safe
./iccad-official\iccad1\test\test_nhs\NHS72.png8.png,0,0.1082566976547241,safe
./iccad-official\iccad1\test\test_nhs\NHS72.png9.png,0,0.1044464707374572,safe
./iccad-official\iccad1\test\test_nhs\NHS73.png1.png,0,0.189593493938446,safe
./iccad-official\iccad1\test\test_nhs\NHS73.png2.png,0,0.189593493938446,safe
./iccad-official\iccad1\test\test_nhs\NHS73.png3.png,0,0.1078655123710632,safe
./iccad-official\iccad1\test\test_nhs\NHS73.png4.png,0,0.0535518527030944,safe
./iccad-official\iccad1\test\test_nhs\NHS73.png6.png,0,0.0683635473251342,safe
./iccad-official\iccad1\test\test_nhs\NHS73.png7.png,0,0.1452025175094604,safe
./iccad-official\iccad1\test\test_nhs\NHS73.png8.png,0,0.179788589477539,safe
./iccad-official\iccad1\test\test_nhs\NHS73.png9.png,0,0.0519154667854309,safe
./iccad-official\iccad1\test\test_nhs\NHS74.png1.png,0,0.0045729279518127,safe
./iccad-official\iccad1\test\test_nhs\NHS74.png2.png,0,0.0045729279518127,safe
./iccad-official\iccad1\test\test_nhs\NHS74.png3.png,0,0.0045729279518127,safe
./iccad-official\iccad1\test\test_nhs\NHS74.png4.png,0,0.1654836535453796,safe
./iccad-official\iccad1\test\test_nhs\NHS74.png6.png,0,0.7167649269104004,risky
./iccad-official\iccad1\test\test_nhs\NHS74.png7.png,0,0.1174005270004272,safe
./iccad-official\iccad1\test\test_nhs\NHS74.png8.png,0,0.1174005270004272,safe
./iccad-official\iccad1\test\test_nhs\NHS74.png9.png,0,0.1174005270004272,safe
./iccad-official\iccad1\test\test_nhs\NHS75.png1.png,0,0.110667884349823,safe
./iccad-official\iccad1\test\test_nhs\NHS75.png2.png,0,0.110667884349823,safe
./iccad-official\iccad1\test\test_nhs\NHS75.png3.png,0,0.4660452604293823,needs_check
./iccad-official\iccad1\test\test_nhs\NHS75.png4.png,0,0.3521689176559448,needs_check
./iccad-official\iccad1\test\test_nhs\NHS75.png6.png,0,0.52541583776474,needs_check
./iccad-official\iccad1\test\test_nhs\NHS75.png7.png,0,0.1939412951469421,safe
./iccad-official\iccad1\test\test_nhs\NHS75.png8.png,0,0.2487817406654358,safe
./iccad-official\iccad1\test\test_nhs\NHS75.png9.png,0,0.1497176885604858,safe
./iccad-official\iccad1\test\test_nhs\NHS76.png1.png,0,0.0266724824905395,safe
./iccad-official\iccad1\test\test_nhs\NHS76.png2.png,0,0.0135701298713684,safe
./iccad-official\iccad1\test\test_nhs\NHS76.png3.png,0,0.0124035477638244,safe
./iccad-official\iccad1\test\test_nhs\NHS76.png4.png,0,0.6103525757789612,needs_check
./iccad-official\iccad1\test\test_nhs\NHS76.png6.png,0,0.5541326403617859,needs_check
./iccad-official\iccad1\test\test_nhs\NHS76.png7.png,0,0.1173647046089172,safe
./iccad-official\iccad1\test\test_nhs\NHS76.png8.png,0,0.1173646450042724,safe
./iccad-official\iccad1\test\test_nhs\NHS76.png9.png,0,0.1173646450042724,safe
./iccad-official\iccad1\test\test_nhs\NHS77.png1.png,0,0.0266724824905395,safe
./iccad-official\iccad1\test\test_nhs\NHS77.png2.png,0,0.0266724824905395,safe
./iccad-official\iccad1\test\test_nhs\NHS77.png3.png,0,0.0448561310768127,safe
./iccad-official\iccad1\test\test_nhs\NHS77.png4.png,0,0.6209737360477448,needs_check
./iccad-official\iccad1\test\test_nhs\NHS77.png6.png,0,0.7740530073642731,risky
./iccad-official\iccad1\test\test_nhs\NHS77.png7.png,0,0.2999007701873779,safe
./iccad-official\iccad1\test\test_nhs\NHS77.png8.png,0,0.3753691911697387,needs_check
./iccad-official\iccad1\test\test_nhs\NHS77.png9.png,0,0.1394842863082885,safe
./iccad-official\iccad1\test\test_nhs\NHS78.png1.png,0,0.045362651348114,safe
./iccad-official\iccad1\test\test_nhs\NHS78.png2.png,0,0.045362651348114,safe
./iccad-official\iccad1\test\test_nhs\NHS78.png3.png,0,0.045362651348114,safe
./iccad-official\iccad1\test\test_nhs\NHS78.png4.png,0,0.0736966729164123,safe
./iccad-official\iccad1\test\test_nhs\NHS78.png6.png,0,0.0775391459465026,safe
./iccad-official\iccad1\test\test_nhs\NHS78.png7.png,0,0.0611799359321594,safe
./iccad-official\iccad1\test\test_nhs\NHS78.png8.png,0,0.0611799359321594,safe
./iccad-official\iccad1\test\test_nhs\NHS78.png9.png,0,0.0611799359321594,safe
./iccad-official\iccad1\test\test_nhs\NHS79.png1.png,0,0.0104903578758239,safe
./iccad-official\iccad1\test\test_nhs\NHS79.png2.png,0,0.0150511860847473,safe
./iccad-official\iccad1\test\test_nhs\NHS79.png3.png,0,0.0137208104133605,safe
./iccad-official\iccad1\test\test_nhs\NHS79.png4.png,0,0.0343304276466369,safe
./iccad-official\iccad1\test\test_nhs\NHS79.png6.png,0,0.231664776802063,safe
./iccad-official\iccad1\test\test_nhs\NHS79.png7.png,0,0.0907103419303894,safe
./iccad-official\iccad1\test\test_nhs\NHS79.png8.png,0,0.414531409740448,needs_check
./iccad-official\iccad1\test\test_nhs\NHS79.png9.png,0,0.2935265302658081,safe
./iccad-official\iccad1\test\test_nhs\NHS8.png1.png,0,0.1109874844551086,safe
./iccad-official\iccad1\test\test_nhs\NHS8.png2.png,0,0.1109874844551086,safe
./iccad-official\iccad1\test\test_nhs\NHS8.png3.png,0,0.1109874844551086,safe
./iccad-official\iccad1\test\test_nhs\NHS8.png4.png,0,0.0056573748588562,safe
./iccad-official\iccad1\test\test_nhs\NHS8.png6.png,0,0.013917863368988,safe
./iccad-official\iccad1\test\test_nhs\NHS8.png7.png,0,0.2994192242622375,safe
./iccad-official\iccad1\test\test_nhs\NHS8.png8.png,0,0.4263622164726257,needs_check
./iccad-official\iccad1\test\test_nhs\NHS8.png9.png,0,0.397883653640747,needs_check
./iccad-official\iccad1\test\test_nhs\NHS80.png1.png,0,0.0104903578758239,safe
./iccad-official\iccad1\test\test_nhs\NHS80.png2.png,0,0.0104903578758239,safe
./iccad-official\iccad1\test\test_nhs\NHS80.png3.png,0,0.0104903578758239,safe
./iccad-official\iccad1\test\test_nhs\NHS80.png4.png,0,0.5264344215393066,needs_check
./iccad-official\iccad1\test\test_nhs\NHS80.png6.png,0,0.3430963158607483,needs_check
./iccad-official\iccad1\test\test_nhs\NHS80.png7.png,0,0.1225237846374511,safe
./iccad-official\iccad1\test\test_nhs\NHS80.png8.png,0,0.051117718219757,safe
./iccad-official\iccad1\test\test_nhs\NHS80.png9.png,0,0.0688049793243408,safe
./iccad-official\iccad1\test\test_nhs\NHS81.png1.png,0,0.024109661579132,safe
./iccad-official\iccad1\test\test_nhs\NHS81.png2.png,0,0.0104903578758239,safe
./iccad-official\iccad1\test\test_nhs\NHS81.png3.png,0,0.0104903578758239,safe
./iccad-official\iccad1\test\test_nhs\NHS81.png4.png,0,0.0607911944389343,safe
./iccad-official\iccad1\test\test_nhs\NHS81.png6.png,0,0.6138443052768707,needs_check
./iccad-official\iccad1\test\test_nhs\NHS81.png7.png,0,0.2108511328697204,safe
./iccad-official\iccad1\test\test_nhs\NHS81.png8.png,0,0.0544253587722778,safe
./iccad-official\iccad1\test\test_nhs\NHS81.png9.png,0,0.0688049793243408,safe
./iccad-official\iccad1\test\test_nhs\NHS82.png1.png,0,0.266395628452301,safe
./iccad-official\iccad1\test\test_nhs\NHS82.png2.png,0,0.1095101833343505,safe
./iccad-official\iccad1\test\test_nhs\NHS82.png3.png,0,0.2138465642929077,safe
./iccad-official\iccad1\test\test_nhs\NHS82.png4.png,0,0.0172846317291259,safe
./iccad-official\iccad1\test\test_nhs\NHS82.png6.png,0,0.0112834572792053,safe
./iccad-official\iccad1\test\test_nhs\NHS82.png7.png,0,0.0472519397735595,safe
./iccad-official\iccad1\test\test_nhs\NHS82.png8.png,0,0.0472519397735595,safe
./iccad-official\iccad1\test\test_nhs\NHS82.png9.png,0,0.0472519397735595,safe
./iccad-official\iccad1\test\test_nhs\NHS83.png1.png,0,0.0136587023735046,safe
./iccad-official\iccad1\test\test_nhs\NHS83.png2.png,0,0.0160680413246154,safe
./iccad-official\iccad1\test\test_nhs\NHS83.png3.png,0,0.0160680413246154,safe
./iccad-official\iccad1\test\test_nhs\NHS83.png4.png,0,0.5515694916248322,needs_check
./iccad-official\iccad1\test\test_nhs\NHS83.png6.png,0,0.0700971484184265,safe
./iccad-official\iccad1\test\test_nhs\NHS83.png7.png,0,0.0640496015548706,safe
./iccad-official\iccad1\test\test_nhs\NHS83.png8.png,0,0.015852153301239,safe
./iccad-official\iccad1\test\test_nhs\NHS83.png9.png,0,0.015852153301239,safe
./iccad-official\iccad1\test\test_nhs\NHS84.png1.png,0,0.0906392335891723,safe
./iccad-official\iccad1\test\test_nhs\NHS84.png2.png,0,0.2144147157669067,safe
./iccad-official\iccad1\test\test_nhs\NHS84.png3.png,0,0.1707544326782226,safe
./iccad-official\iccad1\test\test_nhs\NHS84.png4.png,0,0.0104880332946777,safe
./iccad-official\iccad1\test\test_nhs\NHS84.png6.png,0,0.0045600533485412,safe
./iccad-official\iccad1\test\test_nhs\NHS84.png7.png,0,0.0338832736015319,safe
./iccad-official\iccad1\test\test_nhs\NHS84.png8.png,0,0.0338832736015319,safe
./iccad-official\iccad1\test\test_nhs\NHS84.png9.png,0,0.0338832736015319,safe
./iccad-official\iccad1\test\test_nhs\NHS85.png1.png,0,0.3332047462463379,needs_check
./iccad-official\iccad1\test\test_nhs\NHS85.png2.png,0,0.060010015964508,safe
./iccad-official\iccad1\test\test_nhs\NHS85.png3.png,0,0.236174464225769,safe
./iccad-official\iccad1\test\test_nhs\NHS85.png4.png,0,0.007737398147583,safe
./iccad-official\iccad1\test\test_nhs\NHS85.png6.png,0,0.0886402130126953,safe
./iccad-official\iccad1\test\test_nhs\NHS85.png7.png,0,0.048196256160736,safe
./iccad-official\iccad1\test\test_nhs\NHS85.png8.png,0,0.0251978039741516,safe
./iccad-official\iccad1\test\test_nhs\NHS85.png9.png,0,0.0343304276466369,safe
./iccad-official\iccad1\test\test_nhs\NHS86.png1.png,0,0.0688049793243408,safe
./iccad-official\iccad1\test\test_nhs\NHS86.png2.png,0,0.0688049793243408,safe
./iccad-official\iccad1\test\test_nhs\NHS86.png3.png,0,0.1537835001945495,safe
./iccad-official\iccad1\test\test_nhs\NHS86.png4.png,0,0.0413624048233032,safe
./iccad-official\iccad1\test\test_nhs\NHS86.png6.png,0,0.0445219278335571,safe
./iccad-official\iccad1\test\test_nhs\NHS86.png7.png,0,0.0472519397735595,safe
./iccad-official\iccad1\test\test_nhs\NHS86.png8.png,0,0.0472519397735595,safe
./iccad-official\iccad1\test\test_nhs\NHS86.png9.png,0,0.0472519397735595,safe
./iccad-official\iccad1\test\test_nhs\NHS87.png1.png,0,0.0273815393447875,safe
./iccad-official\iccad1\test\test_nhs\NHS87.png2.png,0,0.0273815393447875,safe
./iccad-official\iccad1\test\test_nhs\NHS87.png3.png,0,0.118493378162384,safe
./iccad-official\iccad1\test\test_nhs\NHS87.png4.png,0,0.0529268383979797,safe
./iccad-official\iccad1\test\test_nhs\NHS87.png6.png,0,0.132307231426239,safe
./iccad-official\iccad1\test\test_nhs\NHS87.png7.png,0,0.0147117376327514,safe
./iccad-official\iccad1\test\test_nhs\NHS87.png8.png,0,0.0210821628570556,safe
./iccad-official\iccad1\test\test_nhs\NHS87.png9.png,0,0.0468480587005615,safe
./iccad-official\iccad1\test\test_nhs\NHS88.png1.png,0,0.4496400356292724,needs_check
./iccad-official\iccad1\test\test_nhs\NHS88.png2.png,0,0.4643638134002685,needs_check
./iccad-official\iccad1\test\test_nhs\NHS88.png3.png,0,0.2917120456695556,safe
./iccad-official\iccad1\test\test_nhs\NHS88.png4.png,0,0.0729525685310363,safe
./iccad-official\iccad1\test\test_nhs\NHS88.png6.png,0,0.5977773368358612,needs_check
./iccad-official\iccad1\test\test_nhs\NHS88.png7.png,0,0.1233949065208435,safe
./iccad-official\iccad1\test\test_nhs\NHS88.png8.png,0,0.1233949065208435,safe
./iccad-official\iccad1\test\test_nhs\NHS88.png9.png,0,0.1233949065208435,safe
./iccad-official\iccad1\test\test_nhs\NHS89.png1.png,0,0.0875113010406494,safe
./iccad-official\iccad1\test\test_nhs\NHS89.png2.png,0,0.0423188209533691,safe
./iccad-official\iccad1\test\test_nhs\NHS89.png3.png,0,0.0446137189865112,safe
./iccad-official\iccad1\test\test_nhs\NHS89.png4.png,0,0.1246209144592285,safe
./iccad-official\iccad1\test\test_nhs\NHS89.png6.png,0,0.1699409484863281,safe
./iccad-official\iccad1\test\test_nhs\NHS89.png7.png,0,0.0472519397735595,safe
./iccad-official\iccad1\test\test_nhs\NHS89.png8.png,0,0.0472519397735595,safe
./iccad-official\iccad1\test\test_nhs\NHS89.png9.png,0,0.0472519397735595,safe
./iccad-official\iccad1\test\test_nhs\NHS9.png1.png,0,0.0748761892318725,safe
./iccad-official\iccad1\test\test_nhs\NHS9.png2.png,0,0.0448561310768127,safe
./iccad-official\iccad1\test\test_nhs\NHS9.png3.png,0,0.0266724824905395,safe
./iccad-official\iccad1\test\test_nhs\NHS9.png4.png,0,0.7112327516078949,risky
./iccad-official\iccad1\test\test_nhs\NHS9.png6.png,0,0.2363887429237365,safe
./iccad-official\iccad1\test\test_nhs\NHS9.png7.png,0,0.0293411612510681,safe
./iccad-official\iccad1\test\test_nhs\NHS9.png8.png,0,0.0293411612510681,safe
./iccad-official\iccad1\test\test_nhs\NHS9.png9.png,0,0.0293411612510681,safe
./iccad-official\iccad1\test\test_nhs\NHS90.png1.png,0,0.0607855319976806,safe
./iccad-official\iccad1\test\test_nhs\NHS90.png2.png,0,0.1700736880302429,safe
./iccad-official\iccad1\test\test_nhs\NHS90.png3.png,0,0.0340515375137329,safe
./iccad-official\iccad1\test\test_nhs\NHS90.png4.png,0,0.0076370239257812,safe
./iccad-official\iccad1\test\test_nhs\NHS90.png6.png,0,0.0102511644363403,safe
./iccad-official\iccad1\test\test_nhs\NHS90.png7.png,0,0.0580042004585266,safe
./iccad-official\iccad1\test\test_nhs\NHS90.png8.png,0,0.0580042004585266,safe
./iccad-official\iccad1\test\test_nhs\NHS90.png9.png,0,0.0161744952201843,safe
./iccad-official\iccad1\test\test_nhs\NHS91.png1.png,0,0.0107473134994506,safe
./iccad-official\iccad1\test\test_nhs\NHS91.png2.png,0,0.0035732388496398,safe
./iccad-official\iccad1\test\test_nhs\NHS91.png3.png,0,0.0035732388496398,safe
./iccad-official\iccad1\test\test_nhs\NHS91.png4.png,0,0.4412873983383178,needs_check
./iccad-official\iccad1\test\test_nhs\NHS91.png6.png,0,0.5884705185890198,needs_check
./iccad-official\iccad1\test\test_nhs\NHS91.png7.png,0,0.0450033545494079,safe
./iccad-official\iccad1\test\test_nhs\NHS91.png8.png,0,0.0309699177742004,safe
./iccad-official\iccad1\test\test_nhs\NHS91.png9.png,0,0.0488938689231872,safe
./iccad-official\iccad1\test\test_nhs\NHS92.png1.png,0,0.0266724824905395,safe
./iccad-official\iccad1\test\test_nhs\NHS92.png2.png,0,0.0266724824905395,safe
./iccad-official\iccad1\test\test_nhs\NHS92.png3.png,0,0.0266724824905395,safe
./iccad-official\iccad1\test\test_nhs\NHS92.png4.png,0,0.7112327516078949,risky
./iccad-official\iccad1\test\test_nhs\NHS92.png6.png,0,0.7112327516078949,risky
./iccad-official\iccad1\test\test_nhs\NHS92.png7.png,0,0.0115789771080017,safe
./iccad-official\iccad1\test\test_nhs\NHS92.png8.png,0,0.0145513415336608,safe
./iccad-official\iccad1\test\test_nhs\NHS92.png9.png,0,0.0145513415336608,safe
./iccad-official\iccad1\test\test_nhs\NHS93.png1.png,0,0.0215742588043212,safe
./iccad-official\iccad1\test\test_nhs\NHS93.png2.png,0,0.0273815393447875,safe
./iccad-official\iccad1\test\test_nhs\NHS93.png3.png,0,0.0273815393447875,safe
./iccad-official\iccad1\test\test_nhs\NHS93.png4.png,0,0.4199742078781128,needs_check
./iccad-official\iccad1\test\test_nhs\NHS93.png6.png,0,0.3277680873870849,needs_check
./iccad-official\iccad1\test\test_nhs\NHS93.png7.png,0,0.0233266949653625,safe
./iccad-official\iccad1\test\test_nhs\NHS93.png8.png,0,0.0516154766082763,safe
./iccad-official\iccad1\test\test_nhs\NHS93.png9.png,0,0.0396661162376403,safe
./iccad-official\iccad1\test\test_nhs\NHS94.png1.png,0,0.0104903578758239,safe
./iccad-official\iccad1\test\test_nhs\NHS94.png2.png,0,0.0104903578758239,safe
./iccad-official\iccad1\test\test_nhs\NHS94.png3.png,0,0.0104903578758239,safe
./iccad-official\iccad1\test\test_nhs\NHS94.png4.png,0,0.3915795087814331,needs_check
./iccad-official\iccad1\test\test_nhs\NHS94.png6.png,0,0.3087589740753174,needs_check
./iccad-official\iccad1\test\test_nhs\NHS94.png7.png,0,0.2063876390457153,safe
./iccad-official\iccad1\test\test_nhs\NHS94.png8.png,0,0.1709252595901489,safe
./iccad-official\iccad1\test\test_nhs\NHS94.png9.png,0,0.2242860198020935,safe
./iccad-official\iccad1\test\test_nhs\NHS95.png1.png,0,0.4436401128768921,needs_check
./iccad-official\iccad1\test\test_nhs\NHS95.png2.png,0,0.4680362939834595,needs_check
./iccad-official\iccad1\test\test_nhs\NHS95.png3.png,0,0.4077873229980469,needs_check
./iccad-official\iccad1\test\test_nhs\NHS95.png4.png,0,0.4773047566413879,needs_check
./iccad-official\iccad1\test\test_nhs\NHS95.png6.png,0,0.1936362981796264,safe
./iccad-official\iccad1\test\test_nhs\NHS95.png7.png,0,0.0156273245811462,safe
./iccad-official\iccad1\test\test_nhs\NHS95.png8.png,0,0.0250852108001709,safe
./iccad-official\iccad1\test\test_nhs\NHS95.png9.png,0,0.0512741804122924,safe
./iccad-official\iccad1\test\test_nhs\NHS96.png1.png,0,0.2597299218177795,safe
./iccad-official\iccad1\test\test_nhs\NHS96.png2.png,0,0.2562577724456787,safe
./iccad-official\iccad1\test\test_nhs\NHS96.png3.png,0,0.1236974000930786,safe
./iccad-official\iccad1\test\test_nhs\NHS96.png4.png,0,0.410844087600708,needs_check
./iccad-official\iccad1\test\test_nhs\NHS96.png6.png,0,0.7385360300540924,risky
./iccad-official\iccad1\test\test_nhs\NHS96.png7.png,0,0.0293411612510681,safe
./iccad-official\iccad1\test\test_nhs\NHS96.png8.png,0,0.0627235174179077,safe
./iccad-official\iccad1\test\test_nhs\NHS96.png9.png,0,0.0483396649360656,safe
./iccad-official\iccad1\test\test_nhs\NHS97.png1.png,0,0.6502817571163177,needs_check
./iccad-official\iccad1\test\test_nhs\NHS97.png2.png,0,0.4823653101921081,needs_check
./iccad-official\iccad1\test\test_nhs\NHS97.png3.png,0,0.1402409672737121,safe
./iccad-official\iccad1\test\test_nhs\NHS97.png4.png,0,0.1695731282234192,safe
./iccad-official\iccad1\test\test_nhs\NHS97.png6.png,0,0.0150546431541442,safe
./iccad-official\iccad1\test\test_nhs\NHS97.png7.png,0,0.4821813106536865,needs_check
./iccad-official\iccad1\test\test_nhs\NHS97.png8.png,0,0.4680302143096924,needs_check
./iccad-official\iccad1\test\test_nhs\NHS97.png9.png,0,0.0914486646652221,safe
./iccad-official\iccad1\test\test_nhs\NHS98.png1.png,0,0.0035732388496398,safe
./iccad-official\iccad1\test\test_nhs\NHS98.png2.png,0,0.0035732388496398,safe
./iccad-official\iccad1\test\test_nhs\NHS98.png3.png,0,0.0035732388496398,safe
./iccad-official\iccad1\test\test_nhs\NHS98.png4.png,0,0.1709963083267212,safe
./iccad-official\iccad1\test\test_nhs\NHS98.png6.png,0,0.1352856159210205,safe
./iccad-official\iccad1\test\test_nhs\NHS98.png7.png,0,0.101871371269226,safe
./iccad-official\iccad1\test\test_nhs\NHS98.png8.png,0,0.0282841324806213,safe
./iccad-official\iccad1\test\test_nhs\NHS98.png9.png,0,0.0233266949653625,safe
./iccad-official\iccad1\test\test_nhs\NHS99.png1.png,0,0.0277831554412841,safe
./iccad-official\iccad1\test\test_nhs\NHS99.png2.png,0,0.0104903578758239,safe
./iccad-official\iccad1\test\test_nhs\NHS99.png3.png,0,0.0411929488182067,safe
./iccad-official\iccad1\test\test_nhs\NHS99.png4.png,0,0.7442678511142731,risky
./iccad-official\iccad1\test\test_nhs\NHS99.png6.png,0,0.0472519397735595,safe
./iccad-official\iccad1\test\test_nhs\NHS99.png7.png,0,0.3697094917297363,needs_check
./iccad-official\iccad1\test\test_nhs\NHS99.png8.png,0,0.3713617324829101,needs_check
./iccad-official\iccad1\test\test_nhs\NHS99.png9.png,0,0.3636434674263,needs_check
./iccad-official\iccad1\test\test_nhs\NNHS226.png1.png,0,0.005279004573822,safe
./iccad-official\iccad1\test\test_nhs\NNHS226.png2.png,0,0.0007006525993347,safe
./iccad-official\iccad1\test\test_nhs\NNHS226.png3.png,0,0.0006123781204223,safe
./iccad-official\iccad1\test\test_nhs\NNHS226.png4.png,0,0.0248087048530578,safe
./iccad-official\iccad1\test\test_nhs\NNHS226.png6.png,0,0.0233927965164184,safe
./iccad-official\iccad1\test\test_nhs\NNHS226.png7.png,0,0.003179907798767,safe
./iccad-official\iccad1\test\test_nhs\NNHS226.png8.png,0,0.0005074739456176,safe
./iccad-official\iccad1\test\test_nhs\NNHS226.png9.png,0,0.0009903311729431,safe
./iccad-official\iccad1\test\test_nhs\NNHS227.png1.png,0,0.0005639791488647,safe
./iccad-official\iccad1\test\test_nhs\NNHS227.png2.png,0,0.0005639791488647,safe
./iccad-official\iccad1\test\test_nhs\NNHS227.png3.png,0,0.0012581944465637,safe
./iccad-official\iccad1\test\test_nhs\NNHS227.png4.png,0,0.0161267518997192,safe
./iccad-official\iccad1\test\test_nhs\NNHS227.png6.png,0,0.0161267518997192,safe
./iccad-official\iccad1\test\test_nhs\NNHS227.png7.png,0,0.00204598903656,safe
./iccad-official\iccad1\test\test_nhs\NNHS227.png8.png,0,0.0011574029922485,safe
./iccad-official\iccad1\test\test_nhs\NNHS227.png9.png,0,0.0077489018440246,safe
./iccad-official\iccad1\test\test_nhs\NNHS228.png1.png,0,0.0007324814796447,safe
./iccad-official\iccad1\test\test_nhs\NNHS228.png2.png,0,0.0024758577346801,safe
./iccad-official\iccad1\test\test_nhs\NNHS228.png3.png,0,0.00110924243927,safe
./iccad-official\iccad1\test\test_nhs\NNHS228.png4.png,0,0.0230737328529357,safe
./iccad-official\iccad1\test\test_nhs\NNHS228.png6.png,0,0.0184159874916076,safe
./iccad-official\iccad1\test\test_nhs\NNHS228.png7.png,0,0.0264194011688232,safe
./iccad-official\iccad1\test\test_nhs\NNHS228.png8.png,0,0.0349040627479553,safe
./iccad-official\iccad1\test\test_nhs\NNHS228.png9.png,0,0.0349040627479553,safe
./iccad-official\iccad1\test\test_nhs\NNHS229.png1.png,0,0.0011296272277832,safe
./iccad-official\iccad1\test\test_nhs\NNHS229.png2.png,0,0.0011296272277832,safe
./iccad-official\iccad1\test\test_nhs\NNHS229.png3.png,0,0.0008029341697692,safe
./iccad-official\iccad1\test\test_nhs\NNHS229.png4.png,0,0.0161267518997192,safe
./iccad-official\iccad1\test\test_nhs\NNHS229.png6.png,0,0.0161267518997192,safe
./iccad-official\iccad1\test\test_nhs\NNHS229.png7.png,0,0.0047118067741394,safe
./iccad-official\iccad1\test\test_nhs\NNHS229.png8.png,0,0.0085135102272033,safe
./iccad-official\iccad1\test\test_nhs\NNHS229.png9.png,0,0.0100980401039123,safe
./iccad-official\iccad1\test\test_nhs\NNHS230.png1.png,0,0.0005105137825012,safe
./iccad-official\iccad1\test\test_nhs\NNHS230.png2.png,0,0.0003881454467773,safe
./iccad-official\iccad1\test\test_nhs\NNHS230.png3.png,0,0.0003881454467773,safe
./iccad-official\iccad1\test\test_nhs\NNHS230.png4.png,0,0.0112606883049011,safe
./iccad-official\iccad1\test\test_nhs\NNHS230.png6.png,0,0.0219572186470031,safe
./iccad-official\iccad1\test\test_nhs\NNHS230.png7.png,0,0.0072455406188964,safe
./iccad-official\iccad1\test\test_nhs\NNHS230.png8.png,0,0.0040674209594726,safe
./iccad-official\iccad1\test\test_nhs\NNHS230.png9.png,0,0.0028063058853149,safe
./iccad-official\iccad1\test\test_nhs\NNHS231.png1.png,0,0.0005639791488647,safe
./iccad-official\iccad1\test\test_nhs\NNHS231.png2.png,0,0.001702070236206,safe
./iccad-official\iccad1\test\test_nhs\NNHS231.png3.png,0,0.0004234313964843,safe
./iccad-official\iccad1\test\test_nhs\NNHS231.png4.png,0,0.0161267518997192,safe
./iccad-official\iccad1\test\test_nhs\NNHS231.png6.png,0,0.0159069299697875,safe
./iccad-official\iccad1\test\test_nhs\NNHS231.png7.png,0,0.0061717629432678,safe
./iccad-official\iccad1\test\test_nhs\NNHS231.png8.png,0,0.0063332319259643,safe
./iccad-official\iccad1\test\test_nhs\NNHS231.png9.png,0,0.0030848979949951,safe
./iccad-official\iccad1\test\test_nhs\NNHS232.png1.png,0,0.0005639791488647,safe
./iccad-official\iccad1\test\test_nhs\NNHS232.png2.png,0,0.0005639791488647,safe
./iccad-official\iccad1\test\test_nhs\NNHS232.png3.png,0,0.0011171698570251,safe
./iccad-official\iccad1\test\test_nhs\NNHS232.png4.png,0,0.0238403677940368,safe
./iccad-official\iccad1\test\test_nhs\NNHS232.png6.png,0,0.0035925507545471,safe
./iccad-official\iccad1\test\test_nhs\NNHS232.png7.png,0,0.0069856643676757,safe
./iccad-official\iccad1\test\test_nhs\NNHS232.png8.png,0,0.0053171515464782,safe
./iccad-official\iccad1\test\test_nhs\NNHS232.png9.png,0,0.0079785585403442,safe
./iccad-official\iccad1\test\test_nhs\NNHS233.png1.png,0,0.0003858804702758,safe
./iccad-official\iccad1\test\test_nhs\NNHS233.png2.png,0,0.0009629726409912,safe
./iccad-official\iccad1\test\test_nhs\NNHS233.png3.png,0,0.0012157559394836,safe
./iccad-official\iccad1\test\test_nhs\NNHS233.png4.png,0,0.0161405801773071,safe
./iccad-official\iccad1\test\test_nhs\NNHS233.png6.png,0,0.0161267518997192,safe
./iccad-official\iccad1\test\test_nhs\NNHS233.png7.png,0,0.005213975906372,safe
./iccad-official\iccad1\test\test_nhs\NNHS233.png8.png,0,0.0025781989097595,safe
./iccad-official\iccad1\test\test_nhs\NNHS233.png9.png,0,0.0026281476020812,safe
./iccad-official\iccad1\test\test_nhs\NNHS234.png1.png,0,0.0005639791488647,safe
./iccad-official\iccad1\test\test_nhs\NNHS234.png2.png,0,0.0005639791488647,safe
./iccad-official\iccad1\test\test_nhs\NNHS234.png3.png,0,0.0005068778991699,safe
./iccad-official\iccad1\test\test_nhs\NNHS234.png4.png,0,0.0152848958969116,safe
./iccad-official\iccad1\test\test_nhs\NNHS234.png6.png,0,0.029060959815979,safe
./iccad-official\iccad1\test\test_nhs\NNHS234.png7.png,0,0.0079785585403442,safe
./iccad-official\iccad1\test\test_nhs\NNHS234.png8.png,0,0.0079785585403442,safe
./iccad-official\iccad1\test\test_nhs\NNHS234.png9.png,0,0.0079785585403442,safe
./iccad-official\iccad1\test\test_nhs\NNHS235.png1.png,0,0.0009235739707946,safe
./iccad-official\iccad1\test\test_nhs\NNHS235.png2.png,0,0.0009235739707946,safe
./iccad-official\iccad1\test\test_nhs\NNHS235.png3.png,0,0.0004976987838745,safe
./iccad-official\iccad1\test\test_nhs\NNHS235.png4.png,0,0.0071672201156616,safe
./iccad-official\iccad1\test\test_nhs\NNHS235.png6.png,0,0.0223841071128845,safe
./iccad-official\iccad1\test\test_nhs\NNHS235.png7.png,0,0.0070268511772155,safe
./iccad-official\iccad1\test\test_nhs\NNHS235.png8.png,0,0.0079785585403442,safe
./iccad-official\iccad1\test\test_nhs\NNHS235.png9.png,0,0.0079785585403442,safe
./iccad-official\iccad1\test\test_nhs\NNHS236.png1.png,0,0.0002539157867431,safe
./iccad-official\iccad1\test\test_nhs\NNHS236.png2.png,0,0.0002539157867431,safe
./iccad-official\iccad1\test\test_nhs\NNHS236.png3.png,0,0.0002539157867431,safe
./iccad-official\iccad1\test\test_nhs\NNHS236.png4.png,0,0.0051648616790771,safe
./iccad-official\iccad1\test\test_nhs\NNHS236.png6.png,0,0.0083399415016174,safe
./iccad-official\iccad1\test\test_nhs\NNHS236.png7.png,0,0.0011906623840332,safe
./iccad-official\iccad1\test\test_nhs\NNHS236.png8.png,0,0.0002365112304687,safe
./iccad-official\iccad1\test\test_nhs\NNHS236.png9.png,0,0.0057668089866638,safe
./iccad-official\iccad1\test\test_nhs\NNHS237.png1.png,0,0.0005639791488647,safe
./iccad-official\iccad1\test\test_nhs\NNHS237.png2.png,0,0.0009214878082275,safe
./iccad-official\iccad1\test\test_nhs\NNHS237.png3.png,0,0.0004971027374267,safe
./iccad-official\iccad1\test\test_nhs\NNHS237.png4.png,0,0.0018172264099121,safe
./iccad-official\iccad1\test\test_nhs\NNHS237.png6.png,0,0.0183825492858886,safe
./iccad-official\iccad1\test\test_nhs\NNHS237.png7.png,0,0.003138780593872,safe
./iccad-official\iccad1\test\test_nhs\NNHS237.png8.png,0,0.003138780593872,safe
./iccad-official\iccad1\test\test_nhs\NNHS237.png9.png,0,0.003138780593872,safe
./iccad-official\iccad1\test\test_nhs\NNHS238.png1.png,0,0.0005639791488647,safe
./iccad-official\iccad1\test\test_nhs\NNHS238.png2.png,0,0.0005639791488647,safe
./iccad-official\iccad1\test\test_nhs\NNHS238.png3.png,0,0.0006287693977355,safe
./iccad-official\iccad1\test\test_nhs\NNHS238.png4.png,0,0.011503517627716,safe
./iccad-official\iccad1\test\test_nhs\NNHS238.png6.png,0,0.0081290602684021,safe
./iccad-official\iccad1\test\test_nhs\NNHS238.png7.png,0,0.0079785585403442,safe
./iccad-official\iccad1\test\test_nhs\NNHS238.png8.png,0,0.0079785585403442,safe
./iccad-official\iccad1\test\test_nhs\NNHS238.png9.png,0,0.0079785585403442,safe
./iccad-official\iccad1\test\test_nhs\NNHS239.png1.png,0,0.0007745027542114,safe
./iccad-official\iccad1\test\test_nhs\NNHS239.png2.png,0,0.0004054307937622,safe
./iccad-official\iccad1\test\test_nhs\NNHS239.png3.png,0,0.0008403658866882,safe
./iccad-official\iccad1\test\test_nhs\NNHS239.png4.png,0,0.0238403677940368,safe
./iccad-official\iccad1\test\test_nhs\NNHS239.png6.png,0,0.0361881256103515,safe
./iccad-official\iccad1\test\test_nhs\NNHS239.png7.png,0,0.0166016817092895,safe
./iccad-official\iccad1\test\test_nhs\NNHS239.png8.png,0,0.0166016817092895,safe
./iccad-official\iccad1\test\test_nhs\NNHS239.png9.png,0,0.0166016817092895,safe
./iccad-official\iccad1\test\test_nhs\NNHS240.png1.png,0,0.0004104375839233,safe
./iccad-official\iccad1\test\test_nhs\NNHS240.png2.png,0,0.0009440183639526,safe
./iccad-official\iccad1\test\test_nhs\NNHS240.png3.png,0,0.0040319561958312,safe
./iccad-official\iccad1\test\test_nhs\NNHS240.png4.png,0,0.0161267518997192,safe
./iccad-official\iccad1\test\test_nhs\NNHS240.png6.png,0,0.0161267518997192,safe
./iccad-official\iccad1\test\test_nhs\NNHS240.png7.png,0,0.0074688792228698,safe
./iccad-official\iccad1\test\test_nhs\NNHS240.png8.png,0,0.0074688792228698,safe
./iccad-official\iccad1\test\test_nhs\NNHS240.png9.png,0,0.0130215287208557,safe
./iccad-official\iccad1\test\test_nhs\NNHS241.png1.png,0,0.0009975433349609,safe
./iccad-official\iccad1\test\test_nhs\NNHS241.png2.png,0,0.0008105635643005,safe
./iccad-official\iccad1\test\test_nhs\NNHS241.png3.png,0,0.0006440877914428,safe
./iccad-official\iccad1\test\test_nhs\NNHS241.png4.png,0,0.0060836672782897,safe
./iccad-official\iccad1\test\test_nhs\NNHS241.png6.png,0,0.0045472979545593,safe
./iccad-official\iccad1\test\test_nhs\NNHS241.png7.png,0,0.0186027288436889,safe
./iccad-official\iccad1\test\test_nhs\NNHS241.png8.png,0,0.0032942295074462,safe
./iccad-official\iccad1\test\test_nhs\NNHS241.png9.png,0,0.003804326057434,safe
./iccad-official\iccad1\test\test_nhs\NNHS242.png1.png,0,0.0005639791488647,safe
./iccad-official\iccad1\test\test_nhs\NNHS242.png2.png,0,0.0005639791488647,safe
./iccad-official\iccad1\test\test_nhs\NNHS242.png3.png,0,0.0005639791488647,safe
./iccad-official\iccad1\test\test_nhs\NNHS242.png4.png,0,0.0161267518997192,safe
./iccad-official\iccad1\test\test_nhs\NNHS242.png6.png,0,0.0161267518997192,safe
./iccad-official\iccad1\test\test_nhs\NNHS242.png7.png,0,0.0004885196685791,safe
./iccad-official\iccad1\test\test_nhs\NNHS242.png8.png,0,0.0015130043029785,safe
./iccad-official\iccad1\test\test_nhs\NNHS242.png9.png,0,0.0014819502830505,safe
./iccad-official\iccad1\test\test_nhs\NNHS243.png1.png,0,0.0005436539649963,safe
./iccad-official\iccad1\test\test_nhs\NNHS243.png2.png,0,0.0002539157867431,safe
./iccad-official\iccad1\test\test_nhs\NNHS243.png3.png,0,0.0002539157867431,safe
./iccad-official\iccad1\test\test_nhs\NNHS243.png4.png,0,0.0147600769996643,safe
./iccad-official\iccad1\test\test_nhs\NNHS243.png6.png,0,0.0030761957168579,safe
./iccad-official\iccad1\test\test_nhs\NNHS243.png7.png,0,0.0079785585403442,safe
./iccad-official\iccad1\test\test_nhs\NNHS243.png8.png,0,0.0079785585403442,safe
./iccad-official\iccad1\test\test_nhs\NNHS243.png9.png,0,0.0079785585403442,safe
./iccad-official\iccad1\test\test_nhs\NNHS244.png1.png,0,0.0005639791488647,safe
./iccad-official\iccad1\test\test_nhs\NNHS244.png2.png,0,0.0005639791488647,safe
./iccad-official\iccad1\test\test_nhs\NNHS244.png3.png,0,0.0005639791488647,safe
./iccad-official\iccad1\test\test_nhs\NNHS244.png4.png,0,0.0183998346328735,safe
./iccad-official\iccad1\test\test_nhs\NNHS244.png6.png,0,0.0335920453071594,safe
./iccad-official\iccad1\test\test_nhs\NNHS244.png7.png,0,0.0092172026634216,safe
./iccad-official\iccad1\test\test_nhs\NNHS244.png8.png,0,0.0008617639541625,safe
./iccad-official\iccad1\test\test_nhs\NNHS244.png9.png,0,0.0043785572052001,safe
./iccad-official\iccad1\test\test_nhs\NNHS245.png1.png,0,0.0004968643188476,safe
./iccad-official\iccad1\test\test_nhs\NNHS245.png2.png,0,0.0005639791488647,safe
./iccad-official\iccad1\test\test_nhs\NNHS245.png3.png,0,0.0005639791488647,safe
./iccad-official\iccad1\test\test_nhs\NNHS245.png4.png,0,0.0256130695343017,safe
./iccad-official\iccad1\test\test_nhs\NNHS245.png6.png,0,0.014146864414215,safe
./iccad-official\iccad1\test\test_nhs\NNHS245.png7.png,0,0.0011978149414062,safe
./iccad-official\iccad1\test\test_nhs\NNHS245.png8.png,0,0.0157970190048217,safe
./iccad-official\iccad1\test\test_nhs\NNHS245.png9.png,0,0.0107896924018859,safe
./iccad-official\iccad1\test\test_nhs\NNHS246.png1.png,0,0.0010300874710083,safe
./iccad-official\iccad1\test\test_nhs\NNHS246.png2.png,0,0.0011195540428161,safe
./iccad-official\iccad1\test\test_nhs\NNHS246.png3.png,0,0.001541256904602,safe
./iccad-official\iccad1\test\test_nhs\NNHS246.png4.png,0,0.0011502504348754,safe
./iccad-official\iccad1\test\test_nhs\NNHS246.png6.png,0,0.0042394995689392,safe
./iccad-official\iccad1\test\test_nhs\NNHS246.png7.png,0,0.003702700138092,safe
./iccad-official\iccad1\test\test_nhs\NNHS246.png8.png,0,0.0016760826110839,safe
./iccad-official\iccad1\test\test_nhs\NNHS246.png9.png,0,0.0016760826110839,safe
./iccad-official\iccad1\test\test_nhs\NNHS247.png1.png,0,0.0009794235229492,safe
./iccad-official\iccad1\test\test_nhs\NNHS247.png2.png,0,0.0014047026634216,safe
./iccad-official\iccad1\test\test_nhs\NNHS247.png3.png,0,0.0019803047180175,safe
./iccad-official\iccad1\test\test_nhs\NNHS247.png4.png,0,0.0238403677940368,safe
./iccad-official\iccad1\test\test_nhs\NNHS247.png6.png,0,0.0327813625335693,safe
./iccad-official\iccad1\test\test_nhs\NNHS247.png7.png,0,0.0163702964782714,safe
./iccad-official\iccad1\test\test_nhs\NNHS247.png8.png,0,0.0079785585403442,safe
./iccad-official\iccad1\test\test_nhs\NNHS247.png9.png,0,0.0079785585403442,safe
./iccad-official\iccad1\test\test_nhs\NNHS248.png1.png,0,0.001111626625061,safe
./iccad-official\iccad1\test\test_nhs\NNHS248.png2.png,0,0.0010196566581726,safe
./iccad-official\iccad1\test\test_nhs\NNHS248.png3.png,0,0.0011438727378845,safe
./iccad-official\iccad1\test\test_nhs\NNHS248.png4.png,0,0.0101031064987182,safe
./iccad-official\iccad1\test\test_nhs\NNHS248.png6.png,0,0.0088822841644287,safe
./iccad-official\iccad1\test\test_nhs\NNHS248.png7.png,0,0.0084707736968994,safe
./iccad-official\iccad1\test\test_nhs\NNHS248.png8.png,0,0.0064324140548706,safe
./iccad-official\iccad1\test\test_nhs\NNHS248.png9.png,0,0.0075230002403259,safe
./iccad-official\iccad1\test\test_nhs\NNHS249.png1.png,0,0.0008713603019714,safe
./iccad-official\iccad1\test\test_nhs\NNHS249.png2.png,0,0.001851201057434,safe
./iccad-official\iccad1\test\test_nhs\NNHS249.png3.png,0,0.0008713603019714,safe
./iccad-official\iccad1\test\test_nhs\NNHS249.png4.png,0,0.0228371620178222,safe
./iccad-official\iccad1\test\test_nhs\NNHS249.png6.png,0,0.0161267518997192,safe
./iccad-official\iccad1\test\test_nhs\NNHS249.png7.png,0,0.0054900646209716,safe
./iccad-official\iccad1\test\test_nhs\NNHS249.png8.png,0,0.0036808252334594,safe
./iccad-official\iccad1\test\test_nhs\NNHS249.png9.png,0,0.0059287548065185,safe
./iccad-official\iccad1\test\test_nhs\NNHS250.png1.png,0,0.0007727742195129,safe
./iccad-official\iccad1\test\test_nhs\NNHS250.png2.png,0,0.0007727742195129,safe
./iccad-official\iccad1\test\test_nhs\NNHS250.png3.png,0,0.0007727742195129,safe
./iccad-official\iccad1\test\test_nhs\NNHS250.png4.png,0,0.0045046210289001,safe
./iccad-official\iccad1\test\test_nhs\NNHS250.png6.png,0,0.0059635043144226,safe
./iccad-official\iccad1\test\test_nhs\NNHS250.png7.png,0,0.0196346640586853,safe
./iccad-official\iccad1\test\test_nhs\NNHS250.png8.png,0,0.0058763027191162,safe
./iccad-official\iccad1\test\test_nhs\NNHS250.png9.png,0,0.0108190774917602,safe
./iccad-official\iccad1\test\test_nhs\NNHS251.png1.png,0,0.0004589557647705,safe
./iccad-official\iccad1\test\test_nhs\NNHS251.png2.png,0,0.0005639791488647,safe
./iccad-official\iccad1\test\test_nhs\NNHS251.png3.png,0,0.0008928775787353,safe
./iccad-official\iccad1\test\test_nhs\NNHS251.png4.png,0,0.0072377324104309,safe
./iccad-official\iccad1\test\test_nhs\NNHS251.png6.png,0,0.0089747309684753,safe
./iccad-official\iccad1\test\test_nhs\NNHS251.png7.png,0,0.0097010731697082,safe
./iccad-official\iccad1\test\test_nhs\NNHS251.png8.png,0,0.0171972513198852,safe
./iccad-official\iccad1\test\test_nhs\NNHS251.png9.png,0,0.0056375265121459,safe
./iccad-official\iccad1\test\test_nhs\NNHS252.png1.png,0,0.0005639791488647,safe
./iccad-official\iccad1\test\test_nhs\NNHS252.png2.png,0,0.0005639791488647,safe
./iccad-official\iccad1\test\test_nhs\NNHS252.png3.png,0,0.0006243586540222,safe
./iccad-official\iccad1\test\test_nhs\NNHS252.png4.png,0,0.0093833804130554,safe
./iccad-official\iccad1\test\test_nhs\NNHS252.png6.png,0,0.014270544052124,safe
./iccad-official\iccad1\test\test_nhs\NNHS252.png7.png,0,0.0064131617546081,safe
./iccad-official\iccad1\test\test_nhs\NNHS252.png8.png,0,0.0026441216468811,safe
./iccad-official\iccad1\test\test_nhs\NNHS252.png9.png,0,0.0073871612548828,safe
./iccad-official\iccad1\test\test_nhs\NNHS253.png1.png,0,0.0005639791488647,safe
./iccad-official\iccad1\test\test_nhs\NNHS253.png2.png,0,0.0005639791488647,safe
./iccad-official\iccad1\test\test_nhs\NNHS253.png3.png,0,0.0005639791488647,safe
./iccad-official\iccad1\test\test_nhs\NNHS253.png4.png,0,0.0161267518997192,safe
./iccad-official\iccad1\test\test_nhs\NNHS253.png6.png,0,0.0161267518997192,safe
./iccad-official\iccad1\test\test_nhs\NNHS253.png7.png,0,0.0051681995391845,safe
./iccad-official\iccad1\test\test_nhs\NNHS253.png8.png,0,0.0034987330436706,safe
./iccad-official\iccad1\test\test_nhs\NNHS253.png9.png,0,0.0106679797172546,safe
./iccad-official\iccad1\test\test_nhs\NNHS254.png1.png,0,0.0006446242332458,safe
./iccad-official\iccad1\test\test_nhs\NNHS254.png2.png,0,0.0066342949867248,safe
./iccad-official\iccad1\test\test_nhs\NNHS254.png3.png,0,0.0016669631004333,safe
./iccad-official\iccad1\test\test_nhs\NNHS254.png4.png,0,0.0161267518997192,safe
./iccad-official\iccad1\test\test_nhs\NNHS254.png6.png,0,0.0161267518997192,safe
./iccad-official\iccad1\test\test_nhs\NNHS254.png7.png,0,0.0065727829933166,safe
./iccad-official\iccad1\test\test_nhs\NNHS254.png8.png,0,0.0132573843002319,safe
./iccad-official\iccad1\test\test_nhs\NNHS254.png9.png,0,0.0096830129623413,safe
./iccad-official\iccad1\test\test_nhs\NNHS255.png1.png,0,0.0005639791488647,safe
./iccad-official\iccad1\test\test_nhs\NNHS255.png2.png,0,0.0019559264183044,safe
./iccad-official\iccad1\test\test_nhs\NNHS255.png3.png,0,0.0005639791488647,safe
./iccad-official\iccad1\test\test_nhs\NNHS255.png4.png,0,0.0232582688331604,safe
./iccad-official\iccad1\test\test_nhs\NNHS255.png6.png,0,0.0161267518997192,safe
./iccad-official\iccad1\test\test_nhs\NNHS255.png7.png,0,0.0330498218536376,safe
./iccad-official\iccad1\test\test_nhs\NNHS255.png8.png,0,0.0018879771232604,safe
./iccad-official\iccad1\test\test_nhs\NNHS255.png9.png,0,0.0091718435287475,safe
./iccad-official\iccad1\test\test_nhs\NNHS256.png1.png,0,0.0008713603019714,safe
./iccad-official\iccad1\test\test_nhs\NNHS256.png2.png,0,0.0008713603019714,safe
./iccad-official\iccad1\test\test_nhs\NNHS256.png3.png,0,0.0015782713890075,safe
./iccad-official\iccad1\test\test_nhs\NNHS256.png4.png,0,0.0161267518997192,safe
./iccad-official\iccad1\test\test_nhs\NNHS256.png6.png,0,0.0076266527175903,safe
./iccad-official\iccad1\test\test_nhs\NNHS256.png7.png,0,0.0018389821052551,safe
./iccad-official\iccad1\test\test_nhs\NNHS256.png8.png,0,0.0022084712982177,safe
./iccad-official\iccad1\test\test_nhs\NNHS256.png9.png,0,0.0016760826110839,safe
./iccad-official\iccad1\test\test_nhs\NNHS257.png1.png,0,0.0007694959640502,safe
./iccad-official\iccad1\test\test_nhs\NNHS257.png2.png,0,0.0034146308898925,safe
./iccad-official\iccad1\test\test_nhs\NNHS257.png3.png,0,0.0017197132110595,safe
./iccad-official\iccad1\test\test_nhs\NNHS257.png4.png,0,0.0112044215202331,safe
./iccad-official\iccad1\test\test_nhs\NNHS257.png6.png,0,0.0250993371009826,safe
./iccad-official\iccad1\test\test_nhs\NNHS257.png7.png,0,0.0119792819023132,safe
./iccad-official\iccad1\test\test_nhs\NNHS257.png8.png,0,0.0164486765861511,safe
./iccad-official\iccad1\test\test_nhs\NNHS257.png9.png,0,0.0046184062957763,safe
./iccad-official\iccad1\test\test_nhs\NNHS258.png1.png,0,0.0010594725608825,safe
./iccad-official\iccad1\test\test_nhs\NNHS258.png2.png,0,0.0015906691551208,safe
./iccad-official\iccad1\test\test_nhs\NNHS258.png3.png,0,0.0015906691551208,safe
./iccad-official\iccad1\test\test_nhs\NNHS258.png4.png,0,0.0161267518997192,safe
./iccad-official\iccad1\test\test_nhs\NNHS258.png6.png,0,0.0161267518997192,safe
./iccad-official\iccad1\test\test_nhs\NNHS258.png7.png,0,0.0108190774917602,safe
./iccad-official\iccad1\test\test_nhs\NNHS258.png8.png,0,0.0073738694190979,safe
./iccad-official\iccad1\test\test_nhs\NNHS258.png9.png,0,0.0079785585403442,safe
./iccad-official\iccad1\test\test_nhs\NNHS259.png1.png,0,0.001356303691864,safe
./iccad-official\iccad1\test\test_nhs\NNHS259.png2.png,0,0.001356303691864,safe
./iccad-official\iccad1\test\test_nhs\NNHS259.png3.png,0,0.001356303691864,safe
./iccad-official\iccad1\test\test_nhs\NNHS259.png4.png,0,0.0091755390167236,safe
./iccad-official\iccad1\test\test_nhs\NNHS259.png6.png,0,0.0040554404258728,safe
./iccad-official\iccad1\test\test_nhs\NNHS259.png7.png,0,0.0016760826110839,safe
./iccad-official\iccad1\test\test_nhs\NNHS259.png8.png,0,0.0010613203048706,safe
./iccad-official\iccad1\test\test_nhs\NNHS259.png9.png,0,0.0010709166526794,safe
./iccad-official\iccad1\test\test_nhs\NNHS260.png1.png,0,0.0009196400642395,safe
./iccad-official\iccad1\test\test_nhs\NNHS260.png2.png,0,0.001091182231903,safe
./iccad-official\iccad1\test\test_nhs\NNHS260.png3.png,0,0.0003309249877929,safe
./iccad-official\iccad1\test\test_nhs\NNHS260.png4.png,0,0.0199788808822631,safe
./iccad-official\iccad1\test\test_nhs\NNHS260.png6.png,0,0.0161267518997192,safe
./iccad-official\iccad1\test\test_nhs\NNHS260.png7.png,0,0.0077043175697326,safe
./iccad-official\iccad1\test\test_nhs\NNHS260.png8.png,0,0.0021878480911254,safe
./iccad-official\iccad1\test\test_nhs\NNHS260.png9.png,0,0.0021819472312927,safe
./iccad-official\iccad1\test\test_nhs\NNHS261.png1.png,0,0.0005639791488647,safe
./iccad-official\iccad1\test\test_nhs\NNHS261.png2.png,0,0.0005639791488647,safe
./iccad-official\iccad1\test\test_nhs\NNHS261.png3.png,0,0.0006651878356933,safe
./iccad-official\iccad1\test\test_nhs\NNHS261.png4.png,0,0.007192850112915,safe
./iccad-official\iccad1\test\test_nhs\NNHS261.png6.png,0,0.0078805088996887,safe
./iccad-official\iccad1\test\test_nhs\NNHS261.png7.png,0,0.0100980401039123,safe
./iccad-official\iccad1\test\test_nhs\NNHS261.png8.png,0,0.0100980401039123,safe
./iccad-official\iccad1\test\test_nhs\NNHS261.png9.png,0,0.0100980401039123,safe
./iccad-official\iccad1\test\test_nhs\NNHS262.png1.png,0,0.0133893489837646,safe
./iccad-official\iccad1\test\test_nhs\NNHS262.png2.png,0,0.0007652640342712,safe
./iccad-official\iccad1\test\test_nhs\NNHS262.png3.png,0,0.0007709860801696,safe
./iccad-official\iccad1\test\test_nhs\NNHS262.png4.png,0,0.0161267518997192,safe
./iccad-official\iccad1\test\test_nhs\NNHS262.png6.png,0,0.0161267518997192,safe
./iccad-official\iccad1\test\test_nhs\NNHS262.png7.png,0,0.0108190774917602,safe
./iccad-official\iccad1\test\test_nhs\NNHS262.png8.png,0,0.0108190774917602,safe
./iccad-official\iccad1\test\test_nhs\NNHS262.png9.png,0,0.0178987979888916,safe
./iccad-official\iccad1\test\test_nhs\NNHS263.png1.png,0,0.00184828042984,safe
./iccad-official\iccad1\test\test_nhs\NNHS263.png2.png,0,0.0006103515625,safe
./iccad-official\iccad1\test\test_nhs\NNHS263.png3.png,0,0.0005639791488647,safe
./iccad-official\iccad1\test\test_nhs\NNHS263.png4.png,0,0.007489800453186,safe
./iccad-official\iccad1\test\test_nhs\NNHS263.png6.png,0,0.0074547529220581,safe
./iccad-official\iccad1\test\test_nhs\NNHS263.png7.png,0,0.0166016817092895,safe
./iccad-official\iccad1\test\test_nhs\NNHS263.png8.png,0,0.0368393063545227,safe
./iccad-official\iccad1\test\test_nhs\NNHS263.png9.png,0,0.0092512965202331,safe
./iccad-official\iccad1\test\test_nhs\NNHS264.png1.png,0,0.0010335445404052,safe
./iccad-official\iccad1\test\test_nhs\NNHS264.png2.png,0,0.0008360147476196,safe
./iccad-official\iccad1\test\test_nhs\NNHS264.png3.png,0,0.0007446408271789,safe
./iccad-official\iccad1\test\test_nhs\NNHS264.png4.png,0,0.0177048444747924,safe
./iccad-official\iccad1\test\test_nhs\NNHS264.png6.png,0,0.0147600769996643,safe
./iccad-official\iccad1\test\test_nhs\NNHS264.png7.png,0,0.0162567496299743,safe
./iccad-official\iccad1\test\test_nhs\NNHS264.png8.png,0,0.0192020535469055,safe
./iccad-official\iccad1\test\test_nhs\NNHS264.png9.png,0,0.0091718435287475,safe
./iccad-official\iccad1\test\test_nhs\NNHS265.png1.png,0,0.0008436441421508,safe
./iccad-official\iccad1\test\test_nhs\NNHS265.png2.png,0,0.0011764764785766,safe
./iccad-official\iccad1\test\test_nhs\NNHS265.png3.png,0,0.0011764764785766,safe
./iccad-official\iccad1\test\test_nhs\NNHS265.png4.png,0,0.0048974156379699,safe
./iccad-official\iccad1\test\test_nhs\NNHS265.png6.png,0,0.0477609634399414,safe
./iccad-official\iccad1\test\test_nhs\NNHS265.png7.png,0,0.0006165504455566,safe
./iccad-official\iccad1\test\test_nhs\NNHS265.png8.png,0,0.0004910230636596,safe
./iccad-official\iccad1\test\test_nhs\NNHS265.png9.png,0,0.0007697939872741,safe
./iccad-official\iccad1\test\test_nhs\NNHS266.png1.png,0,0.001834213733673,safe
./iccad-official\iccad1\test\test_nhs\NNHS266.png2.png,0,0.001186192035675,safe
./iccad-official\iccad1\test\test_nhs\NNHS266.png3.png,0,0.0004789233207702,safe
./iccad-official\iccad1\test\test_nhs\NNHS266.png4.png,0,0.0029674172401428,safe
./iccad-official\iccad1\test\test_nhs\NNHS266.png6.png,0,0.0139073133468627,safe
./iccad-official\iccad1\test\test_nhs\NNHS266.png7.png,0,0.0131669044494628,safe
./iccad-official\iccad1\test\test_nhs\NNHS266.png8.png,0,0.0131669044494628,safe
./iccad-official\iccad1\test\test_nhs\NNHS266.png9.png,0,0.0131669044494628,safe
./iccad-official\iccad1\test\test_nhs\NNHS267.png1.png,0,0.0005639791488647,safe
./iccad-official\iccad1\test\test_nhs\NNHS267.png2.png,0,0.0005639791488647,safe
./iccad-official\iccad1\test\test_nhs\NNHS267.png3.png,0,0.0009658336639404,safe
./iccad-official\iccad1\test\test_nhs\NNHS267.png4.png,0,0.0176233053207397,safe
./iccad-official\iccad1\test\test_nhs\NNHS267.png6.png,0,0.0068864822387695,safe
./iccad-official\iccad1\test\test_nhs\NNHS267.png7.png,0,0.0046796202659606,safe
./iccad-official\iccad1\test\test_nhs\NNHS267.png8.png,0,0.0009616613388061,safe
./iccad-official\iccad1\test\test_nhs\NNHS267.png9.png,0,0.000924527645111,safe
./iccad-official\iccad1\test\test_nhs\NNHS268.png1.png,0,0.0004559159278869,safe
./iccad-official\iccad1\test\test_nhs\NNHS268.png2.png,0,0.0002892017364501,safe
./iccad-official\iccad1\test\test_nhs\NNHS268.png3.png,0,0.0005059838294982,safe
./iccad-official\iccad1\test\test_nhs\NNHS268.png4.png,0,0.0117806792259216,safe
./iccad-official\iccad1\test\test_nhs\NNHS268.png6.png,0,0.0117806792259216,safe
./iccad-official\iccad1\test\test_nhs\NNHS268.png7.png,0,0.0016760826110839,safe
./iccad-official\iccad1\test\test_nhs\NNHS268.png8.png,0,0.0016760826110839,safe
./iccad-official\iccad1\test\test_nhs\NNHS268.png9.png,0,0.0016760826110839,safe
./iccad-official\iccad1\test\test_nhs\NNHS269.png1.png,0,0.0014900565147399,safe
./iccad-official\iccad1\test\test_nhs\NNHS269.png2.png,0,0.0017401576042175,safe
./iccad-official\iccad1\test\test_nhs\NNHS269.png3.png,0,0.00092613697052,safe
./iccad-official\iccad1\test\test_nhs\NNHS269.png4.png,0,0.0238403677940368,safe
./iccad-official\iccad1\test\test_nhs\NNHS269.png6.png,0,0.0238403677940368,safe
./iccad-official\iccad1\test\test_nhs\NNHS269.png7.png,0,0.0008820295333862,safe
./iccad-official\iccad1\test\test_nhs\NNHS269.png8.png,0,0.0007612705230712,safe
./iccad-official\iccad1\test\test_nhs\NNHS269.png9.png,0,0.0088073015213012,safe
./iccad-official\iccad1\test\test_nhs\NNHS270.png1.png,0,0.0004552602767944,safe
./iccad-official\iccad1\test\test_nhs\NNHS270.png2.png,0,0.000317096710205,safe
./iccad-official\iccad1\test\test_nhs\NNHS270.png3.png,0,0.0002892017364501,safe
./iccad-official\iccad1\test\test_nhs\NNHS270.png4.png,0,0.0095354318618774,safe
./iccad-official\iccad1\test\test_nhs\NNHS270.png6.png,0,0.0230737328529357,safe
./iccad-official\iccad1\test\test_nhs\NNHS270.png7.png,0,0.0064996480941772,safe
./iccad-official\iccad1\test\test_nhs\NNHS270.png8.png,0,0.0071011781692504,safe
./iccad-official\iccad1\test\test_nhs\NNHS270.png9.png,0,0.0045598745346069,safe
./iccad-official\iccad1\test\test_nhs\NNHS271.png1.png,0,0.0007216334342956,safe
./iccad-official\iccad1\test\test_nhs\NNHS271.png2.png,0,0.0029863119125366,safe
./iccad-official\iccad1\test\test_nhs\NNHS271.png3.png,0,0.0008853077888488,safe
./iccad-official\iccad1\test\test_nhs\NNHS271.png4.png,0,0.0199788808822631,safe
./iccad-official\iccad1\test\test_nhs\NNHS271.png6.png,0,0.0161267518997192,safe
./iccad-official\iccad1\test\test_nhs\NNHS271.png7.png,0,0.0140442848205566,safe
./iccad-official\iccad1\test\test_nhs\NNHS271.png8.png,0,0.0216583609580993,safe
./iccad-official\iccad1\test\test_nhs\NNHS271.png9.png,0,0.0166016817092895,safe
./iccad-official\iccad1\test\test_nhs\NNHS272.png1.png,0,0.0012939572334289,safe
./iccad-official\iccad1\test\test_nhs\NNHS272.png2.png,0,0.0012107491493225,safe
./iccad-official\iccad1\test\test_nhs\NNHS272.png3.png,0,0.0011796951293945,safe
./iccad-official\iccad1\test\test_nhs\NNHS272.png4.png,0,0.0230737328529357,safe
./iccad-official\iccad1\test\test_nhs\NNHS272.png6.png,0,0.0230737328529357,safe
./iccad-official\iccad1\test\test_nhs\NNHS272.png7.png,0,0.0053145885467529,safe
./iccad-official\iccad1\test\test_nhs\NNHS272.png8.png,0,0.0049436092376708,safe
./iccad-official\iccad1\test\test_nhs\NNHS272.png9.png,0,0.0079785585403442,safe
./iccad-official\iccad1\test\test_nhs\NNHS273.png1.png,0,0.000914990901947,safe
./iccad-official\iccad1\test\test_nhs\NNHS273.png2.png,0,0.0017238855361938,safe
./iccad-official\iccad1\test\test_nhs\NNHS273.png3.png,0,0.000745952129364,safe
./iccad-official\iccad1\test\test_nhs\NNHS273.png4.png,0,0.0241396427154541,safe
./iccad-official\iccad1\test\test_nhs\NNHS273.png6.png,0,0.0492984056472778,safe
./iccad-official\iccad1\test\test_nhs\NNHS273.png7.png,0,0.0239168405532836,safe
./iccad-official\iccad1\test\test_nhs\NNHS273.png8.png,0,0.0079785585403442,safe
./iccad-official\iccad1\test\test_nhs\NNHS273.png9.png,0,0.0079785585403442,safe
./iccad-official\iccad1\test\test_nhs\NNHS274.png1.png,0,0.0009257793426513,safe
./iccad-official\iccad1\test\test_nhs\NNHS274.png2.png,0,0.0011764764785766,safe
./iccad-official\iccad1\test\test_nhs\NNHS274.png3.png,0,0.0011144876480102,safe
./iccad-official\iccad1\test\test_nhs\NNHS274.png4.png,0,0.0335920453071594,safe
./iccad-official\iccad1\test\test_nhs\NNHS274.png6.png,0,0.0566057562828063,safe
./iccad-official\iccad1\test\test_nhs\NNHS274.png7.png,0,0.0103387236595153,safe
./iccad-official\iccad1\test\test_nhs\NNHS274.png8.png,0,0.0108190774917602,safe
./iccad-official\iccad1\test\test_nhs\NNHS274.png9.png,0,0.0108190774917602,safe
./iccad-official\iccad1\test\test_nhs\NNHS275.png1.png,0,0.0005639791488647,safe
./iccad-official\iccad1\test\test_nhs\NNHS275.png2.png,0,0.0005639791488647,safe
./iccad-official\iccad1\test\test_nhs\NNHS275.png3.png,0,0.0005639791488647,safe
./iccad-official\iccad1\test\test_nhs\NNHS275.png4.png,0,0.0072377324104309,safe
./iccad-official\iccad1\test\test_nhs\NNHS275.png6.png,0,0.0072377324104309,safe
./iccad-official\iccad1\test\test_nhs\NNHS275.png7.png,0,0.0091602802276611,safe
./iccad-official\iccad1\test\test_nhs\NNHS275.png8.png,0,0.0053591728210449,safe
./iccad-official\iccad1\test\test_nhs\NNHS275.png9.png,0,0.0129597783088684,safe
./iccad-official\iccad1\test\test_nhs\NNHS276.png1.png,0,0.0017635822296142,safe
./iccad-official\iccad1\test\test_nhs\NNHS276.png2.png,0,0.0007617473602294,safe
./iccad-official\iccad1\test\test_nhs\NNHS276.png3.png,0,0.0005639791488647,safe
./iccad-official\iccad1\test\test_nhs\NNHS276.png4.png,0,0.0230737328529357,safe
./iccad-official\iccad1\test\test_nhs\NNHS276.png6.png,0,0.0161307454109191,safe
./iccad-official\iccad1\test\test_nhs\NNHS276.png7.png,0,0.0027721524238586,safe
./iccad-official\iccad1\test\test_nhs\NNHS276.png8.png,0,0.0065727829933166,safe
./iccad-official\iccad1\test\test_nhs\NNHS276.png9.png,0,0.0160286426544189,safe
./iccad-official\iccad1\test\test_nhs\NNHS277.png1.png,0,0.0010461807250976,safe
./iccad-official\iccad1\test\test_nhs\NNHS277.png2.png,0,0.0003436207771301,safe
./iccad-official\iccad1\test\test_nhs\NNHS277.png3.png,0,0.0005639791488647,safe
./iccad-official\iccad1\test\test_nhs\NNHS277.png4.png,0,0.0161267518997192,safe
./iccad-official\iccad1\test\test_nhs\NNHS277.png6.png,0,0.0161267518997192,safe
./iccad-official\iccad1\test\test_nhs\NNHS277.png7.png,0,0.0029395222663879,safe
./iccad-official\iccad1\test\test_nhs\NNHS277.png8.png,0,0.0060809254646301,safe
./iccad-official\iccad1\test\test_nhs\NNHS277.png9.png,0,0.0131669044494628,safe
./iccad-official\iccad1\test\test_nhs\NNHS278.png1.png,0,0.0010613203048706,safe
./iccad-official\iccad1\test\test_nhs\NNHS278.png2.png,0,0.0018176436424255,safe
./iccad-official\iccad1\test\test_nhs\NNHS278.png3.png,0,0.0013819336891174,safe
./iccad-official\iccad1\test\test_nhs\NNHS278.png4.png,0,0.0078805088996887,safe
./iccad-official\iccad1\test\test_nhs\NNHS278.png6.png,0,0.0078805088996887,safe
./iccad-official\iccad1\test\test_nhs\NNHS278.png7.png,0,0.0029395222663879,safe
./iccad-official\iccad1\test\test_nhs\NNHS278.png8.png,0,0.0035162568092346,safe
./iccad-official\iccad1\test\test_nhs\NNHS278.png9.png,0,0.0018295645713806,safe
./iccad-official\iccad1\test\test_nhs\NNHS279.png1.png,0,0.0008931756019592,safe
./iccad-official\iccad1\test\test_nhs\NNHS279.png2.png,0,0.0005639791488647,safe
./iccad-official\iccad1\test\test_nhs\NNHS279.png3.png,0,0.0005639791488647,safe
./iccad-official\iccad1\test\test_nhs\NNHS279.png4.png,0,0.0161267518997192,safe
./iccad-official\iccad1\test\test_nhs\NNHS279.png6.png,0,0.0161267518997192,safe
./iccad-official\iccad1\test\test_nhs\NNHS279.png7.png,0,0.0108190774917602,safe
./iccad-official\iccad1\test\test_nhs\NNHS279.png8.png,0,0.0108190774917602,safe
./iccad-official\iccad1\test\test_nhs\NNHS279.png9.png,0,0.0120919346809387,safe
./iccad-official\iccad1\test\test_nhs\NNHS280.png1.png,0,0.0004436373710632,safe
./iccad-official\iccad1\test\test_nhs\NNHS280.png2.png,0,0.0024416446685791,safe
./iccad-official\iccad1\test\test_nhs\NNHS280.png3.png,0,0.0018081665039062,safe
./iccad-official\iccad1\test\test_nhs\NNHS280.png4.png,0,0.0161267518997192,safe
./iccad-official\iccad1\test\test_nhs\NNHS280.png6.png,0,0.0161267518997192,safe
./iccad-official\iccad1\test\test_nhs\NNHS280.png7.png,0,0.0166016817092895,safe
./iccad-official\iccad1\test\test_nhs\NNHS280.png8.png,0,0.0166016817092895,safe
./iccad-official\iccad1\test\test_nhs\NNHS280.png9.png,0,0.0174427032470703,safe
./iccad-official\iccad1\test\test_nhs\NNHS281.png1.png,0,0.002074658870697,safe
./iccad-official\iccad1\test\test_nhs\NNHS281.png2.png,0,0.0010756254196166,safe
./iccad-official\iccad1\test\test_nhs\NNHS281.png3.png,0,0.0005427598953247,safe
./iccad-official\iccad1\test\test_nhs\NNHS281.png4.png,0,0.0161267518997192,safe
./iccad-official\iccad1\test\test_nhs\NNHS281.png6.png,0,0.0161267518997192,safe
./iccad-official\iccad1\test\test_nhs\NNHS281.png7.png,0,0.0079785585403442,safe
./iccad-official\iccad1\test\test_nhs\NNHS281.png8.png,0,0.0079785585403442,safe
./iccad-official\iccad1\test\test_nhs\NNHS281.png9.png,0,0.0031940340995788,safe
./iccad-official\iccad1\test\test_nhs\NNHS282.png1.png,0,0.0006784796714782,safe
./iccad-official\iccad1\test\test_nhs\NNHS282.png2.png,0,0.0016390681266784,safe
./iccad-official\iccad1\test\test_nhs\NNHS282.png3.png,0,0.0011764764785766,safe
./iccad-official\iccad1\test\test_nhs\NNHS282.png4.png,0,0.0161267518997192,safe
./iccad-official\iccad1\test\test_nhs\NNHS282.png6.png,0,0.0161267518997192,safe
./iccad-official\iccad1\test\test_nhs\NNHS282.png7.png,0,0.012683629989624,safe
./iccad-official\iccad1\test\test_nhs\NNHS282.png8.png,0,0.0042064189910888,safe
./iccad-official\iccad1\test\test_nhs\NNHS282.png9.png,0,0.00696462392807,safe
./iccad-official\iccad1\test\test_nhs\NNHS283.png1.png,0,0.0005639791488647,safe
./iccad-official\iccad1\test\test_nhs\NNHS283.png2.png,0,0.0005639791488647,safe
./iccad-official\iccad1\test\test_nhs\NNHS283.png3.png,0,0.0006361603736877,safe
./iccad-official\iccad1\test\test_nhs\NNHS283.png4.png,0,0.0230737328529357,safe
./iccad-official\iccad1\test\test_nhs\NNHS283.png6.png,0,0.0172513127326965,safe
./iccad-official\iccad1\test\test_nhs\NNHS283.png7.png,0,0.0010461211204528,safe
./iccad-official\iccad1\test\test_nhs\NNHS283.png8.png,0,0.0007326006889343,safe
./iccad-official\iccad1\test\test_nhs\NNHS283.png9.png,0,0.0097755789756774,safe
./iccad-official\iccad1\test\test_nhs\NNHS284.png1.png,0,0.0005597472190856,safe
./iccad-official\iccad1\test\test_nhs\NNHS284.png2.png,0,0.0002539157867431,safe
./iccad-official\iccad1\test\test_nhs\NNHS284.png3.png,0,0.0005639791488647,safe
./iccad-official\iccad1\test\test_nhs\NNHS284.png4.png,0,0.0161267518997192,safe
./iccad-official\iccad1\test\test_nhs\NNHS284.png6.png,0,0.0161267518997192,safe
./iccad-official\iccad1\test\test_nhs\NNHS284.png7.png,0,0.0065727829933166,safe
./iccad-official\iccad1\test\test_nhs\NNHS284.png8.png,0,0.0032379031181335,safe
./iccad-official\iccad1\test\test_nhs\NNHS284.png9.png,0,0.0060754418373107,safe
./iccad-official\iccad1\test\test_nhs\NNHS285.png1.png,0,0.0005639791488647,safe
./iccad-official\iccad1\test\test_nhs\NNHS285.png2.png,0,0.0005639791488647,safe
./iccad-official\iccad1\test\test_nhs\NNHS285.png3.png,0,0.0005639791488647,safe
./iccad-official\iccad1\test\test_nhs\NNHS285.png4.png,0,0.0065086483955383,safe
./iccad-official\iccad1\test\test_nhs\NNHS285.png6.png,0,0.0074547529220581,safe
./iccad-official\iccad1\test\test_nhs\NNHS285.png7.png,0,0.0016838908195495,safe
./iccad-official\iccad1\test\test_nhs\NNHS285.png8.png,0,0.000472068786621,safe
./iccad-official\iccad1\test\test_nhs\NNHS285.png9.png,0,0.00510174036026,safe
./iccad-official\iccad1\test\test_nhs\NNHS286.png1.png,0,0.0005639791488647,safe
./iccad-official\iccad1\test\test_nhs\NNHS286.png2.png,0,0.0007826685905456,safe
./iccad-official\iccad1\test\test_nhs\NNHS286.png3.png,0,0.000544786453247,safe
./iccad-official\iccad1\test\test_nhs\NNHS286.png4.png,0,0.0161267518997192,safe
./iccad-official\iccad1\test\test_nhs\NNHS286.png6.png,0,0.0078805088996887,safe
./iccad-official\iccad1\test\test_nhs\NNHS286.png7.png,0,0.0111802816390991,safe
./iccad-official\iccad1\test\test_nhs\NNHS286.png8.png,0,0.005296766757965,safe
./iccad-official\iccad1\test\test_nhs\NNHS286.png9.png,0,0.0040034651756286,safe
./iccad-official\iccad1\test\test_nhs\NNHS287.png1.png,0,0.0005639791488647,safe
./iccad-official\iccad1\test\test_nhs\NNHS287.png2.png,0,0.0005639791488647,safe
./iccad-official\iccad1\test\test_nhs\NNHS287.png3.png,0,0.0005639791488647,safe
./iccad-official\iccad1\test\test_nhs\NNHS287.png4.png,0,0.0148936510086059,safe
./iccad-official\iccad1\test\test_nhs\NNHS287.png6.png,0,0.0122151374816894,safe
./iccad-official\iccad1\test\test_nhs\NNHS287.png7.png,0,0.003674030303955,safe
./iccad-official\iccad1\test\test_nhs\NNHS287.png8.png,0,0.0166016817092895,safe
./iccad-official\iccad1\test\test_nhs\NNHS287.png9.png,0,0.0166016817092895,safe
./iccad-official\iccad1\test\test_nhs\NNHS288.png1.png,0,0.0011438727378845,safe
./iccad-official\iccad1\test\test_nhs\NNHS288.png2.png,0,0.0029237866401672,safe
./iccad-official\iccad1\test\test_nhs\NNHS288.png3.png,0,0.0010572671890258,safe
./iccad-official\iccad1\test\test_nhs\NNHS288.png4.png,0,0.0477626919746398,safe
./iccad-official\iccad1\test\test_nhs\NNHS288.png6.png,0,0.0477610230445861,safe
./iccad-official\iccad1\test\test_nhs\NNHS288.png7.png,0,0.0018163919448852,safe
./iccad-official\iccad1\test\test_nhs\NNHS288.png8.png,0,0.0054202675819396,safe
./iccad-official\iccad1\test\test_nhs\NNHS288.png9.png,0,0.0050063729286193,safe
./iccad-official\iccad1\test\test_nhs\NNHS289.png1.png,0,0.0005306005477905,safe
./iccad-official\iccad1\test\test_nhs\NNHS289.png2.png,0,0.0010229349136352,safe
./iccad-official\iccad1\test\test_nhs\NNHS289.png3.png,0,0.0003983378410339,safe
./iccad-official\iccad1\test\test_nhs\NNHS289.png4.png,0,0.0230737328529357,safe
./iccad-official\iccad1\test\test_nhs\NNHS289.png6.png,0,0.0230737328529357,safe
./iccad-official\iccad1\test\test_nhs\NNHS289.png7.png,0,0.0131669044494628,safe
./iccad-official\iccad1\test\test_nhs\NNHS289.png8.png,0,0.0108798146247863,safe
./iccad-official\iccad1\test\test_nhs\NNHS289.png9.png,0,0.0131669044494628,safe
./iccad-official\iccad1\test\test_nhs\NNHS290.png1.png,0,0.0005501508712768,safe
./iccad-official\iccad1\test\test_nhs\NNHS290.png2.png,0,0.0010112524032592,safe
./iccad-official\iccad1\test\test_nhs\NNHS290.png3.png,0,0.0005639791488647,safe
./iccad-official\iccad1\test\test_nhs\NNHS290.png4.png,0,0.0488752126693725,safe
./iccad-official\iccad1\test\test_nhs\NNHS290.png6.png,0,0.041427731513977,safe
./iccad-official\iccad1\test\test_nhs\NNHS290.png7.png,0,0.0166016817092895,safe
./iccad-official\iccad1\test\test_nhs\NNHS290.png8.png,0,0.0166016817092895,safe
./iccad-official\iccad1\test\test_nhs\NNHS290.png9.png,0,0.0282098650932312,safe
./iccad-official\iccad1\test\test_nhs\NNHS291.png1.png,0,0.0011764764785766,safe
./iccad-official\iccad1\test\test_nhs\NNHS291.png2.png,0,0.0014740228652954,safe
./iccad-official\iccad1\test\test_nhs\NNHS291.png3.png,0,0.0017197132110595,safe
./iccad-official\iccad1\test\test_nhs\NNHS291.png4.png,0,0.0201355218887329,safe
./iccad-official\iccad1\test\test_nhs\NNHS291.png6.png,0,0.0196694731712341,safe
./iccad-official\iccad1\test\test_nhs\NNHS291.png7.png,0,0.0109823346138,safe
./iccad-official\iccad1\test\test_nhs\NNHS291.png8.png,0,0.0008363127708435,safe
./iccad-official\iccad1\test\test_nhs\NNHS291.png9.png,0,0.0009220838546752,safe
./iccad-official\iccad1\test\test_nhs\NNHS292.png1.png,0,0.0002385377883911,safe
./iccad-official\iccad1\test\test_nhs\NNHS292.png2.png,0,0.0003256201744079,safe
./iccad-official\iccad1\test\test_nhs\NNHS292.png3.png,0,0.0004968643188476,safe
./iccad-official\iccad1\test\test_nhs\NNHS292.png4.png,0,0.0038268566131591,safe
./iccad-official\iccad1\test\test_nhs\NNHS292.png6.png,0,0.0038268566131591,safe
./iccad-official\iccad1\test\test_nhs\NNHS292.png7.png,0,0.0046396851539611,safe
./iccad-official\iccad1\test\test_nhs\NNHS292.png8.png,0,0.0077221989631652,safe
./iccad-official\iccad1\test\test_nhs\NNHS292.png9.png,0,0.0174228549003601,safe
./iccad-official\iccad1\test\test_nhs\NNHS293.png1.png,0,0.0007216334342956,safe
./iccad-official\iccad1\test\test_nhs\NNHS293.png2.png,0,0.0009878277778625,safe
./iccad-official\iccad1\test\test_nhs\NNHS293.png3.png,0,0.0003460049629211,safe
./iccad-official\iccad1\test\test_nhs\NNHS293.png4.png,0,0.0372949242591857,safe
./iccad-official\iccad1\test\test_nhs\NNHS293.png6.png,0,0.0230737328529357,safe
./iccad-official\iccad1\test\test_nhs\NNHS293.png7.png,0,0.0082314610481262,safe
./iccad-official\iccad1\test\test_nhs\NNHS293.png8.png,0,0.0059937238693237,safe
./iccad-official\iccad1\test\test_nhs\NNHS293.png9.png,0,0.005448043346405,safe
./iccad-official\iccad1\test\test_nhs\NNHS294.png1.png,0,0.0006123781204223,safe
./iccad-official\iccad1\test\test_nhs\NNHS294.png2.png,0,0.0008254051208496,safe
./iccad-official\iccad1\test\test_nhs\NNHS294.png3.png,0,0.0003966689109802,safe
./iccad-official\iccad1\test\test_nhs\NNHS294.png4.png,0,0.0161267518997192,safe
./iccad-official\iccad1\test\test_nhs\NNHS294.png6.png,0,0.0161267518997192,safe
./iccad-official\iccad1\test\test_nhs\NNHS294.png7.png,0,0.0031905770301818,safe
./iccad-official\iccad1\test\test_nhs\NNHS294.png8.png,0,0.0014055967330932,safe
./iccad-official\iccad1\test\test_nhs\NNHS294.png9.png,0,0.0011874437332153,safe
./iccad-official\iccad1\test\test_nhs\NNHS295.png1.png,0,0.0007290840148925,safe
./iccad-official\iccad1\test\test_nhs\NNHS295.png2.png,0,0.0005334019660949,safe
./iccad-official\iccad1\test\test_nhs\NNHS295.png3.png,0,0.0005334019660949,safe
./iccad-official\iccad1\test\test_nhs\NNHS295.png4.png,0,0.0161267518997192,safe
./iccad-official\iccad1\test\test_nhs\NNHS295.png6.png,0,0.0118038058280944,safe
./iccad-official\iccad1\test\test_nhs\NNHS295.png7.png,0,0.0166016817092895,safe
./iccad-official\iccad1\test\test_nhs\NNHS295.png8.png,0,0.0166016817092895,safe
./iccad-official\iccad1\test\test_nhs\NNHS295.png9.png,0,0.0197415351867675,safe
./iccad-official\iccad1\test\test_nhs\NNHS296.png1.png,0,0.0005639791488647,safe
./iccad-official\iccad1\test\test_nhs\NNHS296.png2.png,0,0.0007734298706054,safe
./iccad-official\iccad1\test\test_nhs\NNHS296.png3.png,0,0.0005639791488647,safe
./iccad-official\iccad1\test\test_nhs\NNHS296.png4.png,0,0.0021824240684509,safe
./iccad-official\iccad1\test\test_nhs\NNHS296.png6.png,0,0.0178972482681274,safe
./iccad-official\iccad1\test\test_nhs\NNHS296.png7.png,0,0.0079785585403442,safe
./iccad-official\iccad1\test\test_nhs\NNHS296.png8.png,0,0.0087152123451232,safe
./iccad-official\iccad1\test\test_nhs\NNHS296.png9.png,0,0.0079785585403442,safe
./iccad-official\iccad1\test\test_nhs\NNHS297.png1.png,0,0.0006123781204223,safe
./iccad-official\iccad1\test\test_nhs\NNHS297.png2.png,0,0.000723123550415,safe
./iccad-official\iccad1\test\test_nhs\NNHS297.png3.png,0,0.0007011890411376,safe
./iccad-official\iccad1\test\test_nhs\NNHS297.png4.png,0,0.0092811584472656,safe
./iccad-official\iccad1\test\test_nhs\NNHS297.png6.png,0,0.0075911879539489,safe
./iccad-official\iccad1\test\test_nhs\NNHS297.png7.png,0,0.0050289034843444,safe
./iccad-official\iccad1\test\test_nhs\NNHS297.png8.png,0,0.0108619332313537,safe
./iccad-official\iccad1\test\test_nhs\NNHS297.png9.png,0,0.0020987391471862,safe
./iccad-official\iccad1\test\test_nhs\NNHS298.png1.png,0,0.0015124082565307,safe
./iccad-official\iccad1\test\test_nhs\NNHS298.png2.png,0,0.0015906691551208,safe
./iccad-official\iccad1\test\test_nhs\NNHS298.png3.png,0,0.0005468726158142,safe
./iccad-official\iccad1\test\test_nhs\NNHS298.png4.png,0,0.0071099400520324,safe
./iccad-official\iccad1\test\test_nhs\NNHS298.png6.png,0,0.0161267518997192,safe
./iccad-official\iccad1\test\test_nhs\NNHS298.png7.png,0,0.0079785585403442,safe
./iccad-official\iccad1\test\test_nhs\NNHS298.png8.png,0,0.0079785585403442,safe
./iccad-official\iccad1\test\test_nhs\NNHS298.png9.png,0,0.0089320540428161,safe
./iccad-official\iccad1\test\test_nhs\NNHS299.png1.png,0,0.0015517473220825,safe
./iccad-official\iccad1\test\test_nhs\NNHS299.png2.png,0,0.0024313330650329,safe
./iccad-official\iccad1\test\test_nhs\NNHS299.png3.png,0,0.0008720159530639,safe
./iccad-official\iccad1\test\test_nhs\NNHS299.png4.png,0,0.0161267518997192,safe
./iccad-official\iccad1\test\test_nhs\NNHS299.png6.png,0,0.0161267518997192,safe
./iccad-official\iccad1\test\test_nhs\NNHS299.png7.png,0,0.0051680207252502,safe
./iccad-official\iccad1\test\test_nhs\NNHS299.png8.png,0,0.0065160989761352,safe
./iccad-official\iccad1\test\test_nhs\NNHS299.png9.png,0,0.0132315158843994,safe
./iccad-official\iccad1\test\test_nhs\NNHS300.png1.png,0,0.0065097212791442,safe
./iccad-official\iccad1\test\test_nhs\NNHS300.png2.png,0,0.0024862885475158,safe
./iccad-official\iccad1\test\test_nhs\NNHS300.png3.png,0,0.0018274784088134,safe
./iccad-official\iccad1\test\test_nhs\NNHS300.png4.png,0,0.0084157586097717,safe
./iccad-official\iccad1\test\test_nhs\NNHS300.png6.png,0,0.0014641880989074,safe
./iccad-official\iccad1\test\test_nhs\NNHS300.png7.png,0,0.0016760826110839,safe
./iccad-official\iccad1\test\test_nhs\NNHS300.png8.png,0,0.0015156865119934,safe
./iccad-official\iccad1\test\test_nhs\NNHS300.png9.png,0,0.0019521713256835,safe
./iccad-official\iccad1\test\test_nhs\NNHS301.png1.png,0,0.0008519291877746,safe
./iccad-official\iccad1\test\test_nhs\NNHS301.png2.png,0,0.0011764764785766,safe
./iccad-official\iccad1\test\test_nhs\NNHS301.png3.png,0,0.0006262063980102,safe
./iccad-official\iccad1\test\test_nhs\NNHS301.png4.png,0,0.0238403677940368,safe
./iccad-official\iccad1\test\test_nhs\NNHS301.png6.png,0,0.0238403677940368,safe
./iccad-official\iccad1\test\test_nhs\NNHS301.png7.png,0,0.0040408372879028,safe
./iccad-official\iccad1\test\test_nhs\NNHS301.png8.png,0,0.0040408372879028,safe
./iccad-official\iccad1\test\test_nhs\NNHS301.png9.png,0,0.0071955919265747,safe
./iccad-official\iccad1\test\test_nhs\NNHS302.png1.png,0,0.0014156103134155,safe
./iccad-official\iccad1\test\test_nhs\NNHS302.png2.png,0,0.0014156103134155,safe
./iccad-official\iccad1\test\test_nhs\NNHS302.png3.png,0,0.0014156103134155,safe
./iccad-official\iccad1\test\test_nhs\NNHS302.png4.png,0,0.0138404965400695,safe
./iccad-official\iccad1\test\test_nhs\NNHS302.png6.png,0,0.0230737328529357,safe
./iccad-official\iccad1\test\test_nhs\NNHS302.png7.png,0,0.0003077983856201,safe
./iccad-official\iccad1\test\test_nhs\NNHS302.png8.png,0,0.0023473501205444,safe
./iccad-official\iccad1\test\test_nhs\NNHS302.png9.png,0,0.0006519556045532,safe
./iccad-official\iccad1\test\test_nhs\NNHS303.png1.png,0,0.0017740130424499,safe
./iccad-official\iccad1\test\test_nhs\NNHS303.png2.png,0,0.0011242628097534,safe
./iccad-official\iccad1\test\test_nhs\NNHS303.png3.png,0,0.0014821887016296,safe
./iccad-official\iccad1\test\test_nhs\NNHS303.png4.png,0,0.0187946557998657,safe
./iccad-official\iccad1\test\test_nhs\NNHS303.png6.png,0,0.0200219750404357,safe
./iccad-official\iccad1\test\test_nhs\NNHS303.png7.png,0,0.0027127861976623,safe
./iccad-official\iccad1\test\test_nhs\NNHS303.png8.png,0,0.0026056766510009,safe
./iccad-official\iccad1\test\test_nhs\NNHS303.png9.png,0,0.0025781989097595,safe
./iccad-official\iccad1\test\test_nhs\NNHS304.png1.png,0,0.0008008480072021,safe
./iccad-official\iccad1\test\test_nhs\NNHS304.png2.png,0,0.0014570355415344,safe
./iccad-official\iccad1\test\test_nhs\NNHS304.png3.png,0,0.0015532970428466,safe
./iccad-official\iccad1\test\test_nhs\NNHS304.png4.png,0,0.0166115164756774,safe
./iccad-official\iccad1\test\test_nhs\NNHS304.png6.png,0,0.0166115164756774,safe
./iccad-official\iccad1\test\test_nhs\NNHS304.png7.png,0,0.0074261426925659,safe
./iccad-official\iccad1\test\test_nhs\NNHS304.png8.png,0,0.0095343589782714,safe
./iccad-official\iccad1\test\test_nhs\NNHS304.png9.png,0,0.0061861872673034,safe
./iccad-official\iccad1\test\test_nhs\NNHS305.png1.png,0,0.0009337067604064,safe
./iccad-official\iccad1\test\test_nhs\NNHS305.png2.png,0,0.0005691647529602,safe
./iccad-official\iccad1\test\test_nhs\NNHS305.png3.png,0,0.0003209114074707,safe
./iccad-official\iccad1\test\test_nhs\NNHS305.png4.png,0,0.0238403677940368,safe
./iccad-official\iccad1\test\test_nhs\NNHS305.png6.png,0,0.0208642482757568,safe
./iccad-official\iccad1\test\test_nhs\NNHS305.png7.png,0,0.0015841126441955,safe
./iccad-official\iccad1\test\test_nhs\NNHS305.png8.png,0,0.0099214911460876,safe
./iccad-official\iccad1\test\test_nhs\NNHS305.png9.png,0,0.0173632502555847,safe
./iccad-official\iccad1\test\test_nhs\NNHS306.png1.png,0,0.0017635822296142,safe
./iccad-official\iccad1\test\test_nhs\NNHS306.png2.png,0,0.0006490349769592,safe
./iccad-official\iccad1\test\test_nhs\NNHS306.png3.png,0,0.0015097260475158,safe
./iccad-official\iccad1\test\test_nhs\NNHS306.png4.png,0,0.0161267518997192,safe
./iccad-official\iccad1\test\test_nhs\NNHS306.png6.png,0,0.0045472979545593,safe
./iccad-official\iccad1\test\test_nhs\NNHS306.png7.png,0,0.006439208984375,safe
./iccad-official\iccad1\test\test_nhs\NNHS306.png8.png,0,0.0071337819099426,safe
./iccad-official\iccad1\test\test_nhs\NNHS306.png9.png,0,0.0140802860260009,safe
./iccad-official\iccad1\test\test_nhs\NNHS307.png1.png,0,0.0006061792373657,safe
./iccad-official\iccad1\test\test_nhs\NNHS307.png2.png,0,0.0010023117065429,safe
./iccad-official\iccad1\test\test_nhs\NNHS307.png3.png,0,0.000959575176239,safe
./iccad-official\iccad1\test\test_nhs\NNHS307.png4.png,0,0.0161267518997192,safe
./iccad-official\iccad1\test\test_nhs\NNHS307.png6.png,0,0.0161267518997192,safe
./iccad-official\iccad1\test\test_nhs\NNHS307.png7.png,0,0.0032392740249633,safe
./iccad-official\iccad1\test\test_nhs\NNHS307.png8.png,0,0.0056602954864501,safe
./iccad-official\iccad1\test\test_nhs\NNHS307.png9.png,0,0.007885992527008,safe
./iccad-official\iccad1\test\test_nhs\NNHS308.png1.png,0,0.0005639791488647,safe
./iccad-official\iccad1\test\test_nhs\NNHS308.png2.png,0,0.0005639791488647,safe
./iccad-official\iccad1\test\test_nhs\NNHS308.png3.png,0,0.0005639791488647,safe
./iccad-official\iccad1\test\test_nhs\NNHS308.png4.png,0,0.0011592507362365,safe
./iccad-official\iccad1\test\test_nhs\NNHS308.png6.png,0,0.007232666015625,safe
./iccad-official\iccad1\test\test_nhs\NNHS308.png7.png,0,0.0079785585403442,safe
./iccad-official\iccad1\test\test_nhs\NNHS308.png8.png,0,0.0239944458007812,safe
./iccad-official\iccad1\test\test_nhs\NNHS308.png9.png,0,0.0249526500701904,safe
./iccad-official\iccad1\test\test_nhs\NNHS309.png1.png,0,0.0009801387786865,safe
./iccad-official\iccad1\test\test_nhs\NNHS309.png2.png,0,0.0007216334342956,safe
./iccad-official\iccad1\test\test_nhs\NNHS309.png3.png,0,0.0007216334342956,safe
./iccad-official\iccad1\test\test_nhs\NNHS309.png4.png,0,0.0341313481330871,safe
./iccad-official\iccad1\test\test_nhs\NNHS309.png6.png,0,0.0096240639686584,safe
./iccad-official\iccad1\test\test_nhs\NNHS309.png7.png,0,0.0252375602722167,safe
./iccad-official\iccad1\test\test_nhs\NNHS309.png8.png,0,0.0159189105033874,safe
./iccad-official\iccad1\test\test_nhs\NNHS309.png9.png,0,0.0159189105033874,safe
./iccad-official\iccad1\test\test_nhs\NNHS310.png1.png,0,0.0003955364227294,safe
./iccad-official\iccad1\test\test_nhs\NNHS310.png2.png,0,0.0009235739707946,safe
./iccad-official\iccad1\test\test_nhs\NNHS310.png3.png,0,0.0004011392593383,safe
./iccad-official\iccad1\test\test_nhs\NNHS310.png4.png,0,0.0147600769996643,safe
./iccad-official\iccad1\test\test_nhs\NNHS310.png6.png,0,0.0136526823043823,safe
./iccad-official\iccad1\test\test_nhs\NNHS310.png7.png,0,0.0102554559707641,safe
./iccad-official\iccad1\test\test_nhs\NNHS310.png8.png,0,0.0077067613601684,safe
./iccad-official\iccad1\test\test_nhs\NNHS310.png9.png,0,0.0106779932975769,safe
./iccad-official\iccad1\test\test_nhs\NNHS311.png1.png,0,0.000711441040039,safe
./iccad-official\iccad1\test\test_nhs\NNHS311.png2.png,0,0.0007216334342956,safe
./iccad-official\iccad1\test\test_nhs\NNHS311.png3.png,0,0.0007216334342956,safe
./iccad-official\iccad1\test\test_nhs\NNHS311.png4.png,0,0.0161267518997192,safe
./iccad-official\iccad1\test\test_nhs\NNHS311.png6.png,0,0.0161267518997192,safe
./iccad-official\iccad1\test\test_nhs\NNHS311.png7.png,0,0.0017832517623901,safe
./iccad-official\iccad1\test\test_nhs\NNHS311.png8.png,0,0.0013870596885681,safe
./iccad-official\iccad1\test\test_nhs\NNHS311.png9.png,0,0.0064517855644226,safe
./iccad-official\iccad1\test\test_nhs\NNHS312.png1.png,0,0.0015156865119934,safe
./iccad-official\iccad1\test\test_nhs\NNHS312.png2.png,0,0.00129896402359,safe
./iccad-official\iccad1\test\test_nhs\NNHS312.png3.png,0,0.0013580322265625,safe
./iccad-official\iccad1\test\test_nhs\NNHS312.png4.png,0,0.0065432786941528,safe
./iccad-official\iccad1\test\test_nhs\NNHS312.png6.png,0,0.0033355355262756,safe
./iccad-official\iccad1\test\test_nhs\NNHS312.png7.png,0,0.0023652911186218,safe
./iccad-official\iccad1\test\test_nhs\NNHS312.png8.png,0,0.007068395614624,safe
./iccad-official\iccad1\test\test_nhs\NNHS312.png9.png,0,0.0026441216468811,safe
./iccad-official\iccad1\test\test_nhs\NNHS313.png1.png,0,0.0006411671638488,safe
./iccad-official\iccad1\test\test_nhs\NNHS313.png2.png,0,0.0014553666114807,safe
./iccad-official\iccad1\test\test_nhs\NNHS313.png3.png,0,0.0014318823814392,safe
./iccad-official\iccad1\test\test_nhs\NNHS313.png4.png,0,0.0040554404258728,safe
./iccad-official\iccad1\test\test_nhs\NNHS313.png6.png,0,0.0166115164756774,safe
./iccad-official\iccad1\test\test_nhs\NNHS313.png7.png,0,0.0091718435287475,safe
./iccad-official\iccad1\test\test_nhs\NNHS313.png8.png,0,0.0091718435287475,safe
./iccad-official\iccad1\test\test_nhs\NNHS313.png9.png,0,0.0091718435287475,safe
./iccad-official\iccad1\test\test_nhs\NNHS314.png1.png,0,0.0005639791488647,safe
./iccad-official\iccad1\test\test_nhs\NNHS314.png2.png,0,0.0007734298706054,safe
./iccad-official\iccad1\test\test_nhs\NNHS314.png3.png,0,0.0006197690963745,safe
./iccad-official\iccad1\test\test_nhs\NNHS314.png4.png,0,0.022446870803833,safe
./iccad-official\iccad1\test\test_nhs\NNHS314.png6.png,0,0.0315616130828857,safe
./iccad-official\iccad1\test\test_nhs\NNHS314.png7.png,0,0.0016374588012695,safe
./iccad-official\iccad1\test\test_nhs\NNHS314.png8.png,0,0.0016699433326721,safe
./iccad-official\iccad1\test\test_nhs\NNHS314.png9.png,0,0.0016760826110839,safe
./iccad-official\iccad1\test\test_nhs\NNHS315.png1.png,0,0.0005639791488647,safe
./iccad-official\iccad1\test\test_nhs\NNHS315.png2.png,0,0.0005639791488647,safe
./iccad-official\iccad1\test\test_nhs\NNHS315.png3.png,0,0.0005639791488647,safe
./iccad-official\iccad1\test\test_nhs\NNHS315.png4.png,0,0.0059020519256591,safe
./iccad-official\iccad1\test\test_nhs\NNHS315.png6.png,0,0.0147600769996643,safe
./iccad-official\iccad1\test\test_nhs\NNHS315.png7.png,0,0.0061861872673034,safe
./iccad-official\iccad1\test\test_nhs\NNHS315.png8.png,0,0.0061861872673034,safe
./iccad-official\iccad1\test\test_nhs\NNHS315.png9.png,0,0.0061861872673034,safe
./iccad-official\iccad1\test\test_nhs\NNHS316.png1.png,0,0.0005639791488647,safe
./iccad-official\iccad1\test\test_nhs\NNHS316.png2.png,0,0.0005639791488647,safe
./iccad-official\iccad1\test\test_nhs\NNHS316.png3.png,0,0.0005639791488647,safe
./iccad-official\iccad1\test\test_nhs\NNHS316.png4.png,0,0.0238403677940368,safe
./iccad-official\iccad1\test\test_nhs\NNHS316.png6.png,0,0.0238403677940368,safe
./iccad-official\iccad1\test\test_nhs\NNHS316.png7.png,0,0.0070475339889526,safe
./iccad-official\iccad1\test\test_nhs\NNHS316.png8.png,0,0.0084580779075622,safe
./iccad-official\iccad1\test\test_nhs\NNHS316.png9.png,0,0.0079785585403442,safe
./iccad-official\iccad1\test\test_nhs\NNHS317.png1.png,0,0.0002539157867431,safe
./iccad-official\iccad1\test\test_nhs\NNHS317.png2.png,0,0.0002539157867431,safe
./iccad-official\iccad1\test\test_nhs\NNHS317.png3.png,0,0.0002539157867431,safe
./iccad-official\iccad1\test\test_nhs\NNHS317.png4.png,0,0.0147600769996643,safe
./iccad-official\iccad1\test\test_nhs\NNHS317.png6.png,0,0.0147600769996643,safe
./iccad-official\iccad1\test\test_nhs\NNHS317.png7.png,0,0.00895357131958,safe
./iccad-official\iccad1\test\test_nhs\NNHS317.png8.png,0,0.0019739866256713,safe
./iccad-official\iccad1\test\test_nhs\NNHS317.png9.png,0,0.0028662681579589,safe
./iccad-official\iccad1\test\test_nhs\NNHS318.png1.png,0,0.0008673667907714,safe
./iccad-official\iccad1\test\test_nhs\NNHS318.png2.png,0,0.0007216334342956,safe
./iccad-official\iccad1\test\test_nhs\NNHS318.png3.png,0,0.0007216334342956,safe
./iccad-official\iccad1\test\test_nhs\NNHS318.png4.png,0,0.0025699734687805,safe
./iccad-official\iccad1\test\test_nhs\NNHS318.png6.png,0,0.0401194095611572,safe
./iccad-official\iccad1\test\test_nhs\NNHS318.png7.png,0,0.0079785585403442,safe
./iccad-official\iccad1\test\test_nhs\NNHS318.png8.png,0,0.0079785585403442,safe
./iccad-official\iccad1\test\test_nhs\NNHS318.png9.png,0,0.0079785585403442,safe
./iccad-official\iccad1\test\test_nhs\NNHS319.png1.png,0,0.001229703426361,safe
./iccad-official\iccad1\test\test_nhs\NNHS319.png2.png,0,0.0014247894287109,safe
./iccad-official\iccad1\test\test_nhs\NNHS319.png3.png,0,0.0006420016288757,safe
./iccad-official\iccad1\test\test_nhs\NNHS319.png4.png,0,0.0078805088996887,safe
./iccad-official\iccad1\test\test_nhs\NNHS319.png6.png,0,0.0078805088996887,safe
./iccad-official\iccad1\test\test_nhs\NNHS319.png7.png,0,0.0053731799125671,safe
./iccad-official\iccad1\test\test_nhs\NNHS319.png8.png,0,0.016525387763977,safe
./iccad-official\iccad1\test\test_nhs\NNHS319.png9.png,0,0.0115046501159667,safe
./iccad-official\iccad1\test\test_nhs\NNHS320.png1.png,0,0.0007216334342956,safe
./iccad-official\iccad1\test\test_nhs\NNHS320.png2.png,0,0.0009878277778625,safe
./iccad-official\iccad1\test\test_nhs\NNHS320.png3.png,0,0.0007216334342956,safe
./iccad-official\iccad1\test\test_nhs\NNHS320.png4.png,0,0.0126806497573852,safe
./iccad-official\iccad1\test\test_nhs\NNHS320.png6.png,0,0.0041804909706115,safe
./iccad-official\iccad1\test\test_nhs\NNHS320.png7.png,0,0.0079785585403442,safe
./iccad-official\iccad1\test\test_nhs\NNHS320.png8.png,0,0.0087152123451232,safe
./iccad-official\iccad1\test\test_nhs\NNHS320.png9.png,0,0.0079785585403442,safe
./iccad-official\iccad1\test\test_nhs\NNHS321.png1.png,0,0.0005639791488647,safe
./iccad-official\iccad1\test\test_nhs\NNHS321.png2.png,0,0.0005639791488647,safe
./iccad-official\iccad1\test\test_nhs\NNHS321.png3.png,0,0.0005639791488647,safe
./iccad-official\iccad1\test\test_nhs\NNHS321.png4.png,0,0.0245286226272583,safe
./iccad-official\iccad1\test\test_nhs\NNHS321.png6.png,0,0.0238403677940368,safe
./iccad-official\iccad1\test\test_nhs\NNHS321.png7.png,0,0.0034684538841247,safe
./iccad-official\iccad1\test\test_nhs\NNHS321.png8.png,0,0.0296566486358642,safe
./iccad-official\iccad1\test\test_nhs\NNHS321.png9.png,0,0.0055235028266906,safe
./iccad-official\iccad1\test\test_nhs\NNHS322.png1.png,0,0.0006355643272399,safe
./iccad-official\iccad1\test\test_nhs\NNHS322.png2.png,0,0.0010744333267211,safe
./iccad-official\iccad1\test\test_nhs\NNHS322.png3.png,0,0.00071781873703,safe
./iccad-official\iccad1\test\test_nhs\NNHS322.png4.png,0,0.0187868475914001,safe
./iccad-official\iccad1\test\test_nhs\NNHS322.png6.png,0,0.0187868475914001,safe
./iccad-official\iccad1\test\test_nhs\NNHS322.png7.png,0,0.0012282729148864,safe
./iccad-official\iccad1\test\test_nhs\NNHS322.png8.png,0,0.0047202706336975,safe
./iccad-official\iccad1\test\test_nhs\NNHS322.png9.png,0,0.0145409703254699,safe
./iccad-official\iccad1\test\test_nhs\NNHS323.png1.png,0,0.0005639791488647,safe
./iccad-official\iccad1\test\test_nhs\NNHS323.png2.png,0,0.0005639791488647,safe
./iccad-official\iccad1\test\test_nhs\NNHS323.png3.png,0,0.0022693276405334,safe
./iccad-official\iccad1\test\test_nhs\NNHS323.png4.png,0,0.0195099115371704,safe
./iccad-official\iccad1\test\test_nhs\NNHS323.png6.png,0,0.0134284496307373,safe
./iccad-official\iccad1\test\test_nhs\NNHS323.png7.png,0,0.0058630108833312,safe
./iccad-official\iccad1\test\test_nhs\NNHS323.png8.png,0,0.0079318284988403,safe
./iccad-official\iccad1\test\test_nhs\NNHS323.png9.png,0,0.0079785585403442,safe
./iccad-official\iccad1\test\test_nhs\NNHS324.png1.png,0,0.0007579922676086,safe
./iccad-official\iccad1\test\test_nhs\NNHS324.png2.png,0,0.0012297630310058,safe
./iccad-official\iccad1\test\test_nhs\NNHS324.png3.png,0,0.0008713603019714,safe
./iccad-official\iccad1\test\test_nhs\NNHS324.png4.png,0,0.0035925507545471,safe
./iccad-official\iccad1\test\test_nhs\NNHS324.png6.png,0,0.0096673369407653,safe
./iccad-official\iccad1\test\test_nhs\NNHS324.png7.png,0,0.0079785585403442,safe
./iccad-official\iccad1\test\test_nhs\NNHS324.png8.png,0,0.0079785585403442,safe
./iccad-official\iccad1\test\test_nhs\NNHS324.png9.png,0,0.0150303244590759,safe
./iccad-official\iccad1\test\test_nhs\NNHS325.png1.png,0,0.0002539157867431,safe
./iccad-official\iccad1\test\test_nhs\NNHS325.png2.png,0,0.0006419420242309,safe
./iccad-official\iccad1\test\test_nhs\NNHS325.png3.png,0,0.0013590455055236,safe
./iccad-official\iccad1\test\test_nhs\NNHS325.png4.png,0,0.0096852779388427,safe
./iccad-official\iccad1\test\test_nhs\NNHS325.png6.png,0,0.0087257027626037,safe
./iccad-official\iccad1\test\test_nhs\NNHS325.png7.png,0,0.0131956934928894,safe
./iccad-official\iccad1\test\test_nhs\NNHS325.png8.png,0,0.0069864988327026,safe
./iccad-official\iccad1\test\test_nhs\NNHS325.png9.png,0,0.0426905155181884,safe
./iccad-official\iccad1\test\test_nhs\NNHS326.png1.png,0,0.0007216334342956,safe
./iccad-official\iccad1\test\test_nhs\NNHS326.png2.png,0,0.0007216334342956,safe
./iccad-official\iccad1\test\test_nhs\NNHS326.png3.png,0,0.0007216334342956,safe
./iccad-official\iccad1\test\test_nhs\NNHS326.png4.png,0,0.0196694731712341,safe
./iccad-official\iccad1\test\test_nhs\NNHS326.png6.png,0,0.0196694731712341,safe
./iccad-official\iccad1\test\test_nhs\NNHS326.png7.png,0,0.0094615221023559,safe
./iccad-official\iccad1\test\test_nhs\NNHS326.png8.png,0,0.0061447620391845,safe
./iccad-official\iccad1\test\test_nhs\NNHS326.png9.png,0,0.0072283744812011,safe
./iccad-official\iccad1\test\test_nhs\NNHS327.png1.png,0,0.0041682720184326,safe
./iccad-official\iccad1\test\test_nhs\NNHS327.png2.png,0,0.0024812817573547,safe
./iccad-official\iccad1\test\test_nhs\NNHS327.png3.png,0,0.0011296272277832,safe
./iccad-official\iccad1\test\test_nhs\NNHS327.png4.png,0,0.0161267518997192,safe
./iccad-official\iccad1\test\test_nhs\NNHS327.png6.png,0,0.0161267518997192,safe
./iccad-official\iccad1\test\test_nhs\NNHS327.png7.png,0,0.0117682218551635,safe
./iccad-official\iccad1\test\test_nhs\NNHS327.png8.png,0,0.0096316933631896,safe
./iccad-official\iccad1\test\test_nhs\NNHS327.png9.png,0,0.0077504515647888,safe
./iccad-official\iccad1\test\test_nhs\NNHS328.png1.png,0,0.0006123781204223,safe
./iccad-official\iccad1\test\test_nhs\NNHS328.png2.png,0,0.0004597902297973,safe
./iccad-official\iccad1\test\test_nhs\NNHS328.png3.png,0,0.0003045797348022,safe
./iccad-official\iccad1\test\test_nhs\NNHS328.png4.png,0,0.0522826313972473,safe
./iccad-official\iccad1\test\test_nhs\NNHS328.png6.png,0,0.0161267518997192,safe
./iccad-official\iccad1\test\test_nhs\NNHS328.png7.png,0,0.0106564760208129,safe
./iccad-official\iccad1\test\test_nhs\NNHS328.png8.png,0,0.0082533359527587,safe
./iccad-official\iccad1\test\test_nhs\NNHS328.png9.png,0,0.0091718435287475,safe
./iccad-official\iccad1\test\test_nhs\NNHS329.png1.png,0,0.0009044408798217,safe
./iccad-official\iccad1\test\test_nhs\NNHS329.png2.png,0,0.0007238984107971,safe
./iccad-official\iccad1\test\test_nhs\NNHS329.png3.png,0,0.0013163089752197,safe
./iccad-official\iccad1\test\test_nhs\NNHS329.png4.png,0,0.0161267518997192,safe
./iccad-official\iccad1\test\test_nhs\NNHS329.png6.png,0,0.0161267518997192,safe
./iccad-official\iccad1\test\test_nhs\NNHS329.png7.png,0,0.0129292011260986,safe
./iccad-official\iccad1\test\test_nhs\NNHS329.png8.png,0,0.0014435648918151,safe
./iccad-official\iccad1\test\test_nhs\NNHS329.png9.png,0,0.0135746598243713,safe
./iccad-official\iccad1\test\test_nhs\NNHS330.png1.png,0,0.0021370649337768,safe
./iccad-official\iccad1\test\test_nhs\NNHS330.png2.png,0,0.0017635822296142,safe
./iccad-official\iccad1\test\test_nhs\NNHS330.png3.png,0,0.0017635822296142,safe
./iccad-official\iccad1\test\test_nhs\NNHS330.png4.png,0,0.0045472979545593,safe
./iccad-official\iccad1\test\test_nhs\NNHS330.png6.png,0,0.0045472979545593,safe
./iccad-official\iccad1\test\test_nhs\NNHS330.png7.png,0,0.0092734098434448,safe
./iccad-official\iccad1\test\test_nhs\NNHS330.png8.png,0,0.002449631690979,safe
./iccad-official\iccad1\test\test_nhs\NNHS330.png9.png,0,0.0100980401039123,safe
./iccad-official\iccad1\test\test_nhs\NNHS331.png1.png,0,0.0002385377883911,safe
./iccad-official\iccad1\test\test_nhs\NNHS331.png2.png,0,0.0002385377883911,safe
./iccad-official\iccad1\test\test_nhs\NNHS331.png3.png,0,0.0001882314682006,safe
./iccad-official\iccad1\test\test_nhs\NNHS331.png4.png,0,0.013086199760437,safe
./iccad-official\iccad1\test\test_nhs\NNHS331.png6.png,0,0.0041978359222412,safe
./iccad-official\iccad1\test\test_nhs\NNHS331.png7.png,0,0.0046001076698303,safe
./iccad-official\iccad1\test\test_nhs\NNHS331.png8.png,0,0.00621098279953,safe
./iccad-official\iccad1\test\test_nhs\NNHS331.png9.png,0,0.0090988278388977,safe
./iccad-official\iccad1\test\test_nhs\NNHS332.png1.png,0,0.0005639791488647,safe
./iccad-official\iccad1\test\test_nhs\NNHS332.png2.png,0,0.0005639791488647,safe
./iccad-official\iccad1\test\test_nhs\NNHS332.png3.png,0,0.0005639791488647,safe
./iccad-official\iccad1\test\test_nhs\NNHS332.png4.png,0,0.003674566745758,safe
./iccad-official\iccad1\test\test_nhs\NNHS332.png6.png,0,0.0101157426834106,safe
./iccad-official\iccad1\test\test_nhs\NNHS332.png7.png,0,0.0020940899848937,safe
./iccad-official\iccad1\test\test_nhs\NNHS332.png8.png,0,0.0069869756698608,safe
./iccad-official\iccad1\test\test_nhs\NNHS332.png9.png,0,0.0100980401039123,safe
./iccad-official\iccad1\test\test_nhs\NNHS333.png1.png,0,0.0003833174705505,safe
./iccad-official\iccad1\test\test_nhs\NNHS333.png2.png,0,0.0007734298706054,safe
./iccad-official\iccad1\test\test_nhs\NNHS333.png3.png,0,0.0005639791488647,safe
./iccad-official\iccad1\test\test_nhs\NNHS333.png4.png,0,0.0161267518997192,safe
./iccad-official\iccad1\test\test_nhs\NNHS333.png6.png,0,0.0204488635063171,safe
./iccad-official\iccad1\test\test_nhs\NNHS333.png7.png,0,0.0042468905448913,safe
./iccad-official\iccad1\test\test_nhs\NNHS333.png8.png,0,0.006732702255249,safe
./iccad-official\iccad1\test\test_nhs\NNHS333.png9.png,0,0.0017419457435607,safe
./iccad-official\iccad1\test\test_nhs\NNHS334.png1.png,0,0.0008339285850524,safe
./iccad-official\iccad1\test\test_nhs\NNHS334.png2.png,0,0.0004432797431945,safe
./iccad-official\iccad1\test\test_nhs\NNHS334.png3.png,0,0.0002892017364501,safe
./iccad-official\iccad1\test\test_nhs\NNHS334.png4.png,0,0.010833203792572,safe
./iccad-official\iccad1\test\test_nhs\NNHS334.png6.png,0,0.0335920453071594,safe
./iccad-official\iccad1\test\test_nhs\NNHS334.png7.png,0,0.0103397965431213,safe
./iccad-official\iccad1\test\test_nhs\NNHS334.png8.png,0,0.0058634877204895,safe
./iccad-official\iccad1\test\test_nhs\NNHS334.png9.png,0,0.0091718435287475,safe
./iccad-official\iccad1\test\test_nhs\NNHS335.png1.png,0,0.0004797577857971,safe
./iccad-official\iccad1\test\test_nhs\NNHS335.png2.png,0,0.0006123185157775,safe
./iccad-official\iccad1\test\test_nhs\NNHS335.png3.png,0,0.0002963542938232,safe
./iccad-official\iccad1\test\test_nhs\NNHS335.png4.png,0,0.0226136445999145,safe
./iccad-official\iccad1\test\test_nhs\NNHS335.png6.png,0,0.0078950524330139,safe
./iccad-official\iccad1\test\test_nhs\NNHS335.png7.png,0,0.0049433708190917,safe
./iccad-official\iccad1\test\test_nhs\NNHS335.png8.png,0,0.0079785585403442,safe
./iccad-official\iccad1\test\test_nhs\NNHS335.png9.png,0,0.0079785585403442,safe
./iccad-official\iccad1\test\test_nhs\NNHS336.png1.png,0,0.0007727742195129,safe
./iccad-official\iccad1\test\test_nhs\NNHS336.png2.png,0,0.0021446943283081,safe
./iccad-official\iccad1\test\test_nhs\NNHS336.png3.png,0,0.0001338720321655,safe
./iccad-official\iccad1\test\test_nhs\NNHS336.png4.png,0,0.0103513002395629,safe
./iccad-official\iccad1\test\test_nhs\NNHS336.png6.png,0,0.0103513002395629,safe
./iccad-official\iccad1\test\test_nhs\NNHS336.png7.png,0,0.0076869130134582,safe
./iccad-official\iccad1\test\test_nhs\NNHS336.png8.png,0,0.0263564586639404,safe
./iccad-official\iccad1\test\test_nhs\NNHS336.png9.png,0,0.0077696442604064,safe
./iccad-official\iccad1\test\test_nhs\NNHS337.png1.png,0,0.0009235739707946,safe
./iccad-official\iccad1\test\test_nhs\NNHS337.png2.png,0,0.0009235739707946,safe
./iccad-official\iccad1\test\test_nhs\NNHS337.png3.png,0,0.0014927983283996,safe
./iccad-official\iccad1\test\test_nhs\NNHS337.png4.png,0,0.0332594513893127,safe
./iccad-official\iccad1\test\test_nhs\NNHS337.png6.png,0,0.0078976154327392,safe
./iccad-official\iccad1\test\test_nhs\NNHS337.png7.png,0,0.0098357796669006,safe
./iccad-official\iccad1\test\test_nhs\NNHS337.png8.png,0,0.0080788135528564,safe
./iccad-official\iccad1\test\test_nhs\NNHS337.png9.png,0,0.0179585218429565,safe
./iccad-official\iccad1\test\test_nhs\NNHS338.png1.png,0,0.0031667947769165,safe
./iccad-official\iccad1\test\test_nhs\NNHS338.png2.png,0,0.0007276535034179,safe
./iccad-official\iccad1\test\test_nhs\NNHS338.png3.png,0,0.0018872618675231,safe
./iccad-official\iccad1\test\test_nhs\NNHS338.png4.png,0,0.0051161050796508,safe
./iccad-official\iccad1\test\test_nhs\NNHS338.png6.png,0,0.0161267518997192,safe
./iccad-official\iccad1\test\test_nhs\NNHS338.png7.png,0,0.0056809186935424,safe
./iccad-official\iccad1\test\test_nhs\NNHS338.png8.png,0,0.0093430876731872,safe
./iccad-official\iccad1\test\test_nhs\NNHS338.png9.png,0,0.0079785585403442,safe
./iccad-official\iccad1\test\test_nhs\NNHS339.png1.png,0,0.0009986162185668,safe
./iccad-official\iccad1\test\test_nhs\NNHS339.png2.png,0,0.0008112788200378,safe
./iccad-official\iccad1\test\test_nhs\NNHS339.png3.png,0,0.0008713603019714,safe
./iccad-official\iccad1\test\test_nhs\NNHS339.png4.png,0,0.0143821239471435,safe
./iccad-official\iccad1\test\test_nhs\NNHS339.png6.png,0,0.0046059489250183,safe
./iccad-official\iccad1\test\test_nhs\NNHS339.png7.png,0,0.0108190774917602,safe
./iccad-official\iccad1\test\test_nhs\NNHS339.png8.png,0,0.0108190774917602,safe
./iccad-official\iccad1\test\test_nhs\NNHS339.png9.png,0,0.0076595544815063,safe
./iccad-official\iccad1\test\test_nhs\NNHS340.png1.png,0,0.0010154247283935,safe
./iccad-official\iccad1\test\test_nhs\NNHS340.png2.png,0,0.0017635822296142,safe
./iccad-official\iccad1\test\test_nhs\NNHS340.png3.png,0,0.0017635822296142,safe
./iccad-official\iccad1\test\test_nhs\NNHS340.png4.png,0,0.0203533172607421,safe
./iccad-official\iccad1\test\test_nhs\NNHS340.png6.png,0,0.0016303062438964,safe
./iccad-official\iccad1\test\test_nhs\NNHS340.png7.png,0,0.0138832330703735,safe
./iccad-official\iccad1\test\test_nhs\NNHS340.png8.png,0,0.0281730890274047,safe
./iccad-official\iccad1\test\test_nhs\NNHS340.png9.png,0,0.0082705020904541,safe
./iccad-official\iccad1\test\test_nhs\NNHS341.png1.png,0,0.0005639791488647,safe
./iccad-official\iccad1\test\test_nhs\NNHS341.png2.png,0,0.0005639791488647,safe
./iccad-official\iccad1\test\test_nhs\NNHS341.png3.png,0,0.0005639791488647,safe
./iccad-official\iccad1\test\test_nhs\NNHS341.png4.png,0,0.0161267518997192,safe
./iccad-official\iccad1\test\test_nhs\NNHS341.png6.png,0,0.0149053335189819,safe
./iccad-official\iccad1\test\test_nhs\NNHS341.png7.png,0,0.0228583216667175,safe
./iccad-official\iccad1\test\test_nhs\NNHS341.png8.png,0,0.0016353726387023,safe
./iccad-official\iccad1\test\test_nhs\NNHS341.png9.png,0,0.0033021569252014,safe
./iccad-official\iccad1\test\test_nhs\NNHS342.png1.png,0,0.0002984404563903,safe
./iccad-official\iccad1\test\test_nhs\NNHS342.png2.png,0,0.0002984404563903,safe
./iccad-official\iccad1\test\test_nhs\NNHS342.png3.png,0,0.000462532043457,safe
./iccad-official\iccad1\test\test_nhs\NNHS342.png4.png,0,0.0102645754814147,safe
./iccad-official\iccad1\test\test_nhs\NNHS342.png6.png,0,0.0135034918785095,safe
./iccad-official\iccad1\test\test_nhs\NNHS342.png7.png,0,0.0067054629325866,safe
./iccad-official\iccad1\test\test_nhs\NNHS342.png8.png,0,0.0079785585403442,safe
./iccad-official\iccad1\test\test_nhs\NNHS342.png9.png,0,0.0108190774917602,safe
./iccad-official\iccad1\test\test_nhs\NNHS343.png1.png,0,0.0005275607109069,safe
./iccad-official\iccad1\test\test_nhs\NNHS343.png2.png,0,0.0030350089073181,safe
./iccad-official\iccad1\test\test_nhs\NNHS343.png3.png,0,0.0034577250480651,safe
./iccad-official\iccad1\test\test_nhs\NNHS343.png4.png,0,0.0170891284942626,safe
./iccad-official\iccad1\test\test_nhs\NNHS343.png6.png,0,0.0284838080406188,safe
./iccad-official\iccad1\test\test_nhs\NNHS343.png7.png,0,0.0029395222663879,safe
./iccad-official\iccad1\test\test_nhs\NNHS343.png8.png,0,0.0034633874893188,safe
./iccad-official\iccad1\test\test_nhs\NNHS343.png9.png,0,0.0019729733467102,safe
./iccad-official\iccad1\test\test_nhs\NNHS344.png1.png,0,0.0009251832962036,safe
./iccad-official\iccad1\test\test_nhs\NNHS344.png2.png,0,0.0009251832962036,safe
./iccad-official\iccad1\test\test_nhs\NNHS344.png3.png,0,0.0009251832962036,safe
./iccad-official\iccad1\test\test_nhs\NNHS344.png4.png,0,0.0161267518997192,safe
./iccad-official\iccad1\test\test_nhs\NNHS344.png6.png,0,0.0247015953063964,safe
./iccad-official\iccad1\test\test_nhs\NNHS344.png7.png,0,0.0117003917694091,safe
./iccad-official\iccad1\test\test_nhs\NNHS344.png8.png,0,0.0062954425811767,safe
./iccad-official\iccad1\test\test_nhs\NNHS344.png9.png,0,0.0033013820648193,safe
./iccad-official\iccad1\test\test_nhs\NNHS345.png1.png,0,0.0008723735809326,safe
./iccad-official\iccad1\test\test_nhs\NNHS345.png2.png,0,0.0006123781204223,safe
./iccad-official\iccad1\test\test_nhs\NNHS345.png3.png,0,0.0006123781204223,safe
./iccad-official\iccad1\test\test_nhs\NNHS345.png4.png,0,0.0176365971565246,safe
./iccad-official\iccad1\test\test_nhs\NNHS345.png6.png,0,0.0074726939201354,safe
./iccad-official\iccad1\test\test_nhs\NNHS345.png7.png,0,0.0119198560714721,safe
./iccad-official\iccad1\test\test_nhs\NNHS345.png8.png,0,0.0020484328269958,safe
./iccad-official\iccad1\test\test_nhs\NNHS345.png9.png,0,0.0051119923591613,safe
./iccad-official\iccad1\test\test_nhs\NNHS346.png1.png,0,0.0017783641815185,safe
./iccad-official\iccad1\test\test_nhs\NNHS346.png2.png,0,0.0011296272277832,safe
./iccad-official\iccad1\test\test_nhs\NNHS346.png3.png,0,0.0018732547760009,safe
./iccad-official\iccad1\test\test_nhs\NNHS346.png4.png,0,0.0166115164756774,safe
./iccad-official\iccad1\test\test_nhs\NNHS346.png6.png,0,0.0231050252914428,safe
./iccad-official\iccad1\test\test_nhs\NNHS346.png7.png,0,0.0006207823753356,safe
./iccad-official\iccad1\test\test_nhs\NNHS346.png8.png,0,0.0032961368560791,safe
./iccad-official\iccad1\test\test_nhs\NNHS346.png9.png,0,0.0061861872673034,safe
./iccad-official\iccad1\test\test_nhs\NNHS347.png1.png,0,0.000952661037445,safe
./iccad-official\iccad1\test\test_nhs\NNHS347.png2.png,0,0.0011737942695617,safe
./iccad-official\iccad1\test\test_nhs\NNHS347.png3.png,0,0.0024266242980957,safe
./iccad-official\iccad1\test\test_nhs\NNHS347.png4.png,0,0.0045472979545593,safe
./iccad-official\iccad1\test\test_nhs\NNHS347.png6.png,0,0.0161267518997192,safe
./iccad-official\iccad1\test\test_nhs\NNHS347.png7.png,0,0.0082231760025024,safe
./iccad-official\iccad1\test\test_nhs\NNHS347.png8.png,0,0.0225967764854431,safe
./iccad-official\iccad1\test\test_nhs\NNHS347.png9.png,0,0.0094719529151916,safe
./iccad-official\iccad1\test\test_nhs\NNHS348.png1.png,0,0.0002717971801757,safe
./iccad-official\iccad1\test\test_nhs\NNHS348.png2.png,0,0.0007216334342956,safe
./iccad-official\iccad1\test\test_nhs\NNHS348.png3.png,0,0.0019187927246093,safe
./iccad-official\iccad1\test\test_nhs\NNHS348.png4.png,0,0.0161267518997192,safe
./iccad-official\iccad1\test\test_nhs\NNHS348.png6.png,0,0.0161267518997192,safe
./iccad-official\iccad1\test\test_nhs\NNHS348.png7.png,0,0.0080400109291076,safe
./iccad-official\iccad1\test\test_nhs\NNHS348.png8.png,0,0.0108190774917602,safe
./iccad-official\iccad1\test\test_nhs\NNHS348.png9.png,0,0.0108190774917602,safe
./iccad-official\iccad1\test\test_nhs\NNHS349.png1.png,0,0.0007993578910827,safe
./iccad-official\iccad1\test\test_nhs\NNHS349.png2.png,0,0.0005505084991455,safe
./iccad-official\iccad1\test\test_nhs\NNHS349.png3.png,0,0.0008091330528259,safe
./iccad-official\iccad1\test\test_nhs\NNHS349.png4.png,0,0.0111206173896789,safe
./iccad-official\iccad1\test\test_nhs\NNHS349.png6.png,0,0.0147600769996643,safe
./iccad-official\iccad1\test\test_nhs\NNHS349.png7.png,0,0.003422200679779,safe
./iccad-official\iccad1\test\test_nhs\NNHS349.png8.png,0,0.0054255723953247,safe
./iccad-official\iccad1\test\test_nhs\NNHS349.png9.png,0,0.0007605552673339,safe
./iccad-official\iccad1\test\test_nhs\NNHS350.png1.png,0,0.00076425075531,safe
./iccad-official\iccad1\test\test_nhs\NNHS350.png2.png,0,0.001002550125122,safe
./iccad-official\iccad1\test\test_nhs\NNHS350.png3.png,0,0.0010480284690856,safe
./iccad-official\iccad1\test\test_nhs\NNHS350.png4.png,0,0.0161267518997192,safe
./iccad-official\iccad1\test\test_nhs\NNHS350.png6.png,0,0.015860378742218,safe
./iccad-official\iccad1\test\test_nhs\NNHS350.png7.png,0,0.015054166316986,safe
./iccad-official\iccad1\test\test_nhs\NNHS350.png8.png,0,0.015054166316986,safe
./iccad-official\iccad1\test\test_nhs\NNHS350.png9.png,0,0.0116927027702331,safe
./iccad-official\iccad1\test\test_nhs\NNHS351.png1.png,0,0.0026174783706665,safe
./iccad-official\iccad1\test\test_nhs\NNHS351.png2.png,0,0.0015129446983337,safe
./iccad-official\iccad1\test\test_nhs\NNHS351.png3.png,0,0.0015129446983337,safe
./iccad-official\iccad1\test\test_nhs\NNHS351.png4.png,0,0.0238403677940368,safe
./iccad-official\iccad1\test\test_nhs\NNHS351.png6.png,0,0.0238403677940368,safe
./iccad-official\iccad1\test\test_nhs\NNHS351.png7.png,0,0.0365612506866455,safe
./iccad-official\iccad1\test\test_nhs\NNHS351.png8.png,0,0.0139165520668029,safe
./iccad-official\iccad1\test\test_nhs\NNHS351.png9.png,0,0.0157097578048706,safe
./iccad-official\iccad1\test\test_nhs\NNHS352.png1.png,0,0.0005682706832885,safe
./iccad-official\iccad1\test\test_nhs\NNHS352.png2.png,0,0.0003391504287719,safe
./iccad-official\iccad1\test\test_nhs\NNHS352.png3.png,0,0.0006722807884216,safe
./iccad-official\iccad1\test\test_nhs\NNHS352.png4.png,0,0.0046277642250061,safe
./iccad-official\iccad1\test\test_nhs\NNHS352.png6.png,0,0.0116447210311889,safe
./iccad-official\iccad1\test\test_nhs\NNHS352.png7.png,0,0.0019521713256835,safe
./iccad-official\iccad1\test\test_nhs\NNHS352.png8.png,0,0.0015345215797424,safe
./iccad-official\iccad1\test\test_nhs\NNHS352.png9.png,0,0.0022165179252624,safe
./iccad-official\iccad1\test\test_nhs\NNHS353.png1.png,0,0.0014671683311462,safe
./iccad-official\iccad1\test\test_nhs\NNHS353.png2.png,0,0.0035223960876464,safe
./iccad-official\iccad1\test\test_nhs\NNHS353.png3.png,0,0.0002539157867431,safe
./iccad-official\iccad1\test\test_nhs\NNHS353.png4.png,0,0.004997968673706,safe
./iccad-official\iccad1\test\test_nhs\NNHS353.png6.png,0,0.0060428977012634,safe
./iccad-official\iccad1\test\test_nhs\NNHS353.png7.png,0,0.014001190662384,safe
./iccad-official\iccad1\test\test_nhs\NNHS353.png8.png,0,0.0037469267845153,safe
./iccad-official\iccad1\test\test_nhs\NNHS353.png9.png,0,0.0091718435287475,safe
./iccad-official\iccad1\test\test_nhs\NNHS354.png1.png,0,0.0005639791488647,safe
./iccad-official\iccad1\test\test_nhs\NNHS354.png2.png,0,0.0005639791488647,safe
./iccad-official\iccad1\test\test_nhs\NNHS354.png3.png,0,0.0005639791488647,safe
./iccad-official\iccad1\test\test_nhs\NNHS354.png4.png,0,0.0161267518997192,safe
./iccad-official\iccad1\test\test_nhs\NNHS354.png6.png,0,0.0045387148857116,safe
./iccad-official\iccad1\test\test_nhs\NNHS354.png7.png,0,0.0066979527473449,safe
./iccad-official\iccad1\test\test_nhs\NNHS354.png8.png,0,0.0050018429756164,safe
./iccad-official\iccad1\test\test_nhs\NNHS354.png9.png,0,0.0029183626174926,safe
./iccad-official\iccad1\test\test_nhs\NNHS355.png1.png,0,0.0002835988998413,safe
./iccad-official\iccad1\test\test_nhs\NNHS355.png2.png,0,0.001652717590332,safe
./iccad-official\iccad1\test\test_nhs\NNHS355.png3.png,0,0.0009033679962158,safe
./iccad-official\iccad1\test\test_nhs\NNHS355.png4.png,0,0.0048667788505554,safe
./iccad-official\iccad1\test\test_nhs\NNHS355.png6.png,0,0.0151034593582153,safe
./iccad-official\iccad1\test\test_nhs\NNHS355.png7.png,0,0.0065186619758605,safe
./iccad-official\iccad1\test\test_nhs\NNHS355.png8.png,0,0.0237379670143127,safe
./iccad-official\iccad1\test\test_nhs\NNHS355.png9.png,0,0.0052794218063354,safe
./iccad-official\iccad1\test\test_nhs\NNHS356.png1.png,0,0.0010817050933837,safe
./iccad-official\iccad1\test\test_nhs\NNHS356.png2.png,0,0.0010799765586853,safe
./iccad-official\iccad1\test\test_nhs\NNHS356.png3.png,0,0.0011708736419677,safe
./iccad-official\iccad1\test\test_nhs\NNHS356.png4.png,0,0.026203453540802,safe
./iccad-official\iccad1\test\test_nhs\NNHS356.png6.png,0,0.0133999586105346,safe
./iccad-official\iccad1\test\test_nhs\NNHS356.png7.png,0,0.0108190774917602,safe
./iccad-official\iccad1\test\test_nhs\NNHS356.png8.png,0,0.0108190774917602,safe
./iccad-official\iccad1\test\test_nhs\NNHS356.png9.png,0,0.0070417523384094,safe
./iccad-official\iccad1\test\test_nhs\NNHS357.png1.png,0,0.0005639791488647,safe
./iccad-official\iccad1\test\test_nhs\NNHS357.png2.png,0,0.0005639791488647,safe
./iccad-official\iccad1\test\test_nhs\NNHS357.png3.png,0,0.0005639791488647,safe
./iccad-official\iccad1\test\test_nhs\NNHS357.png4.png,0,0.0147600769996643,safe
./iccad-official\iccad1\test\test_nhs\NNHS357.png6.png,0,0.0228506326675415,safe
./iccad-official\iccad1\test\test_nhs\NNHS357.png7.png,0,0.0158472061157226,safe
./iccad-official\iccad1\test\test_nhs\NNHS357.png8.png,0,0.0035704970359802,safe
./iccad-official\iccad1\test\test_nhs\NNHS357.png9.png,0,0.0007546544075012,safe
./iccad-official\iccad1\test\test_nhs\NNHS358.png1.png,0,0.0003365874290466,safe
./iccad-official\iccad1\test\test_nhs\NNHS358.png2.png,0,0.003045916557312,safe
./iccad-official\iccad1\test\test_nhs\NNHS358.png3.png,0,0.0006411671638488,safe
./iccad-official\iccad1\test\test_nhs\NNHS358.png4.png,0,0.0283424258232116,safe
./iccad-official\iccad1\test\test_nhs\NNHS358.png6.png,0,0.0147600769996643,safe
./iccad-official\iccad1\test\test_nhs\NNHS358.png7.png,0,0.0060300827026367,safe
./iccad-official\iccad1\test\test_nhs\NNHS358.png8.png,0,0.0104813575744628,safe
./iccad-official\iccad1\test\test_nhs\NNHS358.png9.png,0,0.0079785585403442,safe
./iccad-official\iccad1\test\test_nhs\NNHS359.png1.png,0,0.0005639791488647,safe
./iccad-official\iccad1\test\test_nhs\NNHS359.png2.png,0,0.0005639791488647,safe
./iccad-official\iccad1\test\test_nhs\NNHS359.png3.png,0,0.0005639791488647,safe
./iccad-official\iccad1\test\test_nhs\NNHS359.png4.png,0,0.0161267518997192,safe
./iccad-official\iccad1\test\test_nhs\NNHS359.png6.png,0,0.0264890193939209,safe
./iccad-official\iccad1\test\test_nhs\NNHS359.png7.png,0,0.0091718435287475,safe
./iccad-official\iccad1\test\test_nhs\NNHS359.png8.png,0,0.008192241191864,safe
./iccad-official\iccad1\test\test_nhs\NNHS359.png9.png,0,0.0079785585403442,safe
./iccad-official\iccad1\test\test_nhs\NNHS360.png1.png,0,0.0006262063980102,safe
./iccad-official\iccad1\test\test_nhs\NNHS360.png2.png,0,0.0014852285385131,safe
./iccad-official\iccad1\test\test_nhs\NNHS360.png3.png,0,0.0011764764785766,safe
./iccad-official\iccad1\test\test_nhs\NNHS360.png4.png,0,0.001318335533142,safe
./iccad-official\iccad1\test\test_nhs\NNHS360.png6.png,0,0.0031492710113525,safe
./iccad-official\iccad1\test\test_nhs\NNHS360.png7.png,0,0.0130831599235534,safe
./iccad-official\iccad1\test\test_nhs\NNHS360.png8.png,0,0.0091718435287475,safe
./iccad-official\iccad1\test\test_nhs\NNHS360.png9.png,0,0.0091718435287475,safe
./iccad-official\iccad1\test\test_nhs\NNHS361.png1.png,0,0.0013580322265625,safe
./iccad-official\iccad1\test\test_nhs\NNHS361.png2.png,0,0.0013580322265625,safe
./iccad-official\iccad1\test\test_nhs\NNHS361.png3.png,0,0.0013580322265625,safe
./iccad-official\iccad1\test\test_nhs\NNHS361.png4.png,0,0.0161267518997192,safe
./iccad-official\iccad1\test\test_nhs\NNHS361.png6.png,0,0.0147600769996643,safe
./iccad-official\iccad1\test\test_nhs\NNHS361.png7.png,0,0.0232781767845153,safe
./iccad-official\iccad1\test\test_nhs\NNHS361.png8.png,0,0.003219723701477,safe
./iccad-official\iccad1\test\test_nhs\NNHS361.png9.png,0,0.0006489753723144,safe
./iccad-official\iccad1\test\test_nhs\NNHS362.png1.png,0,0.0006304383277893,safe
./iccad-official\iccad1\test\test_nhs\NNHS362.png2.png,0,0.0002676248550415,safe
./iccad-official\iccad1\test\test_nhs\NNHS362.png3.png,0,0.0007576942443847,safe
./iccad-official\iccad1\test\test_nhs\NNHS362.png4.png,0,0.0078189373016357,safe
./iccad-official\iccad1\test\test_nhs\NNHS362.png6.png,0,0.0045472979545593,safe
./iccad-official\iccad1\test\test_nhs\NNHS362.png7.png,0,0.0049433708190917,safe
./iccad-official\iccad1\test\test_nhs\NNHS362.png8.png,0,0.0079785585403442,safe
./iccad-official\iccad1\test\test_nhs\NNHS362.png9.png,0,0.0079785585403442,safe
./iccad-official\iccad1\test\test_nhs\NNHS363.png1.png,0,0.0008713603019714,safe
./iccad-official\iccad1\test\test_nhs\NNHS363.png2.png,0,0.0008713603019714,safe
./iccad-official\iccad1\test\test_nhs\NNHS363.png3.png,0,0.0008713603019714,safe
./iccad-official\iccad1\test\test_nhs\NNHS363.png4.png,0,0.0061553120613098,safe
./iccad-official\iccad1\test\test_nhs\NNHS363.png6.png,0,0.0278193950653076,safe
./iccad-official\iccad1\test\test_nhs\NNHS363.png7.png,0,0.0029733777046203,safe
./iccad-official\iccad1\test\test_nhs\NNHS363.png8.png,0,0.0017874240875244,safe
./iccad-official\iccad1\test\test_nhs\NNHS363.png9.png,0,0.0013402104377746,safe
./iccad-official\iccad1\test\test_nhs\NNHS364.png1.png,0,0.0012897849082946,safe
./iccad-official\iccad1\test\test_nhs\NNHS364.png2.png,0,0.0007698535919189,safe
./iccad-official\iccad1\test\test_nhs\NNHS364.png3.png,0,0.0002890825271606,safe
./iccad-official\iccad1\test\test_nhs\NNHS364.png4.png,0,0.0311302542686462,safe
./iccad-official\iccad1\test\test_nhs\NNHS364.png6.png,0,0.0161267518997192,safe
./iccad-official\iccad1\test\test_nhs\NNHS364.png7.png,0,0.0079785585403442,safe
./iccad-official\iccad1\test\test_nhs\NNHS364.png8.png,0,0.0083861947059631,safe
./iccad-official\iccad1\test\test_nhs\NNHS364.png9.png,0,0.0028406381607055,safe
./iccad-official\iccad1\test\test_nhs\NNHS365.png1.png,0,0.0014781951904296,safe
./iccad-official\iccad1\test\test_nhs\NNHS365.png2.png,0,0.0013006329536437,safe
./iccad-official\iccad1\test\test_nhs\NNHS365.png3.png,0,0.0007033348083496,safe
./iccad-official\iccad1\test\test_nhs\NNHS365.png4.png,0,0.0035925507545471,safe
./iccad-official\iccad1\test\test_nhs\NNHS365.png6.png,0,0.0031607747077941,safe
./iccad-official\iccad1\test\test_nhs\NNHS365.png7.png,0,0.0100980401039123,safe
./iccad-official\iccad1\test\test_nhs\NNHS365.png8.png,0,0.0108190774917602,safe
./iccad-official\iccad1\test\test_nhs\NNHS365.png9.png,0,0.0108190774917602,safe
./iccad-official\iccad1\test\test_nhs\NNHS366.png1.png,0,0.0005639791488647,safe
./iccad-official\iccad1\test\test_nhs\NNHS366.png2.png,0,0.0015150904655456,safe
./iccad-official\iccad1\test\test_nhs\NNHS366.png3.png,0,0.0008713603019714,safe
./iccad-official\iccad1\test\test_nhs\NNHS366.png4.png,0,0.0161267518997192,safe
./iccad-official\iccad1\test\test_nhs\NNHS366.png6.png,0,0.0132442712783813,safe
./iccad-official\iccad1\test\test_nhs\NNHS366.png7.png,0,0.0016473531723022,safe
./iccad-official\iccad1\test\test_nhs\NNHS366.png8.png,0,0.0022698044776916,safe
./iccad-official\iccad1\test\test_nhs\NNHS366.png9.png,0,0.0049279332160949,safe
./iccad-official\iccad1\test\test_nhs\NNHS367.png1.png,0,0.0005639791488647,safe
./iccad-official\iccad1\test\test_nhs\NNHS367.png2.png,0,0.0006902813911437,safe
./iccad-official\iccad1\test\test_nhs\NNHS367.png3.png,0,0.0033078789710998,safe
./iccad-official\iccad1\test\test_nhs\NNHS367.png4.png,0,0.0147600769996643,safe
./iccad-official\iccad1\test\test_nhs\NNHS367.png6.png,0,0.0147600769996643,safe
./iccad-official\iccad1\test\test_nhs\NNHS367.png7.png,0,0.0035421252250671,safe
./iccad-official\iccad1\test\test_nhs\NNHS367.png8.png,0,0.0065727829933166,safe
./iccad-official\iccad1\test\test_nhs\NNHS367.png9.png,0,0.012097418308258,safe
./iccad-official\iccad1\test\test_nhs\NNHS368.png1.png,0,0.0011871457099914,safe
./iccad-official\iccad1\test\test_nhs\NNHS368.png2.png,0,0.0009251832962036,safe
./iccad-official\iccad1\test\test_nhs\NNHS368.png3.png,0,0.0009029507637023,safe
./iccad-official\iccad1\test\test_nhs\NNHS368.png4.png,0,0.0161267518997192,safe
./iccad-official\iccad1\test\test_nhs\NNHS368.png6.png,0,0.0161267518997192,safe
./iccad-official\iccad1\test\test_nhs\NNHS368.png7.png,0,0.0079785585403442,safe
./iccad-official\iccad1\test\test_nhs\NNHS368.png8.png,0,0.0033036470413208,safe
./iccad-official\iccad1\test\test_nhs\NNHS368.png9.png,0,0.0124710798263549,safe
./iccad-official\iccad1\test\test_nhs\NNHS369.png1.png,0,0.001693308353424,safe
./iccad-official\iccad1\test\test_nhs\NNHS369.png2.png,0,0.0100937485694885,safe
./iccad-official\iccad1\test\test_nhs\NNHS369.png3.png,0,0.0007216334342956,safe
./iccad-official\iccad1\test\test_nhs\NNHS369.png4.png,0,0.0105552077293396,safe
./iccad-official\iccad1\test\test_nhs\NNHS369.png6.png,0,0.0267388820648193,safe
./iccad-official\iccad1\test\test_nhs\NNHS369.png7.png,0,0.004224956035614,safe
./iccad-official\iccad1\test\test_nhs\NNHS369.png8.png,0,0.0032657980918884,safe
./iccad-official\iccad1\test\test_nhs\NNHS369.png9.png,0,0.0063664317131042,safe
./iccad-official\iccad1\test\test_nhs\NNHS370.png1.png,0,0.0002539157867431,safe
./iccad-official\iccad1\test\test_nhs\NNHS370.png2.png,0,0.0002539157867431,safe
./iccad-official\iccad1\test\test_nhs\NNHS370.png3.png,0,0.0003024339675903,safe
./iccad-official\iccad1\test\test_nhs\NNHS370.png4.png,0,0.0161267518997192,safe
./iccad-official\iccad1\test\test_nhs\NNHS370.png6.png,0,0.0248087048530578,safe
./iccad-official\iccad1\test\test_nhs\NNHS370.png7.png,0,0.0177689790725708,safe
./iccad-official\iccad1\test\test_nhs\NNHS370.png8.png,0,0.0091751813888549,safe
./iccad-official\iccad1\test\test_nhs\NNHS370.png9.png,0,0.0115046501159667,safe
./iccad-official\iccad1\test\test_nhs\NNHS371.png1.png,0,0.0011296272277832,safe
./iccad-official\iccad1\test\test_nhs\NNHS371.png2.png,0,0.0013327002525329,safe
./iccad-official\iccad1\test\test_nhs\NNHS371.png3.png,0,0.0011296272277832,safe
./iccad-official\iccad1\test\test_nhs\NNHS371.png4.png,0,0.0078805088996887,safe
./iccad-official\iccad1\test\test_nhs\NNHS371.png6.png,0,0.0078805088996887,safe
./iccad-official\iccad1\test\test_nhs\NNHS371.png7.png,0,0.0079785585403442,safe
./iccad-official\iccad1\test\test_nhs\NNHS371.png8.png,0,0.0084222555160522,safe
./iccad-official\iccad1\test\test_nhs\NNHS371.png9.png,0,0.0077796578407287,safe
./iccad-official\iccad1\test\test_nhs\NNHS372.png1.png,0,0.0005774497985839,safe
./iccad-official\iccad1\test\test_nhs\NNHS372.png2.png,0,0.0005639791488647,safe
./iccad-official\iccad1\test\test_nhs\NNHS372.png3.png,0,0.0005753636360168,safe
./iccad-official\iccad1\test\test_nhs\NNHS372.png4.png,0,0.020757257938385,safe
./iccad-official\iccad1\test\test_nhs\NNHS372.png6.png,0,0.0064324140548706,safe
./iccad-official\iccad1\test\test_nhs\NNHS372.png7.png,0,0.0079785585403442,safe
./iccad-official\iccad1\test\test_nhs\NNHS372.png8.png,0,0.0184985995292663,safe
./iccad-official\iccad1\test\test_nhs\NNHS372.png9.png,0,0.0108380317687988,safe
./iccad-official\iccad1\test\test_nhs\NNHS373.png1.png,0,0.0006688237190246,safe
./iccad-official\iccad1\test\test_nhs\NNHS373.png2.png,0,0.0006149411201477,safe
./iccad-official\iccad1\test\test_nhs\NNHS373.png3.png,0,0.0005639791488647,safe
./iccad-official\iccad1\test\test_nhs\NNHS373.png4.png,0,0.0117350220680236,safe
./iccad-official\iccad1\test\test_nhs\NNHS373.png6.png,0,0.0040457248687744,safe
./iccad-official\iccad1\test\test_nhs\NNHS373.png7.png,0,0.0049433708190917,safe
./iccad-official\iccad1\test\test_nhs\NNHS373.png8.png,0,0.0079785585403442,safe
./iccad-official\iccad1\test\test_nhs\NNHS373.png9.png,0,0.0079785585403442,safe
./iccad-official\iccad1\test\test_nhs\NNHS374.png1.png,0,0.0007727742195129,safe
./iccad-official\iccad1\test\test_nhs\NNHS374.png2.png,0,0.001350462436676,safe
./iccad-official\iccad1\test\test_nhs\NNHS374.png3.png,0,0.0017197132110595,safe
./iccad-official\iccad1\test\test_nhs\NNHS374.png4.png,0,0.0112320184707641,safe
./iccad-official\iccad1\test\test_nhs\NNHS374.png6.png,0,0.0138319730758667,safe
./iccad-official\iccad1\test\test_nhs\NNHS374.png7.png,0,0.0079785585403442,safe
./iccad-official\iccad1\test\test_nhs\NNHS374.png8.png,0,0.0079785585403442,safe
./iccad-official\iccad1\test\test_nhs\NNHS374.png9.png,0,0.0079785585403442,safe
./iccad-official\iccad1\test\test_nhs\NNHS375.png1.png,0,0.0005001425743103,safe
./iccad-official\iccad1\test\test_nhs\NNHS375.png2.png,0,0.0053597688674926,safe
./iccad-official\iccad1\test\test_nhs\NNHS375.png3.png,0,0.0023698210716247,safe
./iccad-official\iccad1\test\test_nhs\NNHS375.png4.png,0,0.0019727349281311,safe
./iccad-official\iccad1\test\test_nhs\NNHS375.png6.png,0,0.0019777417182922,safe
./iccad-official\iccad1\test\test_nhs\NNHS375.png7.png,0,0.0043346285820007,safe
./iccad-official\iccad1\test\test_nhs\NNHS375.png8.png,0,0.0020891427993774,safe
./iccad-official\iccad1\test\test_nhs\NNHS375.png9.png,0,0.0026441216468811,safe
./iccad-official\iccad1\test\test_nhs\NNHS376.png1.png,0,0.0006123781204223,safe
./iccad-official\iccad1\test\test_nhs\NNHS376.png2.png,0,0.000981867313385,safe
./iccad-official\iccad1\test\test_nhs\NNHS376.png3.png,0,0.0006757974624633,safe
./iccad-official\iccad1\test\test_nhs\NNHS376.png4.png,0,0.0161267518997192,safe
./iccad-official\iccad1\test\test_nhs\NNHS376.png6.png,0,0.0161267518997192,safe
./iccad-official\iccad1\test\test_nhs\NNHS376.png7.png,0,0.0065727829933166,safe
./iccad-official\iccad1\test\test_nhs\NNHS376.png8.png,0,0.0065727829933166,safe
./iccad-official\iccad1\test\test_nhs\NNHS376.png9.png,0,0.0065727829933166,safe
./iccad-official\iccad1\test\test_nhs\NNHS377.png1.png,0,0.0005639791488647,safe
./iccad-official\iccad1\test\test_nhs\NNHS377.png2.png,0,0.0005639791488647,safe
./iccad-official\iccad1\test\test_nhs\NNHS377.png3.png,0,0.0005639791488647,safe
./iccad-official\iccad1\test\test_nhs\NNHS377.png4.png,0,0.0233959555625915,safe
./iccad-official\iccad1\test\test_nhs\NNHS377.png6.png,0,0.0186665058135986,safe
./iccad-official\iccad1\test\test_nhs\NNHS377.png7.png,0,0.0065727829933166,safe
./iccad-official\iccad1\test\test_nhs\NNHS377.png8.png,0,0.0027265548706054,safe
./iccad-official\iccad1\test\test_nhs\NNHS377.png9.png,0,0.0016760826110839,safe
./iccad-official\iccad1\test\test_nhs\NNHS378.png1.png,0,0.0013109445571899,safe
./iccad-official\iccad1\test\test_nhs\NNHS378.png2.png,0,0.0005558729171752,safe
./iccad-official\iccad1\test\test_nhs\NNHS378.png3.png,0,0.0014132857322692,safe
./iccad-official\iccad1\test\test_nhs\NNHS378.png4.png,0,0.0161267518997192,safe
./iccad-official\iccad1\test\test_nhs\NNHS378.png6.png,0,0.0161267518997192,safe
./iccad-official\iccad1\test\test_nhs\NNHS378.png7.png,0,0.0079785585403442,safe
./iccad-official\iccad1\test\test_nhs\NNHS378.png8.png,0,0.0079785585403442,safe
./iccad-official\iccad1\test\test_nhs\NNHS378.png9.png,0,0.0148888826370239,safe
./iccad-official\iccad1\test\test_nhs\NNHS379.png1.png,0,0.0008022785186767,safe
./iccad-official\iccad1\test\test_nhs\NNHS379.png2.png,0,0.0003097653388977,safe
./iccad-official\iccad1\test\test_nhs\NNHS379.png3.png,0,0.0002539157867431,safe
./iccad-official\iccad1\test\test_nhs\NNHS379.png4.png,0,0.020757257938385,safe
./iccad-official\iccad1\test\test_nhs\NNHS379.png6.png,0,0.0275003314018249,safe
./iccad-official\iccad1\test\test_nhs\NNHS379.png7.png,0,0.0120400190353393,safe
./iccad-official\iccad1\test\test_nhs\NNHS379.png8.png,0,0.0057120323181152,safe
./iccad-official\iccad1\test\test_nhs\NNHS379.png9.png,0,0.0129953026771545,safe
./iccad-official\iccad1\test\test_nhs\NNHS380.png1.png,0,0.0007216334342956,safe
./iccad-official\iccad1\test\test_nhs\NNHS380.png2.png,0,0.0007216334342956,safe
./iccad-official\iccad1\test\test_nhs\NNHS380.png3.png,0,0.0007216334342956,safe
./iccad-official\iccad1\test\test_nhs\NNHS380.png4.png,0,0.0045472979545593,safe
./iccad-official\iccad1\test\test_nhs\NNHS380.png6.png,0,0.0183709263801574,safe
./iccad-official\iccad1\test\test_nhs\NNHS380.png7.png,0,0.0017484426498413,safe
./iccad-official\iccad1\test\test_nhs\NNHS380.png8.png,0,0.004237949848175,safe
./iccad-official\iccad1\test\test_nhs\NNHS380.png9.png,0,0.0005548000335693,safe
./iccad-official\iccad1\test\test_nhs\NNHS381.png1.png,0,0.0007251501083374,safe
./iccad-official\iccad1\test\test_nhs\NNHS381.png2.png,0,0.0008713603019714,safe
./iccad-official\iccad1\test\test_nhs\NNHS381.png3.png,0,0.0008886456489562,safe
./iccad-official\iccad1\test\test_nhs\NNHS381.png4.png,0,0.0308939218521118,safe
./iccad-official\iccad1\test\test_nhs\NNHS381.png6.png,0,0.0267078280448913,safe
./iccad-official\iccad1\test\test_nhs\NNHS381.png7.png,0,0.0213156342506408,safe
./iccad-official\iccad1\test\test_nhs\NNHS381.png8.png,0,0.0159189105033874,safe
./iccad-official\iccad1\test\test_nhs\NNHS381.png9.png,0,0.0230358242988586,safe
./iccad-official\iccad1\test\test_nhs\NNHS382.png1.png,0,0.0007216334342956,safe
./iccad-official\iccad1\test\test_nhs\NNHS382.png2.png,0,0.0024915933609008,safe
./iccad-official\iccad1\test\test_nhs\NNHS382.png3.png,0,0.0021055340766906,safe
./iccad-official\iccad1\test\test_nhs\NNHS382.png4.png,0,0.017081081867218,safe
./iccad-official\iccad1\test\test_nhs\NNHS382.png6.png,0,0.017081081867218,safe
./iccad-official\iccad1\test\test_nhs\NNHS382.png7.png,0,0.0083398818969726,safe
./iccad-official\iccad1\test\test_nhs\NNHS382.png8.png,0,0.0009684562683105,safe
./iccad-official\iccad1\test\test_nhs\NNHS382.png9.png,0,0.0324358344078063,safe
./iccad-official\iccad1\test\test_nhs\NNHS383.png1.png,0,0.0005357861518859,safe
./iccad-official\iccad1\test\test_nhs\NNHS383.png2.png,0,0.0005092024803161,safe
./iccad-official\iccad1\test\test_nhs\NNHS383.png3.png,0,0.0008818507194519,safe
./iccad-official\iccad1\test\test_nhs\NNHS383.png4.png,0,0.0238403677940368,safe
./iccad-official\iccad1\test\test_nhs\NNHS383.png6.png,0,0.0238403677940368,safe
./iccad-official\iccad1\test\test_nhs\NNHS383.png7.png,0,0.0016760826110839,safe
./iccad-official\iccad1\test\test_nhs\NNHS383.png8.png,0,0.0016760826110839,safe
./iccad-official\iccad1\test\test_nhs\NNHS383.png9.png,0,0.0017634630203247,safe
./iccad-official\iccad1\test\test_nhs\NNHS384.png1.png,0,0.0010489225387573,safe
./iccad-official\iccad1\test\test_nhs\NNHS384.png2.png,0,0.0011960864067077,safe
./iccad-official\iccad1\test\test_nhs\NNHS384.png3.png,0,0.0009251832962036,safe
./iccad-official\iccad1\test\test_nhs\NNHS384.png4.png,0,0.0355281233787536,safe
./iccad-official\iccad1\test\test_nhs\NNHS384.png6.png,0,0.0335920453071594,safe
./iccad-official\iccad1\test\test_nhs\NNHS384.png7.png,0,0.0325163602828979,safe
./iccad-official\iccad1\test\test_nhs\NNHS384.png8.png,0,0.0048059821128845,safe
./iccad-official\iccad1\test\test_nhs\NNHS384.png9.png,0,0.0006419420242309,safe
./iccad-official\iccad1\test\test_nhs\NNHS385.png1.png,0,0.0008001923561096,safe
./iccad-official\iccad1\test\test_nhs\NNHS385.png2.png,0,0.0011438727378845,safe
./iccad-official\iccad1\test\test_nhs\NNHS385.png3.png,0,0.0019640922546386,safe
./iccad-official\iccad1\test\test_nhs\NNHS385.png4.png,0,0.0532401204109191,safe
./iccad-official\iccad1\test\test_nhs\NNHS385.png6.png,0,0.0304710865020751,safe
./iccad-official\iccad1\test\test_nhs\NNHS385.png7.png,0,0.0024418830871582,safe
./iccad-official\iccad1\test\test_nhs\NNHS385.png8.png,0,0.0026441216468811,safe
./iccad-official\iccad1\test\test_nhs\NNHS385.png9.png,0,0.0048132538795471,safe
./iccad-official\iccad1\test\test_nhs\NNHS386.png1.png,0,0.0014837980270385,safe
./iccad-official\iccad1\test\test_nhs\NNHS386.png2.png,0,0.0009261965751647,safe
./iccad-official\iccad1\test\test_nhs\NNHS386.png3.png,0,0.0008713603019714,safe
./iccad-official\iccad1\test\test_nhs\NNHS386.png4.png,0,0.013757050037384,safe
./iccad-official\iccad1\test\test_nhs\NNHS386.png6.png,0,0.0161267518997192,safe
./iccad-official\iccad1\test\test_nhs\NNHS386.png7.png,0,0.0071678757667541,safe
./iccad-official\iccad1\test\test_nhs\NNHS386.png8.png,0,0.0071678757667541,safe
./iccad-official\iccad1\test\test_nhs\NNHS386.png9.png,0,0.0038415789604187,safe
./iccad-official\iccad1\test\test_nhs\NNHS387.png1.png,0,0.0005639791488647,safe
./iccad-official\iccad1\test\test_nhs\NNHS387.png2.png,0,0.0005639791488647,safe
./iccad-official\iccad1\test\test_nhs\NNHS387.png3.png,0,0.0005639791488647,safe
./iccad-official\iccad1\test\test_nhs\NNHS387.png4.png,0,0.0161267518997192,safe
./iccad-official\iccad1\test\test_nhs\NNHS387.png6.png,0,0.0161267518997192,safe
./iccad-official\iccad1\test\test_nhs\NNHS387.png7.png,0,0.0019622445106506,safe
./iccad-official\iccad1\test\test_nhs\NNHS387.png8.png,0,0.0043511390686035,safe
./iccad-official\iccad1\test\test_nhs\NNHS387.png9.png,0,0.0043075680732727,safe
./iccad-official\iccad1\test\test_nhs\NNHS388.png1.png,0,0.0024001598358154,safe
./iccad-official\iccad1\test\test_nhs\NNHS388.png2.png,0,0.0016030669212341,safe
./iccad-official\iccad1\test\test_nhs\NNHS388.png3.png,0,0.0012558102607727,safe
./iccad-official\iccad1\test\test_nhs\NNHS388.png4.png,0,0.014876902103424,safe
./iccad-official\iccad1\test\test_nhs\NNHS388.png6.png,0,0.0161267518997192,safe
./iccad-official\iccad1\test\test_nhs\NNHS388.png7.png,0,0.0081668496131896,safe
./iccad-official\iccad1\test\test_nhs\NNHS388.png8.png,0,0.0061861872673034,safe
./iccad-official\iccad1\test\test_nhs\NNHS388.png9.png,0,0.0061861872673034,safe
./iccad-official\iccad1\test\test_nhs\NNHS389.png1.png,0,0.0008713603019714,safe
./iccad-official\iccad1\test\test_nhs\NNHS389.png2.png,0,0.0008713603019714,safe
./iccad-official\iccad1\test\test_nhs\NNHS389.png3.png,0,0.0008713603019714,safe
./iccad-official\iccad1\test\test_nhs\NNHS389.png4.png,0,0.0147600769996643,safe
./iccad-official\iccad1\test\test_nhs\NNHS389.png6.png,0,0.0222588777542114,safe
./iccad-official\iccad1\test\test_nhs\NNHS389.png7.png,0,0.0011406540870666,safe
./iccad-official\iccad1\test\test_nhs\NNHS389.png8.png,0,0.0009616613388061,safe
./iccad-official\iccad1\test\test_nhs\NNHS389.png9.png,0,0.0047646164894104,safe
./iccad-official\iccad1\test\test_nhs\NNHS390.png1.png,0,0.001851737499237,safe
./iccad-official\iccad1\test\test_nhs\NNHS390.png2.png,0,0.0007997155189514,safe
./iccad-official\iccad1\test\test_nhs\NNHS390.png3.png,0,0.00184828042984,safe
./iccad-official\iccad1\test\test_nhs\NNHS390.png4.png,0,0.0035925507545471,safe
./iccad-official\iccad1\test\test_nhs\NNHS390.png6.png,0,0.0071784257888793,safe
./iccad-official\iccad1\test\test_nhs\NNHS390.png7.png,0,0.0038419961929321,safe
./iccad-official\iccad1\test\test_nhs\NNHS390.png8.png,0,0.0022929906845092,safe
./iccad-official\iccad1\test\test_nhs\NNHS390.png9.png,0,0.0022709369659423,safe
./iccad-official\iccad1\test\test_nhs\NNHS391.png1.png,0,0.0014650225639343,safe
./iccad-official\iccad1\test\test_nhs\NNHS391.png2.png,0,0.0006222128868103,safe
./iccad-official\iccad1\test\test_nhs\NNHS391.png3.png,0,0.0036728382110595,safe
./iccad-official\iccad1\test\test_nhs\NNHS391.png4.png,0,0.0079238414764404,safe
./iccad-official\iccad1\test\test_nhs\NNHS391.png6.png,0,0.0081914067268371,safe
./iccad-official\iccad1\test\test_nhs\NNHS391.png7.png,0,0.0110052227973937,safe
./iccad-official\iccad1\test\test_nhs\NNHS391.png8.png,0,0.0439056158065795,safe
./iccad-official\iccad1\test\test_nhs\NNHS391.png9.png,0,0.020137071609497,safe
./iccad-official\iccad1\test\test_nhs\NNHS392.png1.png,0,0.0007011890411376,safe
./iccad-official\iccad1\test\test_nhs\NNHS392.png2.png,0,0.0007011890411376,safe
./iccad-official\iccad1\test\test_nhs\NNHS392.png3.png,0,0.0007011890411376,safe
./iccad-official\iccad1\test\test_nhs\NNHS392.png4.png,0,0.0293975472450256,safe
./iccad-official\iccad1\test\test_nhs\NNHS392.png6.png,0,0.0293975472450256,safe
./iccad-official\iccad1\test\test_nhs\NNHS392.png7.png,0,0.0152184963226318,safe
./iccad-official\iccad1\test\test_nhs\NNHS392.png8.png,0,0.0153291821479797,safe
./iccad-official\iccad1\test\test_nhs\NNHS392.png9.png,0,0.0048338174819946,safe
./iccad-official\iccad1\test\test_nhs\NNHS393.png1.png,0,0.0005902051925659,safe
./iccad-official\iccad1\test\test_nhs\NNHS393.png2.png,0,0.001065969467163,safe
./iccad-official\iccad1\test\test_nhs\NNHS393.png3.png,0,0.0011764764785766,safe
./iccad-official\iccad1\test\test_nhs\NNHS393.png4.png,0,0.0033146142959594,safe
./iccad-official\iccad1\test\test_nhs\NNHS393.png6.png,0,0.00303316116333,safe
./iccad-official\iccad1\test\test_nhs\NNHS393.png7.png,0,0.0009258389472961,safe
./iccad-official\iccad1\test\test_nhs\NNHS393.png8.png,0,0.0079092979431152,safe
./iccad-official\iccad1\test\test_nhs\NNHS393.png9.png,0,0.0053925514221191,safe
./iccad-official\iccad1\test\test_nhs\NNHS394.png1.png,0,0.0052898526191711,safe
./iccad-official\iccad1\test\test_nhs\NNHS394.png2.png,0,0.001234233379364,safe
./iccad-official\iccad1\test\test_nhs\NNHS394.png3.png,0,0.0021923184394836,safe
./iccad-official\iccad1\test\test_nhs\NNHS394.png4.png,0,0.0161267518997192,safe
./iccad-official\iccad1\test\test_nhs\NNHS394.png6.png,0,0.0161267518997192,safe
./iccad-official\iccad1\test\test_nhs\NNHS394.png7.png,0,0.0061861872673034,safe
./iccad-official\iccad1\test\test_nhs\NNHS394.png8.png,0,0.0061861872673034,safe
./iccad-official\iccad1\test\test_nhs\NNHS394.png9.png,0,0.0061861872673034,safe
./iccad-official\iccad1\test\test_nhs\NNHS395.png1.png,0,0.0007216334342956,safe
./iccad-official\iccad1\test\test_nhs\NNHS395.png2.png,0,0.0007216334342956,safe
./iccad-official\iccad1\test\test_nhs\NNHS395.png3.png,0,0.0010287761688232,safe
./iccad-official\iccad1\test\test_nhs\NNHS395.png4.png,0,0.0013583302497863,safe
./iccad-official\iccad1\test\test_nhs\NNHS395.png6.png,0,0.0471981167793273,safe
./iccad-official\iccad1\test\test_nhs\NNHS395.png7.png,0,0.0079785585403442,safe
./iccad-official\iccad1\test\test_nhs\NNHS395.png8.png,0,0.0079785585403442,safe
./iccad-official\iccad1\test\test_nhs\NNHS395.png9.png,0,0.0079785585403442,safe
./iccad-official\iccad1\test\test_nhs\NNHS396.png1.png,0,0.0011162757873535,safe
./iccad-official\iccad1\test\test_nhs\NNHS396.png2.png,0,0.0003246665000915,safe
./iccad-official\iccad1\test\test_nhs\NNHS396.png3.png,0,0.0003246665000915,safe
./iccad-official\iccad1\test\test_nhs\NNHS396.png4.png,0,0.0065432786941528,safe
./iccad-official\iccad1\test\test_nhs\NNHS396.png6.png,0,0.010523498058319,safe
./iccad-official\iccad1\test\test_nhs\NNHS396.png7.png,0,0.0035195350646972,safe
./iccad-official\iccad1\test\test_nhs\NNHS396.png8.png,0,0.0035195350646972,safe
./iccad-official\iccad1\test\test_nhs\NNHS396.png9.png,0,0.0033285021781921,safe
./iccad-official\iccad1\test\test_nhs\NNHS397.png1.png,0,0.0006555318832397,safe
./iccad-official\iccad1\test\test_nhs\NNHS397.png2.png,0,0.0019821524620056,safe
./iccad-official\iccad1\test\test_nhs\NNHS397.png3.png,0,0.00184828042984,safe
./iccad-official\iccad1\test\test_nhs\NNHS397.png4.png,0,0.0230737328529357,safe
./iccad-official\iccad1\test\test_nhs\NNHS397.png6.png,0,0.0230737328529357,safe
./iccad-official\iccad1\test\test_nhs\NNHS397.png7.png,0,0.0100980401039123,safe
./iccad-official\iccad1\test\test_nhs\NNHS397.png8.png,0,0.0108190774917602,safe
./iccad-official\iccad1\test\test_nhs\NNHS397.png9.png,0,0.0108190774917602,safe
./iccad-official\iccad1\test\test_nhs\NNHS398.png1.png,0,0.0005639791488647,safe
./iccad-official\iccad1\test\test_nhs\NNHS398.png2.png,0,0.0011764764785766,safe
./iccad-official\iccad1\test\test_nhs\NNHS398.png3.png,0,0.0013654232025146,safe
./iccad-official\iccad1\test\test_nhs\NNHS398.png4.png,0,0.0086638331413269,safe
./iccad-official\iccad1\test\test_nhs\NNHS398.png6.png,0,0.0214742422103881,safe
./iccad-official\iccad1\test\test_nhs\NNHS398.png7.png,0,0.0115720629692077,safe
./iccad-official\iccad1\test\test_nhs\NNHS398.png8.png,0,0.0227022171020507,safe
./iccad-official\iccad1\test\test_nhs\NNHS398.png9.png,0,0.0093007087707519,safe
./iccad-official\iccad1\test\test_nhs\NNHS399.png1.png,0,0.0005639791488647,safe
./iccad-official\iccad1\test\test_nhs\NNHS399.png2.png,0,0.0005639791488647,safe
./iccad-official\iccad1\test\test_nhs\NNHS399.png3.png,0,0.0005639791488647,safe
./iccad-official\iccad1\test\test_nhs\NNHS399.png4.png,0,0.0202444791793823,safe
./iccad-official\iccad1\test\test_nhs\NNHS399.png6.png,0,0.0161267518997192,safe
./iccad-official\iccad1\test\test_nhs\NNHS399.png7.png,0,0.0046393275260925,safe
./iccad-official\iccad1\test\test_nhs\NNHS399.png8.png,0,0.0005151629447937,safe
./iccad-official\iccad1\test\test_nhs\NNHS399.png9.png,0,0.0010933279991149,safe
./iccad-official\iccad1\test\test_nhs\NNHS400.png1.png,0,0.0005839467048645,safe
./iccad-official\iccad1\test\test_nhs\NNHS400.png2.png,0,0.0005639791488647,safe
./iccad-official\iccad1\test\test_nhs\NNHS400.png3.png,0,0.0006697177886962,safe
./iccad-official\iccad1\test\test_nhs\NNHS400.png4.png,0,0.0138952732086181,safe
./iccad-official\iccad1\test\test_nhs\NNHS400.png6.png,0,0.0285979509353637,safe
./iccad-official\iccad1\test\test_nhs\NNHS400.png7.png,0,0.0041655302047729,safe
./iccad-official\iccad1\test\test_nhs\NNHS400.png8.png,0,0.0079785585403442,safe
./iccad-official\iccad1\test\test_nhs\NNHS400.png9.png,0,0.0046390891075134,safe
./iccad-official\iccad1\test\test_nhs\NNHS401.png1.png,0,0.0011764764785766,safe
./iccad-official\iccad1\test\test_nhs\NNHS401.png2.png,0,0.0011764764785766,safe
./iccad-official\iccad1\test\test_nhs\NNHS401.png3.png,0,0.0011764764785766,safe
./iccad-official\iccad1\test\test_nhs\NNHS401.png4.png,0,0.0063098669052124,safe
./iccad-official\iccad1\test\test_nhs\NNHS401.png6.png,0,0.0231229662895202,safe
./iccad-official\iccad1\test\test_nhs\NNHS401.png7.png,0,0.0079785585403442,safe
./iccad-official\iccad1\test\test_nhs\NNHS401.png8.png,0,0.0079785585403442,safe
./iccad-official\iccad1\test\test_nhs\NNHS401.png9.png,0,0.0135480165481567,safe
./iccad-official\iccad1\test\test_nhs\NNHS402.png1.png,0,0.0020163059234619,safe
./iccad-official\iccad1\test\test_nhs\NNHS402.png2.png,0,0.0015129446983337,safe
./iccad-official\iccad1\test\test_nhs\NNHS402.png3.png,0,0.0006353855133056,safe
./iccad-official\iccad1\test\test_nhs\NNHS402.png4.png,0,0.0158594846725463,safe
./iccad-official\iccad1\test\test_nhs\NNHS402.png6.png,0,0.0090656876564025,safe
./iccad-official\iccad1\test\test_nhs\NNHS402.png7.png,0,0.0074409246444702,safe
./iccad-official\iccad1\test\test_nhs\NNHS402.png8.png,0,0.0079113245010375,safe
./iccad-official\iccad1\test\test_nhs\NNHS402.png9.png,0,0.0016760826110839,safe
./iccad-official\iccad1\test\test_nhs\NNHS403.png1.png,0,0.0007048845291137,safe
./iccad-official\iccad1\test\test_nhs\NNHS403.png2.png,0,0.0007116794586181,safe
./iccad-official\iccad1\test\test_nhs\NNHS403.png3.png,0,0.0015736818313598,safe
./iccad-official\iccad1\test\test_nhs\NNHS403.png4.png,0,0.0060496926307678,safe
./iccad-official\iccad1\test\test_nhs\NNHS403.png6.png,0,0.0125262141227722,safe
./iccad-official\iccad1\test\test_nhs\NNHS403.png7.png,0,0.0063735246658325,safe
./iccad-official\iccad1\test\test_nhs\NNHS403.png8.png,0,0.0022876262664794,safe
./iccad-official\iccad1\test\test_nhs\NNHS403.png9.png,0,0.0069380402565002,safe
./iccad-official\iccad1\test\test_nhs\NNHS404.png1.png,0,0.0005639791488647,safe
./iccad-official\iccad1\test\test_nhs\NNHS404.png2.png,0,0.0005639791488647,safe
./iccad-official\iccad1\test\test_nhs\NNHS404.png3.png,0,0.0005639791488647,safe
./iccad-official\iccad1\test\test_nhs\NNHS404.png4.png,0,0.0161267518997192,safe
./iccad-official\iccad1\test\test_nhs\NNHS404.png6.png,0,0.0223599672317504,safe
./iccad-official\iccad1\test\test_nhs\NNHS404.png7.png,0,0.0055210590362548,safe
./iccad-official\iccad1\test\test_nhs\NNHS404.png8.png,0,0.0031186938285827,safe
./iccad-official\iccad1\test\test_nhs\NNHS404.png9.png,0,0.0079785585403442,safe
./iccad-official\iccad1\test\test_nhs\NNHS405.png1.png,0,0.0022502541542053,safe
./iccad-official\iccad1\test\test_nhs\NNHS405.png2.png,0,0.0031042098999023,safe
./iccad-official\iccad1\test\test_nhs\NNHS405.png3.png,0,0.0009212493896484,safe
./iccad-official\iccad1\test\test_nhs\NNHS405.png4.png,0,0.0155998468399047,safe
./iccad-official\iccad1\test\test_nhs\NNHS405.png6.png,0,0.0248087048530578,safe
./iccad-official\iccad1\test\test_nhs\NNHS405.png7.png,0,0.0028545260429382,safe
./iccad-official\iccad1\test\test_nhs\NNHS405.png8.png,0,0.0025346875190734,safe
./iccad-official\iccad1\test\test_nhs\NNHS405.png9.png,0,0.001641571521759,safe
./iccad-official\iccad1\test\test_nhs\NNHS406.png1.png,0,0.0007904171943664,safe
./iccad-official\iccad1\test\test_nhs\NNHS406.png2.png,0,0.0005223751068115,safe
./iccad-official\iccad1\test\test_nhs\NNHS406.png3.png,0,0.0007460117340087,safe
./iccad-official\iccad1\test\test_nhs\NNHS406.png4.png,0,0.0032619833946228,safe
./iccad-official\iccad1\test\test_nhs\NNHS406.png6.png,0,0.024641990661621,safe
./iccad-official\iccad1\test\test_nhs\NNHS406.png7.png,0,0.0164162516593933,safe
./iccad-official\iccad1\test\test_nhs\NNHS406.png8.png,0,0.0192020535469055,safe
./iccad-official\iccad1\test\test_nhs\NNHS406.png9.png,0,0.0192020535469055,safe
./iccad-official\iccad1\test\test_nhs\NNHS407.png1.png,0,0.0007993578910827,safe
./iccad-official\iccad1\test\test_nhs\NNHS407.png2.png,0,0.0007993578910827,safe
./iccad-official\iccad1\test\test_nhs\NNHS407.png3.png,0,0.0007993578910827,safe
./iccad-official\iccad1\test\test_nhs\NNHS407.png4.png,0,0.0900164246559143,safe
./iccad-official\iccad1\test\test_nhs\NNHS407.png6.png,0,0.0126844644546508,safe
./iccad-official\iccad1\test\test_nhs\NNHS407.png7.png,0,0.0027356743812561,safe
./iccad-official\iccad1\test\test_nhs\NNHS407.png8.png,0,0.0029294490814208,safe
./iccad-official\iccad1\test\test_nhs\NNHS407.png9.png,0,0.0042468905448913,safe
./iccad-official\iccad1\test\test_nhs\NNHS408.png1.png,0,0.0040515065193176,safe
./iccad-official\iccad1\test\test_nhs\NNHS408.png2.png,0,0.0022502541542053,safe
./iccad-official\iccad1\test\test_nhs\NNHS408.png3.png,0,0.0016484856605529,safe
./iccad-official\iccad1\test\test_nhs\NNHS408.png4.png,0,0.0238403677940368,safe
./iccad-official\iccad1\test\test_nhs\NNHS408.png6.png,0,0.019000232219696,safe
./iccad-official\iccad1\test\test_nhs\NNHS408.png7.png,0,0.0023933053016662,safe
./iccad-official\iccad1\test\test_nhs\NNHS408.png8.png,0,0.0026681423187255,safe
./iccad-official\iccad1\test\test_nhs\NNHS408.png9.png,0,0.0026681423187255,safe
./iccad-official\iccad1\test\test_nhs\NNHS409.png1.png,0,0.0011764764785766,safe
./iccad-official\iccad1\test\test_nhs\NNHS409.png2.png,0,0.0008702278137207,safe
./iccad-official\iccad1\test\test_nhs\NNHS409.png3.png,0,0.0005639791488647,safe
./iccad-official\iccad1\test\test_nhs\NNHS409.png4.png,0,0.0166355371475219,safe
./iccad-official\iccad1\test\test_nhs\NNHS409.png6.png,0,0.0040056109428405,safe
./iccad-official\iccad1\test\test_nhs\NNHS409.png7.png,0,0.0021053552627563,safe
./iccad-official\iccad1\test\test_nhs\NNHS409.png8.png,0,0.0091718435287475,safe
./iccad-official\iccad1\test\test_nhs\NNHS409.png9.png,0,0.0128142833709716,safe
./iccad-official\iccad1\test\test_nhs\NNHS410.png1.png,0,0.0007216334342956,safe
./iccad-official\iccad1\test\test_nhs\NNHS410.png2.png,0,0.0008100867271423,safe
./iccad-official\iccad1\test\test_nhs\NNHS410.png3.png,0,0.0030322670936584,safe
./iccad-official\iccad1\test\test_nhs\NNHS410.png4.png,0,0.0023002624511718,safe
./iccad-official\iccad1\test\test_nhs\NNHS410.png6.png,0,0.0081392526626586,safe
./iccad-official\iccad1\test\test_nhs\NNHS410.png7.png,0,0.0066738128662109,safe
./iccad-official\iccad1\test\test_nhs\NNHS410.png8.png,0,0.0047326683998107,safe
./iccad-official\iccad1\test\test_nhs\NNHS410.png9.png,0,0.0100780725479125,safe
./iccad-official\iccad1\test\test_nhs\NNHS411.png1.png,0,0.0007216334342956,safe
./iccad-official\iccad1\test\test_nhs\NNHS411.png2.png,0,0.0011821389198303,safe
./iccad-official\iccad1\test\test_nhs\NNHS411.png3.png,0,0.0007216334342956,safe
./iccad-official\iccad1\test\test_nhs\NNHS411.png4.png,0,0.0018837451934814,safe
./iccad-official\iccad1\test\test_nhs\NNHS411.png6.png,0,0.0029629468917846,safe
./iccad-official\iccad1\test\test_nhs\NNHS411.png7.png,0,0.0079785585403442,safe
./iccad-official\iccad1\test\test_nhs\NNHS411.png8.png,0,0.0079785585403442,safe
./iccad-official\iccad1\test\test_nhs\NNHS411.png9.png,0,0.0085517764091491,safe
./iccad-official\iccad1\test\test_nhs\NNHS412.png1.png,0,0.0008713603019714,safe
./iccad-official\iccad1\test\test_nhs\NNHS412.png2.png,0,0.00184828042984,safe
./iccad-official\iccad1\test\test_nhs\NNHS412.png3.png,0,0.00184828042984,safe
./iccad-official\iccad1\test\test_nhs\NNHS412.png4.png,0,0.0078805088996887,safe
./iccad-official\iccad1\test\test_nhs\NNHS412.png6.png,0,0.0078805088996887,safe
./iccad-official\iccad1\test\test_nhs\NNHS412.png7.png,0,0.0044707059860229,safe
./iccad-official\iccad1\test\test_nhs\NNHS412.png8.png,0,0.0039990544319152,safe
./iccad-official\iccad1\test\test_nhs\NNHS412.png9.png,0,0.0081364512443542,safe
./iccad-official\iccad1\test\test_nhs\NNHS413.png1.png,0,0.0019629597663879,safe
./iccad-official\iccad1\test\test_nhs\NNHS413.png2.png,0,0.0029499530792236,safe
./iccad-official\iccad1\test\test_nhs\NNHS413.png3.png,0,0.0009401440620422,safe
./iccad-official\iccad1\test\test_nhs\NNHS413.png4.png,0,0.0035925507545471,safe
./iccad-official\iccad1\test\test_nhs\NNHS413.png6.png,0,0.0246493220329284,safe
./iccad-official\iccad1\test\test_nhs\NNHS413.png7.png,0,0.0095578432083129,safe
./iccad-official\iccad1\test\test_nhs\NNHS413.png8.png,0,0.0089846849441528,safe
./iccad-official\iccad1\test\test_nhs\NNHS413.png9.png,0,0.0089846849441528,safe
./iccad-official\iccad1\test\test_nhs\NNHS414.png1.png,0,0.0006123781204223,safe
./iccad-official\iccad1\test\test_nhs\NNHS414.png2.png,0,0.0006123781204223,safe
./iccad-official\iccad1\test\test_nhs\NNHS414.png3.png,0,0.0006123781204223,safe
./iccad-official\iccad1\test\test_nhs\NNHS414.png4.png,0,0.0308272242546081,safe
./iccad-official\iccad1\test\test_nhs\NNHS414.png6.png,0,0.0144704580307006,safe
./iccad-official\iccad1\test\test_nhs\NNHS414.png7.png,0,0.0020996332168579,safe
./iccad-official\iccad1\test\test_nhs\NNHS414.png8.png,0,0.0066243410110473,safe
./iccad-official\iccad1\test\test_nhs\NNHS414.png9.png,0,0.0079785585403442,safe
./iccad-official\iccad1\test\test_nhs\NNHS415.png1.png,0,0.0006176233291625,safe
./iccad-official\iccad1\test\test_nhs\NNHS415.png2.png,0,0.0017597675323486,safe
./iccad-official\iccad1\test\test_nhs\NNHS415.png3.png,0,0.0020027756690979,safe
./iccad-official\iccad1\test\test_nhs\NNHS415.png4.png,0,0.0161267518997192,safe
./iccad-official\iccad1\test\test_nhs\NNHS415.png6.png,0,0.0161267518997192,safe
./iccad-official\iccad1\test\test_nhs\NNHS415.png7.png,0,0.0042468905448913,safe
./iccad-official\iccad1\test\test_nhs\NNHS415.png8.png,0,0.0042468905448913,safe
./iccad-official\iccad1\test\test_nhs\NNHS415.png9.png,0,0.0042468905448913,safe
./iccad-official\iccad1\test\test_nhs\NNHS416.png1.png,0,0.000706136226654,safe
./iccad-official\iccad1\test\test_nhs\NNHS416.png2.png,0,0.0011411905288696,safe
./iccad-official\iccad1\test\test_nhs\NNHS416.png3.png,0,0.0010140538215637,safe
./iccad-official\iccad1\test\test_nhs\NNHS416.png4.png,0,0.0080509781837463,safe
./iccad-official\iccad1\test\test_nhs\NNHS416.png6.png,0,0.0030932426452636,safe
./iccad-official\iccad1\test\test_nhs\NNHS416.png7.png,0,0.0071678757667541,safe
./iccad-official\iccad1\test\test_nhs\NNHS416.png8.png,0,0.0071678757667541,safe
./iccad-official\iccad1\test\test_nhs\NNHS416.png9.png,0,0.0154700875282287,safe
./iccad-official\iccad1\test\test_nhs\NNHS417.png1.png,0,0.0020228028297424,safe
./iccad-official\iccad1\test\test_nhs\NNHS417.png2.png,0,0.0005639791488647,safe
./iccad-official\iccad1\test\test_nhs\NNHS417.png3.png,0,0.0005639791488647,safe
./iccad-official\iccad1\test\test_nhs\NNHS417.png4.png,0,0.0147600769996643,safe
./iccad-official\iccad1\test\test_nhs\NNHS417.png6.png,0,0.0161267518997192,safe
./iccad-official\iccad1\test\test_nhs\NNHS417.png7.png,0,0.0035195350646972,safe
./iccad-official\iccad1\test\test_nhs\NNHS417.png8.png,0,0.0038689970970153,safe
./iccad-official\iccad1\test\test_nhs\NNHS417.png9.png,0,0.0076074600219726,safe
./iccad-official\iccad1\test\test_nhs\NNHS418.png1.png,0,0.0010744333267211,safe
./iccad-official\iccad1\test\test_nhs\NNHS418.png2.png,0,0.0009251832962036,safe
./iccad-official\iccad1\test\test_nhs\NNHS418.png3.png,0,0.0007216334342956,safe
./iccad-official\iccad1\test\test_nhs\NNHS418.png4.png,0,0.0161267518997192,safe
./iccad-official\iccad1\test\test_nhs\NNHS418.png6.png,0,0.0161267518997192,safe
./iccad-official\iccad1\test\test_nhs\NNHS418.png7.png,0,0.0036239624023437,safe
./iccad-official\iccad1\test\test_nhs\NNHS418.png8.png,0,0.0017734169960021,safe
./iccad-official\iccad1\test\test_nhs\NNHS418.png9.png,0,0.000423789024353,safe
./iccad-official\iccad1\test\test_nhs\NNHS419.png1.png,0,0.0011764764785766,safe
./iccad-official\iccad1\test\test_nhs\NNHS419.png2.png,0,0.0028828978538513,safe
./iccad-official\iccad1\test\test_nhs\NNHS419.png3.png,0,0.002142310142517,safe
./iccad-official\iccad1\test\test_nhs\NNHS419.png4.png,0,0.0161267518997192,safe
./iccad-official\iccad1\test\test_nhs\NNHS419.png6.png,0,0.0156705379486084,safe
./iccad-official\iccad1\test\test_nhs\NNHS419.png7.png,0,0.0088163614273071,safe
./iccad-official\iccad1\test\test_nhs\NNHS419.png8.png,0,0.0066147446632385,safe
./iccad-official\iccad1\test\test_nhs\NNHS419.png9.png,0,0.0068429112434387,safe
./iccad-official\iccad1\test\test_nhs\NNHS420.png1.png,0,0.0005639791488647,safe
./iccad-official\iccad1\test\test_nhs\NNHS420.png2.png,0,0.0005639791488647,safe
./iccad-official\iccad1\test\test_nhs\NNHS420.png3.png,0,0.0005639791488647,safe
./iccad-official\iccad1\test\test_nhs\NNHS420.png4.png,0,0.0126019120216369,safe
./iccad-official\iccad1\test\test_nhs\NNHS420.png6.png,0,0.0183781385421752,safe
./iccad-official\iccad1\test\test_nhs\NNHS420.png7.png,0,0.030263066291809,safe
./iccad-official\iccad1\test\test_nhs\NNHS420.png8.png,0,0.0128910541534423,safe
./iccad-official\iccad1\test\test_nhs\NNHS420.png9.png,0,0.0063454508781433,safe
./iccad-official\iccad1\test\test_nhs\NNHS421.png1.png,0,0.0021031498908996,safe
./iccad-official\iccad1\test\test_nhs\NNHS421.png2.png,0,0.0021031498908996,safe
./iccad-official\iccad1\test\test_nhs\NNHS421.png3.png,0,0.001987338066101,safe
./iccad-official\iccad1\test\test_nhs\NNHS421.png4.png,0,0.0338681936264038,safe
./iccad-official\iccad1\test\test_nhs\NNHS421.png6.png,0,0.0183781385421752,safe
./iccad-official\iccad1\test\test_nhs\NNHS421.png7.png,0,0.0053344368934631,safe
./iccad-official\iccad1\test\test_nhs\NNHS421.png8.png,0,0.000620424747467,safe
./iccad-official\iccad1\test\test_nhs\NNHS421.png9.png,0,0.0042385458946228,safe
./iccad-official\iccad1\test\test_nhs\NNHS422.png1.png,0,0.0003246665000915,safe
./iccad-official\iccad1\test\test_nhs\NNHS422.png2.png,0,0.001472532749176,safe
./iccad-official\iccad1\test\test_nhs\NNHS422.png3.png,0,0.0008390545845031,safe
./iccad-official\iccad1\test\test_nhs\NNHS422.png4.png,0,0.0076943039894104,safe
./iccad-official\iccad1\test\test_nhs\NNHS422.png6.png,0,0.0085353255271911,safe
./iccad-official\iccad1\test\test_nhs\NNHS422.png7.png,0,0.0041568875312805,safe
./iccad-official\iccad1\test\test_nhs\NNHS422.png8.png,0,0.0059261918067932,safe
./iccad-official\iccad1\test\test_nhs\NNHS422.png9.png,0,0.0214005708694458,safe
./iccad-official\iccad1\test\test_nhs\NNHS423.png1.png,0,0.001371681690216,safe
./iccad-official\iccad1\test\test_nhs\NNHS423.png2.png,0,0.001415193080902,safe
./iccad-official\iccad1\test\test_nhs\NNHS423.png3.png,0,0.0009378790855407,safe
./iccad-official\iccad1\test\test_nhs\NNHS423.png4.png,0,0.0332594513893127,safe
./iccad-official\iccad1\test\test_nhs\NNHS423.png6.png,0,0.055494487285614,safe
./iccad-official\iccad1\test\test_nhs\NNHS423.png7.png,0,0.0171232819557189,safe
./iccad-official\iccad1\test\test_nhs\NNHS423.png8.png,0,0.012978971004486,safe
./iccad-official\iccad1\test\test_nhs\NNHS423.png9.png,0,0.0159425139427185,safe
./iccad-official\iccad1\test\test_nhs\NNHS424.png1.png,0,0.00034761428833,safe
./iccad-official\iccad1\test\test_nhs\NNHS424.png2.png,0,0.0016418099403381,safe
./iccad-official\iccad1\test\test_nhs\NNHS424.png3.png,0,0.0004839897155761,safe
./iccad-official\iccad1\test\test_nhs\NNHS424.png4.png,0,0.02240651845932,safe
./iccad-official\iccad1\test\test_nhs\NNHS424.png6.png,0,0.0161267518997192,safe
./iccad-official\iccad1\test\test_nhs\NNHS424.png7.png,0,0.0071263313293457,safe
./iccad-official\iccad1\test\test_nhs\NNHS424.png8.png,0,0.0019475817680358,safe
./iccad-official\iccad1\test\test_nhs\NNHS424.png9.png,0,0.0094258785247802,safe
./iccad-official\iccad1\test\test_nhs\NNHS425.png1.png,0,0.0049836039543151,safe
./iccad-official\iccad1\test\test_nhs\NNHS425.png2.png,0,0.0017812848091125,safe
./iccad-official\iccad1\test\test_nhs\NNHS425.png3.png,0,0.0017635822296142,safe
./iccad-official\iccad1\test\test_nhs\NNHS425.png4.png,0,0.0230737328529357,safe
./iccad-official\iccad1\test\test_nhs\NNHS425.png6.png,0,0.0230737328529357,safe
./iccad-official\iccad1\test\test_nhs\NNHS425.png7.png,0,0.0124120712280273,safe
./iccad-official\iccad1\test\test_nhs\NNHS425.png8.png,0,0.0093514919281005,safe
./iccad-official\iccad1\test\test_nhs\NNHS425.png9.png,0,0.0135831832885742,safe
./iccad-official\iccad1\test\test_nhs\NNHS426.png1.png,0,0.0011296272277832,safe
./iccad-official\iccad1\test\test_nhs\NNHS426.png2.png,0,0.0019254088401794,safe
./iccad-official\iccad1\test\test_nhs\NNHS426.png3.png,0,0.004280686378479,safe
./iccad-official\iccad1\test\test_nhs\NNHS426.png4.png,0,0.0072377324104309,safe
./iccad-official\iccad1\test\test_nhs\NNHS426.png6.png,0,0.0047690868377685,safe
./iccad-official\iccad1\test\test_nhs\NNHS426.png7.png,0,0.006759226322174,safe
./iccad-official\iccad1\test\test_nhs\NNHS426.png8.png,0,0.0030240416526794,safe
./iccad-official\iccad1\test\test_nhs\NNHS426.png9.png,0,0.0009517669677734,safe
./iccad-official\iccad1\test\test_nhs\NNHS427.png1.png,0,0.0009498596191406,safe
./iccad-official\iccad1\test\test_nhs\NNHS427.png2.png,0,0.0007880926132202,safe
./iccad-official\iccad1\test\test_nhs\NNHS427.png3.png,0,0.0004889369010925,safe
./iccad-official\iccad1\test\test_nhs\NNHS427.png4.png,0,0.0078805088996887,safe
./iccad-official\iccad1\test\test_nhs\NNHS427.png6.png,0,0.0035494565963745,safe
./iccad-official\iccad1\test\test_nhs\NNHS427.png7.png,0,0.0043641924858093,safe
./iccad-official\iccad1\test\test_nhs\NNHS427.png8.png,0,0.0094568729400634,safe
./iccad-official\iccad1\test\test_nhs\NNHS427.png9.png,0,0.0091718435287475,safe
./iccad-official\iccad1\test\test_nhs\NNHS428.png1.png,0,0.0041553378105163,safe
./iccad-official\iccad1\test\test_nhs\NNHS428.png2.png,0,0.001483142375946,safe
./iccad-official\iccad1\test\test_nhs\NNHS428.png3.png,0,0.0031343698501586,safe
./iccad-official\iccad1\test\test_nhs\NNHS428.png4.png,0,0.0183280706405639,safe
./iccad-official\iccad1\test\test_nhs\NNHS428.png6.png,0,0.0033996701240539,safe
./iccad-official\iccad1\test\test_nhs\NNHS428.png7.png,0,0.0079785585403442,safe
./iccad-official\iccad1\test\test_nhs\NNHS428.png8.png,0,0.0079785585403442,safe
./iccad-official\iccad1\test\test_nhs\NNHS428.png9.png,0,0.0141062140464782,safe
./iccad-official\iccad1\test\test_nhs\NNHS429.png1.png,0,0.0005639791488647,safe
./iccad-official\iccad1\test\test_nhs\NNHS429.png2.png,0,0.0006145238876342,safe
./iccad-official\iccad1\test\test_nhs\NNHS429.png3.png,0,0.0003854632377624,safe
./iccad-official\iccad1\test\test_nhs\NNHS429.png4.png,0,0.0161267518997192,safe
./iccad-official\iccad1\test\test_nhs\NNHS429.png6.png,0,0.004657506942749,safe
./iccad-official\iccad1\test\test_nhs\NNHS429.png7.png,0,0.0032521486282348,safe
./iccad-official\iccad1\test\test_nhs\NNHS429.png8.png,0,0.014757215976715,safe
./iccad-official\iccad1\test\test_nhs\NNHS429.png9.png,0,0.0108190774917602,safe
./iccad-official\iccad1\test\test_nhs\NNHS430.png1.png,0,0.0008136630058288,safe
./iccad-official\iccad1\test\test_nhs\NNHS430.png2.png,0,0.0008713603019714,safe
./iccad-official\iccad1\test\test_nhs\NNHS430.png3.png,0,0.0008713603019714,safe
./iccad-official\iccad1\test\test_nhs\NNHS430.png4.png,0,0.0147600769996643,safe
./iccad-official\iccad1\test\test_nhs\NNHS430.png6.png,0,0.0075446367263793,safe
./iccad-official\iccad1\test\test_nhs\NNHS430.png7.png,0,0.0084116458892822,safe
./iccad-official\iccad1\test\test_nhs\NNHS430.png8.png,0,0.0079785585403442,safe
./iccad-official\iccad1\test\test_nhs\NNHS430.png9.png,0,0.0079785585403442,safe
./iccad-official\iccad1\test\test_nhs\NNHS431.png1.png,0,0.0003148317337036,safe
./iccad-official\iccad1\test\test_nhs\NNHS431.png2.png,0,0.0007223486900329,safe
./iccad-official\iccad1\test\test_nhs\NNHS431.png3.png,0,0.0007216334342956,safe
./iccad-official\iccad1\test\test_nhs\NNHS431.png4.png,0,0.0147600769996643,safe
./iccad-official\iccad1\test\test_nhs\NNHS431.png6.png,0,0.0179385542869567,safe
./iccad-official\iccad1\test\test_nhs\NNHS431.png7.png,0,0.0079785585403442,safe
./iccad-official\iccad1\test\test_nhs\NNHS431.png8.png,0,0.0079785585403442,safe
./iccad-official\iccad1\test\test_nhs\NNHS431.png9.png,0,0.0087757110595703,safe
./iccad-official\iccad1\test\test_nhs\NNHS432.png1.png,0,0.0009658336639404,safe
./iccad-official\iccad1\test\test_nhs\NNHS432.png2.png,0,0.0008711814880371,safe
./iccad-official\iccad1\test\test_nhs\NNHS432.png3.png,0,0.0003224611282348,safe
./iccad-official\iccad1\test\test_nhs\NNHS432.png4.png,0,0.0044596791267395,safe
./iccad-official\iccad1\test\test_nhs\NNHS432.png6.png,0,0.0087222456932067,safe
./iccad-official\iccad1\test\test_nhs\NNHS432.png7.png,0,0.0037632584571838,safe
./iccad-official\iccad1\test\test_nhs\NNHS432.png8.png,0,0.0030155181884765,safe
./iccad-official\iccad1\test\test_nhs\NNHS432.png9.png,0,0.0079785585403442,safe
./iccad-official\iccad1\test\test_nhs\NNHS433.png1.png,0,0.0017849802970886,safe
./iccad-official\iccad1\test\test_nhs\NNHS433.png2.png,0,0.004368782043457,safe
./iccad-official\iccad1\test\test_nhs\NNHS433.png3.png,0,0.0032621026039123,safe
./iccad-official\iccad1\test\test_nhs\NNHS433.png4.png,0,0.0161267518997192,safe
./iccad-official\iccad1\test\test_nhs\NNHS433.png6.png,0,0.0161267518997192,safe
./iccad-official\iccad1\test\test_nhs\NNHS433.png7.png,0,0.0190461874008178,safe
./iccad-official\iccad1\test\test_nhs\NNHS433.png8.png,0,0.0106052756309509,safe
./iccad-official\iccad1\test\test_nhs\NNHS433.png9.png,0,0.0166127681732177,safe
./iccad-official\iccad1\test\test_nhs\NNHS434.png1.png,0,0.0005639791488647,safe
./iccad-official\iccad1\test\test_nhs\NNHS434.png2.png,0,0.0002539157867431,safe
./iccad-official\iccad1\test\test_nhs\NNHS434.png3.png,0,0.0003599524497985,safe
./iccad-official\iccad1\test\test_nhs\NNHS434.png4.png,0,0.0161267518997192,safe
./iccad-official\iccad1\test\test_nhs\NNHS434.png6.png,0,0.0161267518997192,safe
./iccad-official\iccad1\test\test_nhs\NNHS434.png7.png,0,0.0041873455047607,safe
./iccad-official\iccad1\test\test_nhs\NNHS434.png8.png,0,0.0069385766983032,safe
./iccad-official\iccad1\test\test_nhs\NNHS434.png9.png,0,0.0216781497001647,safe
./iccad-official\iccad1\test\test_nhs\NNHS435.png1.png,0,0.0017309784889221,safe
./iccad-official\iccad1\test\test_nhs\NNHS435.png2.png,0,0.0015906691551208,safe
./iccad-official\iccad1\test\test_nhs\NNHS435.png3.png,0,0.0005660653114318,safe
./iccad-official\iccad1\test\test_nhs\NNHS435.png4.png,0,0.0078805088996887,safe
./iccad-official\iccad1\test\test_nhs\NNHS435.png6.png,0,0.0034686923027038,safe
./iccad-official\iccad1\test\test_nhs\NNHS435.png7.png,0,0.0154916644096374,safe
./iccad-official\iccad1\test\test_nhs\NNHS435.png8.png,0,0.015823483467102,safe
./iccad-official\iccad1\test\test_nhs\NNHS435.png9.png,0,0.0143259167671203,safe
./iccad-official\iccad1\test\test_nhs\NNHS436.png1.png,0,0.0011296272277832,safe
./iccad-official\iccad1\test\test_nhs\NNHS436.png2.png,0,0.0011296272277832,safe
./iccad-official\iccad1\test\test_nhs\NNHS436.png3.png,0,0.0011296272277832,safe
./iccad-official\iccad1\test\test_nhs\NNHS436.png4.png,0,0.0074183344841003,safe
./iccad-official\iccad1\test\test_nhs\NNHS436.png6.png,0,0.0051499605178833,safe
./iccad-official\iccad1\test\test_nhs\NNHS436.png7.png,0,0.0079785585403442,safe
./iccad-official\iccad1\test\test_nhs\NNHS436.png8.png,0,0.0079785585403442,safe
./iccad-official\iccad1\test\test_nhs\NNHS436.png9.png,0,0.0216638445854187,safe
./iccad-official\iccad1\test\test_nhs\NNHS437.png1.png,0,0.0013334155082702,safe
./iccad-official\iccad1\test\test_nhs\NNHS437.png2.png,0,0.0022258758544921,safe
./iccad-official\iccad1\test\test_nhs\NNHS437.png3.png,0,0.0008729100227355,safe
./iccad-official\iccad1\test\test_nhs\NNHS437.png4.png,0,0.0233334898948669,safe
./iccad-official\iccad1\test\test_nhs\NNHS437.png6.png,0,0.0282302498817443,safe
./iccad-official\iccad1\test\test_nhs\NNHS437.png7.png,0,0.001915156841278,safe
./iccad-official\iccad1\test\test_nhs\NNHS437.png8.png,0,0.0042776465415954,safe
./iccad-official\iccad1\test\test_nhs\NNHS437.png9.png,0,0.0014153718948364,safe
./iccad-official\iccad1\test\test_nhs\NNHS438.png1.png,0,0.0014116168022155,safe
./iccad-official\iccad1\test\test_nhs\NNHS438.png2.png,0,0.0004118084907531,safe
./iccad-official\iccad1\test\test_nhs\NNHS438.png3.png,0,0.0003596544265747,safe
./iccad-official\iccad1\test\test_nhs\NNHS438.png4.png,0,0.0245680212974548,safe
./iccad-official\iccad1\test\test_nhs\NNHS438.png6.png,0,0.0248087048530578,safe
./iccad-official\iccad1\test\test_nhs\NNHS438.png7.png,0,0.0166016817092895,safe
./iccad-official\iccad1\test\test_nhs\NNHS438.png8.png,0,0.0166016817092895,safe
./iccad-official\iccad1\test\test_nhs\NNHS438.png9.png,0,0.0164581537246704,safe
./iccad-official\iccad1\test\test_nhs\NNHS439.png1.png,0,0.0014441609382629,safe
./iccad-official\iccad1\test\test_nhs\NNHS439.png2.png,0,0.0042362213134765,safe
./iccad-official\iccad1\test\test_nhs\NNHS439.png3.png,0,0.0014589428901672,safe
./iccad-official\iccad1\test\test_nhs\NNHS439.png4.png,0,0.0248087048530578,safe
./iccad-official\iccad1\test\test_nhs\NNHS439.png6.png,0,0.0248087048530578,safe
./iccad-official\iccad1\test\test_nhs\NNHS439.png7.png,0,0.0079785585403442,safe
./iccad-official\iccad1\test\test_nhs\NNHS439.png8.png,0,0.0049399137496948,safe
./iccad-official\iccad1\test\test_nhs\NNHS439.png9.png,0,0.0079785585403442,safe
./iccad-official\iccad1\test\test_nhs\NNHS440.png1.png,0,0.001139760017395,safe
./iccad-official\iccad1\test\test_nhs\NNHS440.png2.png,0,0.0009235739707946,safe
./iccad-official\iccad1\test\test_nhs\NNHS440.png3.png,0,0.0006123781204223,safe
./iccad-official\iccad1\test\test_nhs\NNHS440.png4.png,0,0.024199366569519,safe
./iccad-official\iccad1\test\test_nhs\NNHS440.png6.png,0,0.0181411504745483,safe
./iccad-official\iccad1\test\test_nhs\NNHS440.png7.png,0,0.0015453100204467,safe
./iccad-official\iccad1\test\test_nhs\NNHS440.png8.png,0,0.0056841969490051,safe
./iccad-official\iccad1\test\test_nhs\NNHS440.png9.png,0,0.0046396851539611,safe
./iccad-official\iccad1\test\test_nhs\NNHS441.png1.png,0,0.0021896362304687,safe
./iccad-official\iccad1\test\test_nhs\NNHS441.png2.png,0,0.0044379830360412,safe
./iccad-official\iccad1\test\test_nhs\NNHS441.png3.png,0,0.0048337578773498,safe
./iccad-official\iccad1\test\test_nhs\NNHS441.png4.png,0,0.0161267518997192,safe
./iccad-official\iccad1\test\test_nhs\NNHS441.png6.png,0,0.0078805088996887,safe
./iccad-official\iccad1\test\test_nhs\NNHS441.png7.png,0,0.0120806694030761,safe
./iccad-official\iccad1\test\test_nhs\NNHS441.png8.png,0,0.0108190774917602,safe
./iccad-official\iccad1\test\test_nhs\NNHS441.png9.png,0,0.0108190774917602,safe
./iccad-official\iccad1\test\test_nhs\NNHS442.png1.png,0,0.000806450843811,safe
./iccad-official\iccad1\test\test_nhs\NNHS442.png2.png,0,0.0011764764785766,safe
./iccad-official\iccad1\test\test_nhs\NNHS442.png3.png,0,0.0008200407028198,safe
./iccad-official\iccad1\test\test_nhs\NNHS442.png4.png,0,0.0161267518997192,safe
./iccad-official\iccad1\test\test_nhs\NNHS442.png6.png,0,0.0161267518997192,safe
./iccad-official\iccad1\test\test_nhs\NNHS442.png7.png,0,0.0037632584571838,safe
./iccad-official\iccad1\test\test_nhs\NNHS442.png8.png,0,0.0039927959442138,safe
./iccad-official\iccad1\test\test_nhs\NNHS442.png9.png,0,0.0022269487380981,safe
./iccad-official\iccad1\test\test_nhs\NNHS443.png1.png,0,0.0009514689445495,safe
./iccad-official\iccad1\test\test_nhs\NNHS443.png2.png,0,0.0009235739707946,safe
./iccad-official\iccad1\test\test_nhs\NNHS443.png3.png,0,0.0009235739707946,safe
./iccad-official\iccad1\test\test_nhs\NNHS443.png4.png,0,0.0161267518997192,safe
./iccad-official\iccad1\test\test_nhs\NNHS443.png6.png,0,0.002556562423706,safe
./iccad-official\iccad1\test\test_nhs\NNHS443.png7.png,0,0.0073872208595275,safe
./iccad-official\iccad1\test\test_nhs\NNHS443.png8.png,0,0.0071678757667541,safe
./iccad-official\iccad1\test\test_nhs\NNHS443.png9.png,0,0.0071678757667541,safe
./iccad-official\iccad1\test\test_nhs\NNHS444.png1.png,0,0.0005275607109069,safe
./iccad-official\iccad1\test\test_nhs\NNHS444.png2.png,0,0.0005275607109069,safe
./iccad-official\iccad1\test\test_nhs\NNHS444.png3.png,0,0.0005275607109069,safe
./iccad-official\iccad1\test\test_nhs\NNHS444.png4.png,0,0.0066004395484924,safe
./iccad-official\iccad1\test\test_nhs\NNHS444.png6.png,0,0.0023383498191833,safe
./iccad-official\iccad1\test\test_nhs\NNHS444.png7.png,0,0.0108190774917602,safe
./iccad-official\iccad1\test\test_nhs\NNHS444.png8.png,0,0.0108190774917602,safe
./iccad-official\iccad1\test\test_nhs\NNHS444.png9.png,0,0.0111739039421081,safe
./iccad-official\iccad1\test\test_nhs\NNHS445.png1.png,0,0.0011764764785766,safe
./iccad-official\iccad1\test\test_nhs\NNHS445.png2.png,0,0.0006716251373291,safe
./iccad-official\iccad1\test\test_nhs\NNHS445.png3.png,0,0.0003451108932495,safe
./iccad-official\iccad1\test\test_nhs\NNHS445.png4.png,0,0.0027247071266174,safe
./iccad-official\iccad1\test\test_nhs\NNHS445.png6.png,0,0.0042684078216552,safe
./iccad-official\iccad1\test\test_nhs\NNHS445.png7.png,0,0.0042998790740966,safe
./iccad-official\iccad1\test\test_nhs\NNHS445.png8.png,0,0.0079785585403442,safe
./iccad-official\iccad1\test\test_nhs\NNHS445.png9.png,0,0.0115495920181274,safe
./iccad-official\iccad1\test\test_nhs\NNHS446.png1.png,0,0.0012088418006896,safe
./iccad-official\iccad1\test\test_nhs\NNHS446.png2.png,0,0.0012869834899902,safe
./iccad-official\iccad1\test\test_nhs\NNHS446.png3.png,0,0.0006001591682434,safe
./iccad-official\iccad1\test\test_nhs\NNHS446.png4.png,0,0.0123829841613769,safe
./iccad-official\iccad1\test\test_nhs\NNHS446.png6.png,0,0.0362501144409179,safe
./iccad-official\iccad1\test\test_nhs\NNHS446.png7.png,0,0.0166016817092895,safe
./iccad-official\iccad1\test\test_nhs\NNHS446.png8.png,0,0.0166016817092895,safe
./iccad-official\iccad1\test\test_nhs\NNHS446.png9.png,0,0.0166016817092895,safe
./iccad-official\iccad1\test\test_nhs\NNHS447.png1.png,0,0.0005662441253662,safe
./iccad-official\iccad1\test\test_nhs\NNHS447.png2.png,0,0.0005639791488647,safe
./iccad-official\iccad1\test\test_nhs\NNHS447.png3.png,0,0.0011764764785766,safe
./iccad-official\iccad1\test\test_nhs\NNHS447.png4.png,0,0.0045472979545593,safe
./iccad-official\iccad1\test\test_nhs\NNHS447.png6.png,0,0.0161267518997192,safe
./iccad-official\iccad1\test\test_nhs\NNHS447.png7.png,0,0.004316508769989,safe
./iccad-official\iccad1\test\test_nhs\NNHS447.png8.png,0,0.0033398866653442,safe
./iccad-official\iccad1\test\test_nhs\NNHS447.png9.png,0,0.0079785585403442,safe
./iccad-official\iccad1\test\test_nhs\NNHS448.png1.png,0,0.0007727742195129,safe
./iccad-official\iccad1\test\test_nhs\NNHS448.png2.png,0,0.0005529522895812,safe
./iccad-official\iccad1\test\test_nhs\NNHS448.png3.png,0,0.0005639791488647,safe
./iccad-official\iccad1\test\test_nhs\NNHS448.png4.png,0,0.0230737328529357,safe
./iccad-official\iccad1\test\test_nhs\NNHS448.png6.png,0,0.0203109383583068,safe
./iccad-official\iccad1\test\test_nhs\NNHS448.png7.png,0,0.0009959936141967,safe
./iccad-official\iccad1\test\test_nhs\NNHS448.png8.png,0,0.0053590536117553,safe
./iccad-official\iccad1\test\test_nhs\NNHS448.png9.png,0,0.0012591481208801,safe
./iccad-official\iccad1\test\test_nhs\NNHS449.png1.png,0,0.0007727742195129,safe
./iccad-official\iccad1\test\test_nhs\NNHS449.png2.png,0,0.0009286403656005,safe
./iccad-official\iccad1\test\test_nhs\NNHS449.png3.png,0,0.0028097033500671,safe
./iccad-official\iccad1\test\test_nhs\NNHS449.png4.png,0,0.0192214250564575,safe
./iccad-official\iccad1\test\test_nhs\NNHS449.png6.png,0,0.0078805088996887,safe
./iccad-official\iccad1\test\test_nhs\NNHS449.png7.png,0,0.0108190774917602,safe
./iccad-official\iccad1\test\test_nhs\NNHS449.png8.png,0,0.0108190774917602,safe
./iccad-official\iccad1\test\test_nhs\NNHS449.png9.png,0,0.0166627168655395,safe
./iccad-official\iccad1\test\test_nhs\NNHS450.png1.png,0,0.0007216334342956,safe
./iccad-official\iccad1\test\test_nhs\NNHS450.png2.png,0,0.0007216334342956,safe
./iccad-official\iccad1\test\test_nhs\NNHS450.png3.png,0,0.0007216334342956,safe
./iccad-official\iccad1\test\test_nhs\NNHS450.png4.png,0,0.0049688220024108,safe
./iccad-official\iccad1\test\test_nhs\NNHS450.png6.png,0,0.0045472979545593,safe
./iccad-official\iccad1\test\test_nhs\NNHS450.png7.png,0,0.0219942927360534,safe
./iccad-official\iccad1\test\test_nhs\NNHS450.png8.png,0,0.001193344593048,safe
./iccad-official\iccad1\test\test_nhs\NNHS450.png9.png,0,0.0054396390914916,safe
./iccad-official\iccad1\test\test_nhs\NNHS451.png1.png,0,0.0006411671638488,safe
./iccad-official\iccad1\test\test_nhs\NNHS451.png2.png,0,0.0008001327514648,safe
./iccad-official\iccad1\test\test_nhs\NNHS451.png3.png,0,0.0005639791488647,safe
./iccad-official\iccad1\test\test_nhs\NNHS451.png4.png,0,0.0043496489524841,safe
./iccad-official\iccad1\test\test_nhs\NNHS451.png6.png,0,0.0078194141387939,safe
./iccad-official\iccad1\test\test_nhs\NNHS451.png7.png,0,0.0079785585403442,safe
./iccad-official\iccad1\test\test_nhs\NNHS451.png8.png,0,0.0087152123451232,safe
./iccad-official\iccad1\test\test_nhs\NNHS451.png9.png,0,0.0079785585403442,safe
./iccad-official\iccad1\test\test_nhs\NNHS452.png1.png,0,0.0030733346939086,safe
./iccad-official\iccad1\test\test_nhs\NNHS452.png2.png,0,0.0017635822296142,safe
./iccad-official\iccad1\test\test_nhs\NNHS452.png3.png,0,0.0009765625,safe
./iccad-official\iccad1\test\test_nhs\NNHS452.png4.png,0,0.0079686641693115,safe
./iccad-official\iccad1\test\test_nhs\NNHS452.png6.png,0,0.0025540590286254,safe
./iccad-official\iccad1\test\test_nhs\NNHS452.png7.png,0,0.001136839389801,safe
./iccad-official\iccad1\test\test_nhs\NNHS452.png8.png,0,0.0011606216430664,safe
./iccad-official\iccad1\test\test_nhs\NNHS452.png9.png,0,0.0037108063697814,safe
./iccad-official\iccad1\test\test_nhs\NNHS453.png1.png,0,0.0005740523338317,safe
./iccad-official\iccad1\test\test_nhs\NNHS453.png2.png,0,0.0010744333267211,safe
./iccad-official\iccad1\test\test_nhs\NNHS453.png3.png,0,0.0010744333267211,safe
./iccad-official\iccad1\test\test_nhs\NNHS453.png4.png,0,0.0082448124885559,safe
./iccad-official\iccad1\test\test_nhs\NNHS453.png6.png,0,0.0065541863441467,safe
./iccad-official\iccad1\test\test_nhs\NNHS453.png7.png,0,0.0153531432151794,safe
./iccad-official\iccad1\test\test_nhs\NNHS453.png8.png,0,0.0065727829933166,safe
./iccad-official\iccad1\test\test_nhs\NNHS453.png9.png,0,0.0065727829933166,safe
./iccad-official\iccad1\test\test_nhs\NNHS454.png1.png,0,0.003415822982788,safe
./iccad-official\iccad1\test\test_nhs\NNHS454.png2.png,0,0.0034577250480651,safe
./iccad-official\iccad1\test\test_nhs\NNHS454.png3.png,0,0.0014711022377014,safe
./iccad-official\iccad1\test\test_nhs\NNHS454.png4.png,0,0.0023002624511718,safe
./iccad-official\iccad1\test\test_nhs\NNHS454.png6.png,0,0.0023002624511718,safe
./iccad-official\iccad1\test\test_nhs\NNHS454.png7.png,0,0.0079785585403442,safe
./iccad-official\iccad1\test\test_nhs\NNHS454.png8.png,0,0.0079785585403442,safe
./iccad-official\iccad1\test\test_nhs\NNHS454.png9.png,0,0.0079785585403442,safe
./iccad-official\iccad1\test\test_nhs\NNHS455.png1.png,0,0.0005139112472534,safe
./iccad-official\iccad1\test\test_nhs\NNHS455.png2.png,0,0.001773178577423,safe
./iccad-official\iccad1\test\test_nhs\NNHS455.png3.png,0,0.0014799833297729,safe
./iccad-official\iccad1\test\test_nhs\NNHS455.png4.png,0,0.0161267518997192,safe
./iccad-official\iccad1\test\test_nhs\NNHS455.png6.png,0,0.0161267518997192,safe
./iccad-official\iccad1\test\test_nhs\NNHS455.png7.png,0,0.0079785585403442,safe
./iccad-official\iccad1\test\test_nhs\NNHS455.png8.png,0,0.00833261013031,safe
./iccad-official\iccad1\test\test_nhs\NNHS455.png9.png,0,0.0088779926300048,safe
./iccad-official\iccad1\test\test_nhs\NNHS456.png1.png,0,0.0011981129646301,safe
./iccad-official\iccad1\test\test_nhs\NNHS456.png2.png,0,0.0011764764785766,safe
./iccad-official\iccad1\test\test_nhs\NNHS456.png3.png,0,0.0010692477226257,safe
./iccad-official\iccad1\test\test_nhs\NNHS456.png4.png,0,0.0230737328529357,safe
./iccad-official\iccad1\test\test_nhs\NNHS456.png6.png,0,0.0230737328529357,safe
./iccad-official\iccad1\test\test_nhs\NNHS456.png7.png,0,0.0079785585403442,safe
./iccad-official\iccad1\test\test_nhs\NNHS456.png8.png,0,0.0173894166946411,safe
./iccad-official\iccad1\test\test_nhs\NNHS456.png9.png,0,0.006350040435791,safe
./iccad-official\iccad1\test\test_nhs\NNHS457.png1.png,0,0.0010249018669128,safe
./iccad-official\iccad1\test\test_nhs\NNHS457.png2.png,0,0.0007765889167785,safe
./iccad-official\iccad1\test\test_nhs\NNHS457.png3.png,0,0.0004553198814392,safe
./iccad-official\iccad1\test\test_nhs\NNHS457.png4.png,0,0.0017341971397399,safe
./iccad-official\iccad1\test\test_nhs\NNHS457.png6.png,0,0.0046478509902954,safe
./iccad-official\iccad1\test\test_nhs\NNHS457.png7.png,0,0.0079785585403442,safe
./iccad-official\iccad1\test\test_nhs\NNHS457.png8.png,0,0.0079785585403442,safe
./iccad-official\iccad1\test\test_nhs\NNHS457.png9.png,0,0.0079785585403442,safe
./iccad-official\iccad1\test\test_nhs\NNHS458.png1.png,0,0.0022839307785034,safe
./iccad-official\iccad1\test\test_nhs\NNHS458.png2.png,0,0.0011296272277832,safe
./iccad-official\iccad1\test\test_nhs\NNHS458.png3.png,0,0.0011296272277832,safe
./iccad-official\iccad1\test\test_nhs\NNHS458.png4.png,0,0.0335920453071594,safe
./iccad-official\iccad1\test\test_nhs\NNHS458.png6.png,0,0.0335920453071594,safe
./iccad-official\iccad1\test\test_nhs\NNHS458.png7.png,0,0.0166016817092895,safe
./iccad-official\iccad1\test\test_nhs\NNHS458.png8.png,0,0.0258023142814636,safe
./iccad-official\iccad1\test\test_nhs\NNHS458.png9.png,0,0.0073032975196838,safe
./iccad-official\iccad1\test\test_nhs\NNHS459.png1.png,0,0.0009235739707946,safe
./iccad-official\iccad1\test\test_nhs\NNHS459.png2.png,0,0.0009235739707946,safe
./iccad-official\iccad1\test\test_nhs\NNHS459.png3.png,0,0.0013632178306579,safe
./iccad-official\iccad1\test\test_nhs\NNHS459.png4.png,0,0.0084694027900695,safe
./iccad-official\iccad1\test\test_nhs\NNHS459.png6.png,0,0.0984959602355957,safe
./iccad-official\iccad1\test\test_nhs\NNHS459.png7.png,0,0.0084895491600036,safe
./iccad-official\iccad1\test\test_nhs\NNHS459.png8.png,0,0.0084895491600036,safe
./iccad-official\iccad1\test\test_nhs\NNHS459.png9.png,0,0.0220730900764465,safe
./iccad-official\iccad1\test\test_nhs\NNHS460.png1.png,0,0.0002539157867431,safe
./iccad-official\iccad1\test\test_nhs\NNHS460.png2.png,0,0.0006005764007568,safe
./iccad-official\iccad1\test\test_nhs\NNHS460.png3.png,0,0.0005334019660949,safe
./iccad-official\iccad1\test\test_nhs\NNHS460.png4.png,0,0.0230737328529357,safe
./iccad-official\iccad1\test\test_nhs\NNHS460.png6.png,0,0.0230737328529357,safe
./iccad-official\iccad1\test\test_nhs\NNHS460.png7.png,0,0.0079785585403442,safe
./iccad-official\iccad1\test\test_nhs\NNHS460.png8.png,0,0.0214386582374572,safe
./iccad-official\iccad1\test\test_nhs\NNHS460.png9.png,0,0.01577889919281,safe
./iccad-official\iccad1\test\test_nhs\NNHS461.png1.png,0,0.0007216334342956,safe
./iccad-official\iccad1\test\test_nhs\NNHS461.png2.png,0,0.0016121268272399,safe
./iccad-official\iccad1\test\test_nhs\NNHS461.png3.png,0,0.0031297206878662,safe
./iccad-official\iccad1\test\test_nhs\NNHS461.png4.png,0,0.0072377324104309,safe
./iccad-official\iccad1\test\test_nhs\NNHS461.png6.png,0,0.0072377324104309,safe
./iccad-official\iccad1\test\test_nhs\NNHS461.png7.png,0,0.0094391703605651,safe
./iccad-official\iccad1\test\test_nhs\NNHS461.png8.png,0,0.0073127746582031,safe
./iccad-official\iccad1\test\test_nhs\NNHS461.png9.png,0,0.0163435339927673,safe
./iccad-official\iccad1\test\test_nhs\NNHS462.png1.png,0,0.0006123185157775,safe
./iccad-official\iccad1\test\test_nhs\NNHS462.png2.png,0,0.0006688237190246,safe
./iccad-official\iccad1\test\test_nhs\NNHS462.png3.png,0,0.0008226633071899,safe
./iccad-official\iccad1\test\test_nhs\NNHS462.png4.png,0,0.0335920453071594,safe
./iccad-official\iccad1\test\test_nhs\NNHS462.png6.png,0,0.0474032163619995,safe
./iccad-official\iccad1\test\test_nhs\NNHS462.png7.png,0,0.0079785585403442,safe
./iccad-official\iccad1\test\test_nhs\NNHS462.png8.png,0,0.0079785585403442,safe
./iccad-official\iccad1\test\test_nhs\NNHS462.png9.png,0,0.0079785585403442,safe
./iccad-official\iccad1\test\test_nhs\NNHS463.png1.png,0,0.0004478096961975,safe
./iccad-official\iccad1\test\test_nhs\NNHS463.png2.png,0,0.0005639791488647,safe
./iccad-official\iccad1\test\test_nhs\NNHS463.png3.png,0,0.0005639791488647,safe
./iccad-official\iccad1\test\test_nhs\NNHS463.png4.png,0,0.0161267518997192,safe
./iccad-official\iccad1\test\test_nhs\NNHS463.png6.png,0,0.0161267518997192,safe
./iccad-official\iccad1\test\test_nhs\NNHS463.png7.png,0,0.0079785585403442,safe
./iccad-official\iccad1\test\test_nhs\NNHS463.png8.png,0,0.0079785585403442,safe
./iccad-official\iccad1\test\test_nhs\NNHS463.png9.png,0,0.0079785585403442,safe
./iccad-official\iccad1\test\test_nhs\NNHS464.png1.png,0,0.0013466477394104,safe
./iccad-official\iccad1\test\test_nhs\NNHS464.png2.png,0,0.001656949520111,safe
./iccad-official\iccad1\test\test_nhs\NNHS464.png3.png,0,0.0012024641036987,safe
./iccad-official\iccad1\test\test_nhs\NNHS464.png4.png,0,0.0033734440803527,safe
./iccad-official\iccad1\test\test_nhs\NNHS464.png6.png,0,0.0238403677940368,safe
./iccad-official\iccad1\test\test_nhs\NNHS464.png7.png,0,0.0130304098129272,safe
./iccad-official\iccad1\test\test_nhs\NNHS464.png8.png,0,0.0108190774917602,safe
./iccad-official\iccad1\test\test_nhs\NNHS464.png9.png,0,0.0099473595619201,safe
./iccad-official\iccad1\test\test_nhs\NNHS465.png1.png,0,0.0007216334342956,safe
./iccad-official\iccad1\test\test_nhs\NNHS465.png2.png,0,0.0007216334342956,safe
./iccad-official\iccad1\test\test_nhs\NNHS465.png3.png,0,0.0007216334342956,safe
./iccad-official\iccad1\test\test_nhs\NNHS465.png4.png,0,0.0018912553787231,safe
./iccad-official\iccad1\test\test_nhs\NNHS465.png6.png,0,0.0220516324043273,safe
./iccad-official\iccad1\test\test_nhs\NNHS465.png7.png,0,0.0079785585403442,safe
./iccad-official\iccad1\test\test_nhs\NNHS465.png8.png,0,0.0057911276817321,safe
./iccad-official\iccad1\test\test_nhs\NNHS465.png9.png,0,0.0017083883285522,safe
./iccad-official\iccad1\test\test_nhs\NNHS466.png1.png,0,0.0009419918060302,safe
./iccad-official\iccad1\test\test_nhs\NNHS466.png2.png,0,0.0018795132637023,safe
./iccad-official\iccad1\test\test_nhs\NNHS466.png3.png,0,0.0015664100646972,safe
./iccad-official\iccad1\test\test_nhs\NNHS466.png4.png,0,0.0112606883049011,safe
./iccad-official\iccad1\test\test_nhs\NNHS466.png6.png,0,0.0112606883049011,safe
./iccad-official\iccad1\test\test_nhs\NNHS466.png7.png,0,0.0012577176094055,safe
./iccad-official\iccad1\test\test_nhs\NNHS466.png8.png,0,0.0106215476989746,safe
./iccad-official\iccad1\test\test_nhs\NNHS466.png9.png,0,0.0079785585403442,safe
./iccad-official\iccad1\test\test_nhs\NNHS467.png1.png,0,0.0013580322265625,safe
./iccad-official\iccad1\test\test_nhs\NNHS467.png2.png,0,0.0009124279022216,safe
./iccad-official\iccad1\test\test_nhs\NNHS467.png3.png,0,0.0013275742530822,safe
./iccad-official\iccad1\test\test_nhs\NNHS467.png4.png,0,0.0058978199958801,safe
./iccad-official\iccad1\test\test_nhs\NNHS467.png6.png,0,0.0238403677940368,safe
./iccad-official\iccad1\test\test_nhs\NNHS467.png7.png,0,0.0029880404472351,safe
./iccad-official\iccad1\test\test_nhs\NNHS467.png8.png,0,0.003236711025238,safe
./iccad-official\iccad1\test\test_nhs\NNHS467.png9.png,0,0.0040467381477355,safe
./iccad-official\iccad1\test\test_nhs\NNHS468.png1.png,0,0.0006318092346191,safe
./iccad-official\iccad1\test\test_nhs\NNHS468.png2.png,0,0.0005735158920288,safe
./iccad-official\iccad1\test\test_nhs\NNHS468.png3.png,0,0.0003983378410339,safe
./iccad-official\iccad1\test\test_nhs\NNHS468.png4.png,0,0.0224912166595459,safe
./iccad-official\iccad1\test\test_nhs\NNHS468.png6.png,0,0.0147600769996643,safe
./iccad-official\iccad1\test\test_nhs\NNHS468.png7.png,0,0.0070809125900268,safe
./iccad-official\iccad1\test\test_nhs\NNHS468.png8.png,0,0.0065417885780334,safe
./iccad-official\iccad1\test\test_nhs\NNHS468.png9.png,0,0.0079785585403442,safe
./iccad-official\iccad1\test\test_nhs\NNHS469.png1.png,0,0.0006123781204223,safe
./iccad-official\iccad1\test\test_nhs\NNHS469.png2.png,0,0.0006123781204223,safe
./iccad-official\iccad1\test\test_nhs\NNHS469.png3.png,0,0.0006123781204223,safe
./iccad-official\iccad1\test\test_nhs\NNHS469.png4.png,0,0.0221830606460571,safe
./iccad-official\iccad1\test\test_nhs\NNHS469.png6.png,0,0.0161267518997192,safe
./iccad-official\iccad1\test\test_nhs\NNHS469.png7.png,0,0.0052666664123535,safe
./iccad-official\iccad1\test\test_nhs\NNHS469.png8.png,0,0.0018686056137084,safe
./iccad-official\iccad1\test\test_nhs\NNHS469.png9.png,0,0.0010678172111511,safe
./iccad-official\iccad1\test\test_nhs\NNHS470.png1.png,0,0.0020307302474975,safe
./iccad-official\iccad1\test\test_nhs\NNHS470.png2.png,0,0.000274658203125,safe
./iccad-official\iccad1\test\test_nhs\NNHS470.png3.png,0,0.0010178089141845,safe
./iccad-official\iccad1\test\test_nhs\NNHS470.png4.png,0,0.0181285142898559,safe
./iccad-official\iccad1\test\test_nhs\NNHS470.png6.png,0,0.0067259073257446,safe
./iccad-official\iccad1\test\test_nhs\NNHS470.png7.png,0,0.0139033198356628,safe
./iccad-official\iccad1\test\test_nhs\NNHS470.png8.png,0,0.0038395524024963,safe
./iccad-official\iccad1\test\test_nhs\NNHS470.png9.png,0,0.0079785585403442,safe
./iccad-official\iccad1\test\test_nhs\NNHS471.png1.png,0,0.0024340748786926,safe
./iccad-official\iccad1\test\test_nhs\NNHS471.png2.png,0,0.001199722290039,safe
./iccad-official\iccad1\test\test_nhs\NNHS471.png3.png,0,0.0005639791488647,safe
./iccad-official\iccad1\test\test_nhs\NNHS471.png4.png,0,0.0103657841682434,safe
./iccad-official\iccad1\test\test_nhs\NNHS471.png6.png,0,0.0146883726119995,safe
./iccad-official\iccad1\test\test_nhs\NNHS471.png7.png,0,0.0006022453308105,safe
./iccad-official\iccad1\test\test_nhs\NNHS471.png8.png,0,0.0022792816162109,safe
./iccad-official\iccad1\test\test_nhs\NNHS471.png9.png,0,0.0023673176765441,safe
./iccad-official\iccad1\test\test_nhs\NNHS472.png1.png,0,0.0004738569259643,safe
./iccad-official\iccad1\test\test_nhs\NNHS472.png2.png,0,0.000757873058319,safe
./iccad-official\iccad1\test\test_nhs\NNHS472.png3.png,0,0.0020275712013244,safe
./iccad-official\iccad1\test\test_nhs\NNHS472.png4.png,0,0.0094450116157531,safe
./iccad-official\iccad1\test\test_nhs\NNHS472.png6.png,0,0.0079337954521179,safe
./iccad-official\iccad1\test\test_nhs\NNHS472.png7.png,0,0.0042464137077331,safe
./iccad-official\iccad1\test\test_nhs\NNHS472.png8.png,0,0.0079785585403442,safe
./iccad-official\iccad1\test\test_nhs\NNHS472.png9.png,0,0.0079785585403442,safe
./iccad-official\iccad1\test\test_nhs\NNHS473.png1.png,0,0.0007993578910827,safe
./iccad-official\iccad1\test\test_nhs\NNHS473.png2.png,0,0.0007993578910827,safe
./iccad-official\iccad1\test\test_nhs\NNHS473.png3.png,0,0.0009143948554992,safe
./iccad-official\iccad1\test\test_nhs\NNHS473.png4.png,0,0.0077614188194274,safe
./iccad-official\iccad1\test\test_nhs\NNHS473.png6.png,0,0.0028652548789978,safe
./iccad-official\iccad1\test\test_nhs\NNHS473.png7.png,0,0.0159304141998291,safe
./iccad-official\iccad1\test\test_nhs\NNHS473.png8.png,0,0.0040761828422546,safe
./iccad-official\iccad1\test\test_nhs\NNHS473.png9.png,0,0.0118610262870788,safe
./iccad-official\iccad1\test\test_nhs\NNHS474.png1.png,0,0.0015158653259277,safe
./iccad-official\iccad1\test\test_nhs\NNHS474.png2.png,0,0.0005296468734741,safe
./iccad-official\iccad1\test\test_nhs\NNHS474.png3.png,0,0.0007016658782958,safe
./iccad-official\iccad1\test\test_nhs\NNHS474.png4.png,0,0.0282829999923706,safe
./iccad-official\iccad1\test\test_nhs\NNHS474.png6.png,0,0.0161267518997192,safe
./iccad-official\iccad1\test\test_nhs\NNHS474.png7.png,0,0.0041302442550659,safe
./iccad-official\iccad1\test\test_nhs\NNHS474.png8.png,0,0.0022287964820861,safe
./iccad-official\iccad1\test\test_nhs\NNHS474.png9.png,0,0.0048239827156066,safe
./iccad-official\iccad1\test\test_nhs\NNHS475.png1.png,0,0.0005639791488647,safe
./iccad-official\iccad1\test\test_nhs\NNHS475.png2.png,0,0.0005639791488647,safe
./iccad-official\iccad1\test\test_nhs\NNHS475.png3.png,0,0.0006199479103088,safe
./iccad-official\iccad1\test\test_nhs\NNHS475.png4.png,0,0.0032994151115417,safe
./iccad-official\iccad1\test\test_nhs\NNHS475.png6.png,0,0.0038268566131591,safe
./iccad-official\iccad1\test\test_nhs\NNHS475.png7.png,0,0.0065727829933166,safe
./iccad-official\iccad1\test\test_nhs\NNHS475.png8.png,0,0.0079243183135986,safe
./iccad-official\iccad1\test\test_nhs\NNHS475.png9.png,0,0.0146971940994262,safe
./iccad-official\iccad1\test\test_nhs\NNHS476.png1.png,0,0.0005639791488647,safe
./iccad-official\iccad1\test\test_nhs\NNHS476.png2.png,0,0.0017752647399902,safe
./iccad-official\iccad1\test\test_nhs\NNHS476.png3.png,0,0.0040326714515686,safe
./iccad-official\iccad1\test\test_nhs\NNHS476.png4.png,0,0.0161267518997192,safe
./iccad-official\iccad1\test\test_nhs\NNHS476.png6.png,0,0.0035925507545471,safe
./iccad-official\iccad1\test\test_nhs\NNHS476.png7.png,0,0.0030089020729064,safe
./iccad-official\iccad1\test\test_nhs\NNHS476.png8.png,0,0.00601327419281,safe
./iccad-official\iccad1\test\test_nhs\NNHS476.png9.png,0,0.0090605616569519,safe
./iccad-official\iccad1\test\test_nhs\NNHS477.png1.png,0,0.0010605454444885,safe
./iccad-official\iccad1\test\test_nhs\NNHS477.png2.png,0,0.0007734298706054,safe
./iccad-official\iccad1\test\test_nhs\NNHS477.png3.png,0,0.0005639791488647,safe
./iccad-official\iccad1\test\test_nhs\NNHS477.png4.png,0,0.0198906064033508,safe
./iccad-official\iccad1\test\test_nhs\NNHS477.png6.png,0,0.0051846504211425,safe
./iccad-official\iccad1\test\test_nhs\NNHS477.png7.png,0,0.0016760826110839,safe
./iccad-official\iccad1\test\test_nhs\NNHS477.png8.png,0,0.0017706751823425,safe
./iccad-official\iccad1\test\test_nhs\NNHS477.png9.png,0,0.0016760826110839,safe
./iccad-official\iccad1\test\test_nhs\NNHS478.png1.png,0,0.0006824135780334,safe
./iccad-official\iccad1\test\test_nhs\NNHS478.png2.png,0,0.0005639791488647,safe
./iccad-official\iccad1\test\test_nhs\NNHS478.png3.png,0,0.0006007552146911,safe
./iccad-official\iccad1\test\test_nhs\NNHS478.png4.png,0,0.0078805088996887,safe
./iccad-official\iccad1\test\test_nhs\NNHS478.png6.png,0,0.0078805088996887,safe
./iccad-official\iccad1\test\test_nhs\NNHS478.png7.png,0,0.0049651861190795,safe
./iccad-official\iccad1\test\test_nhs\NNHS478.png8.png,0,0.006832480430603,safe
./iccad-official\iccad1\test\test_nhs\NNHS478.png9.png,0,0.017533540725708,safe
./iccad-official\iccad1\test\test_nhs\NNHS479.png1.png,0,0.0002539157867431,safe
./iccad-official\iccad1\test\test_nhs\NNHS479.png2.png,0,0.0002539157867431,safe
./iccad-official\iccad1\test\test_nhs\NNHS479.png3.png,0,0.0003596544265747,safe
./iccad-official\iccad1\test\test_nhs\NNHS479.png4.png,0,0.016858696937561,safe
./iccad-official\iccad1\test\test_nhs\NNHS479.png6.png,0,0.0106055736541748,safe
./iccad-official\iccad1\test\test_nhs\NNHS479.png7.png,0,0.0051204562187194,safe
./iccad-official\iccad1\test\test_nhs\NNHS479.png8.png,0,0.0051547884941101,safe
./iccad-official\iccad1\test\test_nhs\NNHS479.png9.png,0,0.0069931149482727,safe
./iccad-official\iccad1\test\test_nhs\NNHS480.png1.png,0,0.0012598633766174,safe
./iccad-official\iccad1\test\test_nhs\NNHS480.png2.png,0,0.0015212297439575,safe
./iccad-official\iccad1\test\test_nhs\NNHS480.png3.png,0,0.0008339285850524,safe
./iccad-official\iccad1\test\test_nhs\NNHS480.png4.png,0,0.0348800420761108,safe
./iccad-official\iccad1\test\test_nhs\NNHS480.png6.png,0,0.0348800420761108,safe
./iccad-official\iccad1\test\test_nhs\NNHS480.png7.png,0,0.0166016817092895,safe
./iccad-official\iccad1\test\test_nhs\NNHS480.png8.png,0,0.0166016817092895,safe
./iccad-official\iccad1\test\test_nhs\NNHS480.png9.png,0,0.0361183285713195,safe
./iccad-official\iccad1\test\test_nhs\NNHS481.png1.png,0,0.0011764764785766,safe
./iccad-official\iccad1\test\test_nhs\NNHS481.png2.png,0,0.0011764764785766,safe
./iccad-official\iccad1\test\test_nhs\NNHS481.png3.png,0,0.0008416771888732,safe
./iccad-official\iccad1\test\test_nhs\NNHS481.png4.png,0,0.0161267518997192,safe
./iccad-official\iccad1\test\test_nhs\NNHS481.png6.png,0,0.0161267518997192,safe
./iccad-official\iccad1\test\test_nhs\NNHS481.png7.png,0,0.0349040627479553,safe
./iccad-official\iccad1\test\test_nhs\NNHS481.png8.png,0,0.0505390763282775,safe
./iccad-official\iccad1\test\test_nhs\NNHS481.png9.png,0,0.0065727829933166,safe
./iccad-official\iccad1\test\test_nhs\NNHS482.png1.png,0,0.0004188418388366,safe
./iccad-official\iccad1\test\test_nhs\NNHS482.png2.png,0,0.000906229019165,safe
./iccad-official\iccad1\test\test_nhs\NNHS482.png3.png,0,0.0009235739707946,safe
./iccad-official\iccad1\test\test_nhs\NNHS482.png4.png,0,0.0335920453071594,safe
./iccad-official\iccad1\test\test_nhs\NNHS482.png6.png,0,0.0306201577186584,safe
./iccad-official\iccad1\test\test_nhs\NNHS482.png7.png,0,0.015054166316986,safe
./iccad-official\iccad1\test\test_nhs\NNHS482.png8.png,0,0.0085195302963256,safe
./iccad-official\iccad1\test\test_nhs\NNHS482.png9.png,0,0.0079785585403442,safe
./iccad-official\iccad1\test\test_nhs\NNHS483.png1.png,0,0.0013492107391357,safe
./iccad-official\iccad1\test\test_nhs\NNHS483.png2.png,0,0.0005387663841247,safe
./iccad-official\iccad1\test\test_nhs\NNHS483.png3.png,0,0.0011050105094909,safe
./iccad-official\iccad1\test\test_nhs\NNHS483.png4.png,0,0.0238403677940368,safe
./iccad-official\iccad1\test\test_nhs\NNHS483.png6.png,0,0.0117806792259216,safe
./iccad-official\iccad1\test\test_nhs\NNHS483.png7.png,0,0.0075801610946655,safe
./iccad-official\iccad1\test\test_nhs\NNHS483.png8.png,0,0.022408127784729,safe
./iccad-official\iccad1\test\test_nhs\NNHS483.png9.png,0,0.0052804350852966,safe
./iccad-official\iccad1\test\test_nhs\NNHS484.png1.png,0,0.0007345080375671,safe
./iccad-official\iccad1\test\test_nhs\NNHS484.png2.png,0,0.0003060698509216,safe
./iccad-official\iccad1\test\test_nhs\NNHS484.png3.png,0,0.0011605024337768,safe
./iccad-official\iccad1\test\test_nhs\NNHS484.png4.png,0,0.0223637819290161,safe
./iccad-official\iccad1\test\test_nhs\NNHS484.png6.png,0,0.0161267518997192,safe
./iccad-official\iccad1\test\test_nhs\NNHS484.png7.png,0,0.0027853846549987,safe
./iccad-official\iccad1\test\test_nhs\NNHS484.png8.png,0,0.0008192062377929,safe
./iccad-official\iccad1\test\test_nhs\NNHS484.png9.png,0,0.0013569593429565,safe
./iccad-official\iccad1\test\test_nhs\NNHS485.png1.png,0,0.0007378458976745,safe
./iccad-official\iccad1\test\test_nhs\NNHS485.png2.png,0,0.0004292726516723,safe
./iccad-official\iccad1\test\test_nhs\NNHS485.png3.png,0,0.0004502534866333,safe
./iccad-official\iccad1\test\test_nhs\NNHS485.png4.png,0,0.0165840983390808,safe
./iccad-official\iccad1\test\test_nhs\NNHS485.png6.png,0,0.0161267518997192,safe
./iccad-official\iccad1\test\test_nhs\NNHS485.png7.png,0,0.0013991594314575,safe
./iccad-official\iccad1\test\test_nhs\NNHS485.png8.png,0,0.0013481378555297,safe
./iccad-official\iccad1\test\test_nhs\NNHS485.png9.png,0,0.0024682283401489,safe
./iccad-official\iccad1\test\test_nhs\NNHS486.png1.png,0,0.0008713603019714,safe
./iccad-official\iccad1\test\test_nhs\NNHS486.png2.png,0,0.0021865963935852,safe
./iccad-official\iccad1\test\test_nhs\NNHS486.png3.png,0,0.0009442567825317,safe
./iccad-official\iccad1\test\test_nhs\NNHS486.png4.png,0,0.0062076449394226,safe
./iccad-official\iccad1\test\test_nhs\NNHS486.png6.png,0,0.0062076449394226,safe
./iccad-official\iccad1\test\test_nhs\NNHS486.png7.png,0,0.0026448369026184,safe
./iccad-official\iccad1\test\test_nhs\NNHS486.png8.png,0,0.0069018006324768,safe
./iccad-official\iccad1\test\test_nhs\NNHS486.png9.png,0,0.0019590854644775,safe
./iccad-official\iccad1\test\test_nhs\NNHS487.png1.png,0,0.0017432570457458,safe
./iccad-official\iccad1\test\test_nhs\NNHS487.png2.png,0,0.0005820989608764,safe
./iccad-official\iccad1\test\test_nhs\NNHS487.png3.png,0,0.0014156103134155,safe
./iccad-official\iccad1\test\test_nhs\NNHS487.png4.png,0,0.0196694731712341,safe
./iccad-official\iccad1\test\test_nhs\NNHS487.png6.png,0,0.0196694731712341,safe
./iccad-official\iccad1\test\test_nhs\NNHS487.png7.png,0,0.0242356657981872,safe
./iccad-official\iccad1\test\test_nhs\NNHS487.png8.png,0,0.0111165046691894,safe
./iccad-official\iccad1\test\test_nhs\NNHS487.png9.png,0,0.0044570565223693,safe
./iccad-official\iccad1\test\test_nhs\NNHS488.png1.png,0,0.0015129446983337,safe
./iccad-official\iccad1\test\test_nhs\NNHS488.png2.png,0,0.0034586191177368,safe
./iccad-official\iccad1\test\test_nhs\NNHS488.png3.png,0,0.0007446408271789,safe
./iccad-official\iccad1\test\test_nhs\NNHS488.png4.png,0,0.0112606883049011,safe
./iccad-official\iccad1\test\test_nhs\NNHS488.png6.png,0,0.0112606883049011,safe
./iccad-official\iccad1\test\test_nhs\NNHS488.png7.png,0,0.0166016817092895,safe
./iccad-official\iccad1\test\test_nhs\NNHS488.png8.png,0,0.0166016817092895,safe
./iccad-official\iccad1\test\test_nhs\NNHS488.png9.png,0,0.0166016817092895,safe
./iccad-official\iccad1\test\test_nhs\NNHS489.png1.png,0,0.0008339285850524,safe
./iccad-official\iccad1\test\test_nhs\NNHS489.png2.png,0,0.0019022822380065,safe
./iccad-official\iccad1\test\test_nhs\NNHS489.png3.png,0,0.0018585324287414,safe
./iccad-official\iccad1\test\test_nhs\NNHS489.png4.png,0,0.0161267518997192,safe
./iccad-official\iccad1\test\test_nhs\NNHS489.png6.png,0,0.0147600769996643,safe
./iccad-official\iccad1\test\test_nhs\NNHS489.png7.png,0,0.0027612447738647,safe
./iccad-official\iccad1\test\test_nhs\NNHS489.png8.png,0,0.0041406154632568,safe
./iccad-official\iccad1\test\test_nhs\NNHS489.png9.png,0,0.0045040845870971,safe
./iccad-official\iccad1\test\test_nhs\NNHS490.png1.png,0,0.0014344453811645,safe
./iccad-official\iccad1\test\test_nhs\NNHS490.png2.png,0,0.0007734298706054,safe
./iccad-official\iccad1\test\test_nhs\NNHS490.png3.png,0,0.0011296272277832,safe
./iccad-official\iccad1\test\test_nhs\NNHS490.png4.png,0,0.0050798058509826,safe
./iccad-official\iccad1\test\test_nhs\NNHS490.png6.png,0,0.0154303908348083,safe
./iccad-official\iccad1\test\test_nhs\NNHS490.png7.png,0,0.0122211575508117,safe
./iccad-official\iccad1\test\test_nhs\NNHS490.png8.png,0,0.0262806415557861,safe
./iccad-official\iccad1\test\test_nhs\NNHS490.png9.png,0,0.0193111300468444,safe
./iccad-official\iccad1\test\test_nhs\NNHS491.png1.png,0,0.0007216334342956,safe
./iccad-official\iccad1\test\test_nhs\NNHS491.png2.png,0,0.0007216334342956,safe
./iccad-official\iccad1\test\test_nhs\NNHS491.png3.png,0,0.0007951855659484,safe
./iccad-official\iccad1\test\test_nhs\NNHS491.png4.png,0,0.0161267518997192,safe
./iccad-official\iccad1\test\test_nhs\NNHS491.png6.png,0,0.0031941533088684,safe
./iccad-official\iccad1\test\test_nhs\NNHS491.png7.png,0,0.0005053281784057,safe
./iccad-official\iccad1\test\test_nhs\NNHS491.png8.png,0,0.001335322856903,safe
./iccad-official\iccad1\test\test_nhs\NNHS491.png9.png,0,0.0018714666366577,safe
./iccad-official\iccad1\test\test_nhs\NNHS492.png1.png,0,0.0011764764785766,safe
./iccad-official\iccad1\test\test_nhs\NNHS492.png2.png,0,0.0010846257209777,safe
./iccad-official\iccad1\test\test_nhs\NNHS492.png3.png,0,0.0005239248275756,safe
./iccad-official\iccad1\test\test_nhs\NNHS492.png4.png,0,0.0216016769409179,safe
./iccad-official\iccad1\test\test_nhs\NNHS492.png6.png,0,0.0054479241371154,safe
./iccad-official\iccad1\test\test_nhs\NNHS492.png7.png,0,0.001641035079956,safe
./iccad-official\iccad1\test\test_nhs\NNHS492.png8.png,0,0.0034878849983215,safe
./iccad-official\iccad1\test\test_nhs\NNHS492.png9.png,0,0.0131934285163879,safe
./iccad-official\iccad1\test\test_nhs\NNHS493.png1.png,0,0.0005639791488647,safe
./iccad-official\iccad1\test\test_nhs\NNHS493.png2.png,0,0.0005416870117187,safe
./iccad-official\iccad1\test\test_nhs\NNHS493.png3.png,0,0.0006627440452575,safe
./iccad-official\iccad1\test\test_nhs\NNHS493.png4.png,0,0.0248087048530578,safe
./iccad-official\iccad1\test\test_nhs\NNHS493.png6.png,0,0.010644793510437,safe
./iccad-official\iccad1\test\test_nhs\NNHS493.png7.png,0,0.0014799833297729,safe
./iccad-official\iccad1\test\test_nhs\NNHS493.png8.png,0,0.0009800195693969,safe
./iccad-official\iccad1\test\test_nhs\NNHS493.png9.png,0,0.0016010999679565,safe
./iccad-official\iccad1\test\test_nhs\NNHS494.png1.png,0,0.0008713603019714,safe
./iccad-official\iccad1\test\test_nhs\NNHS494.png2.png,0,0.0005728602409362,safe
./iccad-official\iccad1\test\test_nhs\NNHS494.png3.png,0,0.0008713603019714,safe
./iccad-official\iccad1\test\test_nhs\NNHS494.png4.png,0,0.0078805088996887,safe
./iccad-official\iccad1\test\test_nhs\NNHS494.png6.png,0,0.0078805088996887,safe
./iccad-official\iccad1\test\test_nhs\NNHS494.png7.png,0,0.0063714385032653,safe
./iccad-official\iccad1\test\test_nhs\NNHS494.png8.png,0,0.0035438537597656,safe
./iccad-official\iccad1\test\test_nhs\NNHS494.png9.png,0,0.0088034868240356,safe
./iccad-official\iccad1\test\test_nhs\NNHS495.png1.png,0,0.0005303621292114,safe
./iccad-official\iccad1\test\test_nhs\NNHS495.png2.png,0,0.0005639791488647,safe
./iccad-official\iccad1\test\test_nhs\NNHS495.png3.png,0,0.0005639791488647,safe
./iccad-official\iccad1\test\test_nhs\NNHS495.png4.png,0,0.0285616517066955,safe
./iccad-official\iccad1\test\test_nhs\NNHS495.png6.png,0,0.0183781385421752,safe
./iccad-official\iccad1\test\test_nhs\NNHS495.png7.png,0,0.0013559460639953,safe
./iccad-official\iccad1\test\test_nhs\NNHS495.png8.png,0,0.0047534704208374,safe
./iccad-official\iccad1\test\test_nhs\NNHS495.png9.png,0,0.0061861872673034,safe
./iccad-official\iccad1\test\test_nhs\NNHS496.png1.png,0,0.0009768605232238,safe
./iccad-official\iccad1\test\test_nhs\NNHS496.png2.png,0,0.0005639791488647,safe
./iccad-official\iccad1\test\test_nhs\NNHS496.png3.png,0,0.0005639791488647,safe
./iccad-official\iccad1\test\test_nhs\NNHS496.png4.png,0,0.0015978813171386,safe
./iccad-official\iccad1\test\test_nhs\NNHS496.png6.png,0,0.0109282732009887,safe
./iccad-official\iccad1\test\test_nhs\NNHS496.png7.png,0,0.0079785585403442,safe
./iccad-official\iccad1\test\test_nhs\NNHS496.png8.png,0,0.0079785585403442,safe
./iccad-official\iccad1\test\test_nhs\NNHS496.png9.png,0,0.0138195157051086,safe
./iccad-official\iccad1\test\test_nhs\NNHS497.png1.png,0,0.0008045434951782,safe
./iccad-official\iccad1\test\test_nhs\NNHS497.png2.png,0,0.0002792477607727,safe
./iccad-official\iccad1\test\test_nhs\NNHS497.png3.png,0,0.0003406405448913,safe
./iccad-official\iccad1\test\test_nhs\NNHS497.png4.png,0,0.0099741220474243,safe
./iccad-official\iccad1\test\test_nhs\NNHS497.png6.png,0,0.0147600769996643,safe
./iccad-official\iccad1\test\test_nhs\NNHS497.png7.png,0,0.0016760826110839,safe
./iccad-official\iccad1\test\test_nhs\NNHS497.png8.png,0,0.0016760826110839,safe
./iccad-official\iccad1\test\test_nhs\NNHS497.png9.png,0,0.0016760826110839,safe
./iccad-official\iccad1\test\test_nhs\NNHS498.png1.png,0,0.0005639791488647,safe
./iccad-official\iccad1\test\test_nhs\NNHS498.png2.png,0,0.0005639791488647,safe
./iccad-official\iccad1\test\test_nhs\NNHS498.png3.png,0,0.0005639791488647,safe
./iccad-official\iccad1\test\test_nhs\NNHS498.png4.png,0,0.0161267518997192,safe
./iccad-official\iccad1\test\test_nhs\NNHS498.png6.png,0,0.0161267518997192,safe
./iccad-official\iccad1\test\test_nhs\NNHS498.png7.png,0,0.0029277205467224,safe
./iccad-official\iccad1\test\test_nhs\NNHS498.png8.png,0,0.0104309320449829,safe
./iccad-official\iccad1\test\test_nhs\NNHS498.png9.png,0,0.0087601542472839,safe
./iccad-official\iccad1\test\test_nhs\NNHS499.png1.png,0,0.0053048729896545,safe
./iccad-official\iccad1\test\test_nhs\NNHS499.png2.png,0,0.0003794431686401,safe
./iccad-official\iccad1\test\test_nhs\NNHS499.png3.png,0,0.0008904933929443,safe
./iccad-official\iccad1\test\test_nhs\NNHS499.png4.png,0,0.0230737328529357,safe
./iccad-official\iccad1\test\test_nhs\NNHS499.png6.png,0,0.0230737328529357,safe
./iccad-official\iccad1\test\test_nhs\NNHS499.png7.png,0,0.0079785585403442,safe
./iccad-official\iccad1\test\test_nhs\NNHS499.png8.png,0,0.0079785585403442,safe
./iccad-official\iccad1\test\test_nhs\NNHS499.png9.png,0,0.0079785585403442,safe
./iccad-official\iccad1\test\test_nhs\NNHS500.png1.png,0,0.0007304549217224,safe
./iccad-official\iccad1\test\test_nhs\NNHS500.png2.png,0,0.0003835558891296,safe
./iccad-official\iccad1\test\test_nhs\NNHS500.png3.png,0,0.0007307529449462,safe
./iccad-official\iccad1\test\test_nhs\NNHS500.png4.png,0,0.0093485116958618,safe
./iccad-official\iccad1\test\test_nhs\NNHS500.png6.png,0,0.0161267518997192,safe
./iccad-official\iccad1\test\test_nhs\NNHS500.png7.png,0,0.0108236670494079,safe
./iccad-official\iccad1\test\test_nhs\NNHS500.png8.png,0,0.0094454884529113,safe
./iccad-official\iccad1\test\test_nhs\NNHS500.png9.png,0,0.008607804775238,safe
./iccad-official\iccad1\test\test_nhs\NNHS501.png1.png,0,0.0007505416870117,safe
./iccad-official\iccad1\test\test_nhs\NNHS501.png2.png,0,0.0017018914222717,safe
./iccad-official\iccad1\test\test_nhs\NNHS501.png3.png,0,0.0007727742195129,safe
./iccad-official\iccad1\test\test_nhs\NNHS501.png4.png,0,0.0023002624511718,safe
./iccad-official\iccad1\test\test_nhs\NNHS501.png6.png,0,0.0078805088996887,safe
./iccad-official\iccad1\test\test_nhs\NNHS501.png7.png,0,0.0065727829933166,safe
./iccad-official\iccad1\test\test_nhs\NNHS501.png8.png,0,0.006654143333435,safe
./iccad-official\iccad1\test\test_nhs\NNHS501.png9.png,0,0.0079785585403442,safe
./iccad-official\iccad1\test\test_nhs\NNHS502.png1.png,0,0.0002385377883911,safe
./iccad-official\iccad1\test\test_nhs\NNHS502.png2.png,0,0.0002385377883911,safe
./iccad-official\iccad1\test\test_nhs\NNHS502.png3.png,0,0.0002011060714721,safe
./iccad-official\iccad1\test\test_nhs\NNHS502.png4.png,0,0.0431087613105773,safe
./iccad-official\iccad1\test\test_nhs\NNHS502.png6.png,0,0.0540816783905029,safe
./iccad-official\iccad1\test\test_nhs\NNHS502.png7.png,0,0.0165798664093017,safe
./iccad-official\iccad1\test\test_nhs\NNHS502.png8.png,0,0.00177663564682,safe
./iccad-official\iccad1\test\test_nhs\NNHS502.png9.png,0,0.0044476389884948,safe
./iccad-official\iccad1\test\test_nhs\NNHS503.png1.png,0,0.0001610517501831,safe
./iccad-official\iccad1\test\test_nhs\NNHS503.png2.png,0,0.0028215646743774,safe
./iccad-official\iccad1\test\test_nhs\NNHS503.png3.png,0,0.000690221786499,safe
./iccad-official\iccad1\test\test_nhs\NNHS503.png4.png,0,0.0161267518997192,safe
./iccad-official\iccad1\test\test_nhs\NNHS503.png6.png,0,0.0161267518997192,safe
./iccad-official\iccad1\test\test_nhs\NNHS503.png7.png,0,0.0025675296783447,safe
./iccad-official\iccad1\test\test_nhs\NNHS503.png8.png,0,0.0027728676795959,safe
./iccad-official\iccad1\test\test_nhs\NNHS503.png9.png,0,0.0079785585403442,safe
./iccad-official\iccad1\test\test_nhs\NNHS504.png1.png,0,0.0005639791488647,safe
./iccad-official\iccad1\test\test_nhs\NNHS504.png2.png,0,0.0005639791488647,safe
./iccad-official\iccad1\test\test_nhs\NNHS504.png3.png,0,0.0005639791488647,safe
./iccad-official\iccad1\test\test_nhs\NNHS504.png4.png,0,0.0032266974449157,safe
./iccad-official\iccad1\test\test_nhs\NNHS504.png6.png,0,0.0238403677940368,safe
./iccad-official\iccad1\test\test_nhs\NNHS504.png7.png,0,0.0155773162841796,safe
./iccad-official\iccad1\test\test_nhs\NNHS504.png8.png,0,0.0166016817092895,safe
./iccad-official\iccad1\test\test_nhs\NNHS504.png9.png,0,0.0166016817092895,safe
./iccad-official\iccad1\test\test_nhs\NNHS505.png1.png,0,0.0005639791488647,safe
./iccad-official\iccad1\test\test_nhs\NNHS505.png2.png,0,0.0005639791488647,safe
./iccad-official\iccad1\test\test_nhs\NNHS505.png3.png,0,0.0005639791488647,safe
./iccad-official\iccad1\test\test_nhs\NNHS505.png4.png,0,0.0161267518997192,safe
./iccad-official\iccad1\test\test_nhs\NNHS505.png6.png,0,0.0086560845375061,safe
./iccad-official\iccad1\test\test_nhs\NNHS505.png7.png,0,0.015054166316986,safe
./iccad-official\iccad1\test\test_nhs\NNHS505.png8.png,0,0.015054166316986,safe
./iccad-official\iccad1\test\test_nhs\NNHS505.png9.png,0,0.0166016817092895,safe
./iccad-official\iccad1\test\test_nhs\NNHS506.png1.png,0,0.0006375908851623,safe
./iccad-official\iccad1\test\test_nhs\NNHS506.png2.png,0,0.0002963542938232,safe
./iccad-official\iccad1\test\test_nhs\NNHS506.png3.png,0,0.0005639791488647,safe
./iccad-official\iccad1\test\test_nhs\NNHS506.png4.png,0,0.0111865401268005,safe
./iccad-official\iccad1\test\test_nhs\NNHS506.png6.png,0,0.0196694731712341,safe
./iccad-official\iccad1\test\test_nhs\NNHS506.png7.png,0,0.0010420680046081,safe
./iccad-official\iccad1\test\test_nhs\NNHS506.png8.png,0,0.0003861188888549,safe
./iccad-official\iccad1\test\test_nhs\NNHS506.png9.png,0,0.0005632638931274,safe
./iccad-official\iccad1\test\test_nhs\NNHS507.png1.png,0,0.0007797479629516,safe
./iccad-official\iccad1\test\test_nhs\NNHS507.png2.png,0,0.000197947025299,safe
./iccad-official\iccad1\test\test_nhs\NNHS507.png3.png,0,0.0005639791488647,safe
./iccad-official\iccad1\test\test_nhs\NNHS507.png4.png,0,0.0161267518997192,safe
./iccad-official\iccad1\test\test_nhs\NNHS507.png6.png,0,0.0161267518997192,safe
./iccad-official\iccad1\test\test_nhs\NNHS507.png7.png,0,0.0158675909042358,safe
./iccad-official\iccad1\test\test_nhs\NNHS507.png8.png,0,0.0063723921775817,safe
./iccad-official\iccad1\test\test_nhs\NNHS507.png9.png,0,0.0018026828765869,safe
./iccad-official\iccad1\test\test_nhs\NNHS508.png1.png,0,0.0006253719329833,safe
./iccad-official\iccad1\test\test_nhs\NNHS508.png2.png,0,0.0009078979492187,safe
./iccad-official\iccad1\test\test_nhs\NNHS508.png3.png,0,0.0008713603019714,safe
./iccad-official\iccad1\test\test_nhs\NNHS508.png4.png,0,0.0117650628089904,safe
./iccad-official\iccad1\test\test_nhs\NNHS508.png6.png,0,0.0118211507797241,safe
./iccad-official\iccad1\test\test_nhs\NNHS508.png7.png,0,0.0048789978027343,safe
./iccad-official\iccad1\test\test_nhs\NNHS508.png8.png,0,0.0046932697296142,safe
./iccad-official\iccad1\test\test_nhs\NNHS508.png9.png,0,0.002070128917694,safe
./iccad-official\iccad1\test\test_nhs\NNHS509.png1.png,0,0.0008713603019714,safe
./iccad-official\iccad1\test\test_nhs\NNHS509.png2.png,0,0.0013034343719482,safe
./iccad-official\iccad1\test\test_nhs\NNHS509.png3.png,0,0.0006123781204223,safe
./iccad-official\iccad1\test\test_nhs\NNHS509.png4.png,0,0.0293271541595459,safe
./iccad-official\iccad1\test\test_nhs\NNHS509.png6.png,0,0.0247688293457031,safe
./iccad-official\iccad1\test\test_nhs\NNHS509.png7.png,0,0.0089846849441528,safe
./iccad-official\iccad1\test\test_nhs\NNHS509.png8.png,0,0.0135397315025329,safe
./iccad-official\iccad1\test\test_nhs\NNHS509.png9.png,0,0.003770112991333,safe
./iccad-official\iccad1\test\test_nhs\NNHS510.png1.png,0,0.001171052455902,safe
./iccad-official\iccad1\test\test_nhs\NNHS510.png2.png,0,0.0012768507003784,safe
./iccad-official\iccad1\test\test_nhs\NNHS510.png3.png,0,0.0007559657096862,safe
./iccad-official\iccad1\test\test_nhs\NNHS510.png4.png,0,0.0107002854347229,safe
./iccad-official\iccad1\test\test_nhs\NNHS510.png6.png,0,0.0074547529220581,safe
./iccad-official\iccad1\test\test_nhs\NNHS510.png7.png,0,0.0069872140884399,safe
./iccad-official\iccad1\test\test_nhs\NNHS510.png8.png,0,0.0111029744148254,safe
./iccad-official\iccad1\test\test_nhs\NNHS510.png9.png,0,0.0101765394210815,safe
./iccad-official\iccad1\test\test_nhs\NNHS511.png1.png,0,0.0018772482872009,safe
./iccad-official\iccad1\test\test_nhs\NNHS511.png2.png,0,0.0007120370864868,safe
./iccad-official\iccad1\test\test_nhs\NNHS511.png3.png,0,0.0005334019660949,safe
./iccad-official\iccad1\test\test_nhs\NNHS511.png4.png,0,0.0123563408851623,safe
./iccad-official\iccad1\test\test_nhs\NNHS511.png6.png,0,0.0295232534408569,safe
./iccad-official\iccad1\test\test_nhs\NNHS511.png7.png,0,0.0005627274513244,safe
./iccad-official\iccad1\test\test_nhs\NNHS511.png8.png,0,0.0062953233718872,safe
./iccad-official\iccad1\test\test_nhs\NNHS511.png9.png,0,0.0017282962799072,safe
./iccad-official\iccad1\test\test_nhs\NNHS512.png1.png,0,0.000878632068634,safe
./iccad-official\iccad1\test\test_nhs\NNHS512.png2.png,0,0.0008308291435241,safe
./iccad-official\iccad1\test\test_nhs\NNHS512.png3.png,0,0.0012303590774536,safe
./iccad-official\iccad1\test\test_nhs\NNHS512.png4.png,0,0.0161267518997192,safe
./iccad-official\iccad1\test\test_nhs\NNHS512.png6.png,0,0.0248087048530578,safe
./iccad-official\iccad1\test\test_nhs\NNHS512.png7.png,0,0.0042501091957092,safe
./iccad-official\iccad1\test\test_nhs\NNHS512.png8.png,0,0.0059563517570495,safe
./iccad-official\iccad1\test\test_nhs\NNHS512.png9.png,0,0.0214006900787353,safe
./iccad-official\iccad1\test\test_nhs\NNHS513.png1.png,0,0.00184828042984,safe
./iccad-official\iccad1\test\test_nhs\NNHS513.png2.png,0,0.0008110404014587,safe
./iccad-official\iccad1\test\test_nhs\NNHS513.png3.png,0,0.0008713603019714,safe
./iccad-official\iccad1\test\test_nhs\NNHS513.png4.png,0,0.0162955522537231,safe
./iccad-official\iccad1\test\test_nhs\NNHS513.png6.png,0,0.0161267518997192,safe
./iccad-official\iccad1\test\test_nhs\NNHS513.png7.png,0,0.0086697936058044,safe
./iccad-official\iccad1\test\test_nhs\NNHS513.png8.png,0,0.0029594898223876,safe
./iccad-official\iccad1\test\test_nhs\NNHS513.png9.png,0,0.0099353790283203,safe
./iccad-official\iccad1\test\test_nhs\NNHS514.png1.png,0,0.0005639791488647,safe
./iccad-official\iccad1\test\test_nhs\NNHS514.png2.png,0,0.0005639791488647,safe
./iccad-official\iccad1\test\test_nhs\NNHS514.png3.png,0,0.0005639791488647,safe
./iccad-official\iccad1\test\test_nhs\NNHS514.png4.png,0,0.0078805088996887,safe
./iccad-official\iccad1\test\test_nhs\NNHS514.png6.png,0,0.0102548599243164,safe
./iccad-official\iccad1\test\test_nhs\NNHS514.png7.png,0,0.0027620792388916,safe
./iccad-official\iccad1\test\test_nhs\NNHS514.png8.png,0,0.0033265948295593,safe
./iccad-official\iccad1\test\test_nhs\NNHS514.png9.png,0,0.0035584568977355,safe
./iccad-official\iccad1\test\test_nhs\NNHS515.png1.png,0,0.0009235739707946,safe
./iccad-official\iccad1\test\test_nhs\NNHS515.png2.png,0,0.0009235739707946,safe
./iccad-official\iccad1\test\test_nhs\NNHS515.png3.png,0,0.0006925463676452,safe
./iccad-official\iccad1\test\test_nhs\NNHS515.png4.png,0,0.0040307641029357,safe
./iccad-official\iccad1\test\test_nhs\NNHS515.png6.png,0,0.0037105679512023,safe
./iccad-official\iccad1\test\test_nhs\NNHS515.png7.png,0,0.0007963180541992,safe
./iccad-official\iccad1\test\test_nhs\NNHS515.png8.png,0,0.0045239329338073,safe
./iccad-official\iccad1\test\test_nhs\NNHS515.png9.png,0,0.0079785585403442,safe
./iccad-official\iccad1\test\test_nhs\NNHS516.png1.png,0,0.0007216334342956,safe
./iccad-official\iccad1\test\test_nhs\NNHS516.png2.png,0,0.0018494129180908,safe
./iccad-official\iccad1\test\test_nhs\NNHS516.png3.png,0,0.0028921961784362,safe
./iccad-official\iccad1\test\test_nhs\NNHS516.png4.png,0,0.0540816783905029,safe
./iccad-official\iccad1\test\test_nhs\NNHS516.png6.png,0,0.0261774063110351,safe
./iccad-official\iccad1\test\test_nhs\NNHS516.png7.png,0,0.0028693079948425,safe
./iccad-official\iccad1\test\test_nhs\NNHS516.png8.png,0,0.0020423531532287,safe
./iccad-official\iccad1\test\test_nhs\NNHS516.png9.png,0,0.0106992125511169,safe
./iccad-official\iccad1\test\test_nhs\NNHS517.png1.png,0,0.0002539157867431,safe
./iccad-official\iccad1\test\test_nhs\NNHS517.png2.png,0,0.0005639791488647,safe
./iccad-official\iccad1\test\test_nhs\NNHS517.png3.png,0,0.0005639791488647,safe
./iccad-official\iccad1\test\test_nhs\NNHS517.png4.png,0,0.0036285519599914,safe
./iccad-official\iccad1\test\test_nhs\NNHS517.png6.png,0,0.032984435558319,safe
./iccad-official\iccad1\test\test_nhs\NNHS517.png7.png,0,0.0061861872673034,safe
./iccad-official\iccad1\test\test_nhs\NNHS517.png8.png,0,0.0061861872673034,safe
./iccad-official\iccad1\test\test_nhs\NNHS517.png9.png,0,0.0102438330650329,safe
./iccad-official\iccad1\test\test_nhs\NNHS518.png1.png,0,0.0018544197082519,safe
./iccad-official\iccad1\test\test_nhs\NNHS518.png2.png,0,0.0006757974624633,safe
./iccad-official\iccad1\test\test_nhs\NNHS518.png3.png,0,0.0005268454551696,safe
./iccad-official\iccad1\test\test_nhs\NNHS518.png4.png,0,0.0161267518997192,safe
./iccad-official\iccad1\test\test_nhs\NNHS518.png6.png,0,0.0161267518997192,safe
./iccad-official\iccad1\test\test_nhs\NNHS518.png7.png,0,0.0079785585403442,safe
./iccad-official\iccad1\test\test_nhs\NNHS518.png8.png,0,0.0079785585403442,safe
./iccad-official\iccad1\test\test_nhs\NNHS518.png9.png,0,0.0079785585403442,safe
./iccad-official\iccad1\test\test_nhs\NNHS519.png1.png,0,0.0010682344436645,safe
./iccad-official\iccad1\test\test_nhs\NNHS519.png2.png,0,0.0019118189811706,safe
./iccad-official\iccad1\test\test_nhs\NNHS519.png3.png,0,0.0016571283340454,safe
./iccad-official\iccad1\test\test_nhs\NNHS519.png4.png,0,0.0087692141532897,safe
./iccad-official\iccad1\test\test_nhs\NNHS519.png6.png,0,0.0103164315223693,safe
./iccad-official\iccad1\test\test_nhs\NNHS519.png7.png,0,0.00099778175354,safe
./iccad-official\iccad1\test\test_nhs\NNHS519.png8.png,0,0.009363830089569,safe
./iccad-official\iccad1\test\test_nhs\NNHS519.png9.png,0,0.0310448408126831,safe
./iccad-official\iccad1\test\test_nhs\NNHS520.png1.png,0,0.0011764764785766,safe
./iccad-official\iccad1\test\test_nhs\NNHS520.png2.png,0,0.0005028247833251,safe
./iccad-official\iccad1\test\test_nhs\NNHS520.png3.png,0,0.0005639791488647,safe
./iccad-official\iccad1\test\test_nhs\NNHS520.png4.png,0,0.0023002624511718,safe
./iccad-official\iccad1\test\test_nhs\NNHS520.png6.png,0,0.0040913224220275,safe
./iccad-official\iccad1\test\test_nhs\NNHS520.png7.png,0,0.0166016817092895,safe
./iccad-official\iccad1\test\test_nhs\NNHS520.png8.png,0,0.0269241333007812,safe
./iccad-official\iccad1\test\test_nhs\NNHS520.png9.png,0,0.015054166316986,safe
./iccad-official\iccad1\test\test_nhs\NNHS521.png1.png,0,0.0008713603019714,safe
./iccad-official\iccad1\test\test_nhs\NNHS521.png2.png,0,0.0012951493263244,safe
./iccad-official\iccad1\test\test_nhs\NNHS521.png3.png,0,0.0007995963096618,safe
./iccad-official\iccad1\test\test_nhs\NNHS521.png4.png,0,0.0161267518997192,safe
./iccad-official\iccad1\test\test_nhs\NNHS521.png6.png,0,0.0161267518997192,safe
./iccad-official\iccad1\test\test_nhs\NNHS521.png7.png,0,0.0062752366065979,safe
./iccad-official\iccad1\test\test_nhs\NNHS521.png8.png,0,0.0006207823753356,safe
./iccad-official\iccad1\test\test_nhs\NNHS521.png9.png,0,0.0025096535682678,safe
./iccad-official\iccad1\test\test_nhs\NNHS522.png1.png,0,0.0006114840507507,safe
./iccad-official\iccad1\test\test_nhs\NNHS522.png2.png,0,0.0005639791488647,safe
./iccad-official\iccad1\test\test_nhs\NNHS522.png3.png,0,0.0005639791488647,safe
./iccad-official\iccad1\test\test_nhs\NNHS522.png4.png,0,0.0032266974449157,safe
./iccad-official\iccad1\test\test_nhs\NNHS522.png6.png,0,0.0032978653907775,safe
./iccad-official\iccad1\test\test_nhs\NNHS522.png7.png,0,0.0042468905448913,safe
./iccad-official\iccad1\test\test_nhs\NNHS522.png8.png,0,0.0049172043800354,safe
./iccad-official\iccad1\test\test_nhs\NNHS522.png9.png,0,0.0079785585403442,safe
./iccad-official\iccad1\test\test_nhs\NNHS523.png1.png,0,0.0005639791488647,safe
./iccad-official\iccad1\test\test_nhs\NNHS523.png2.png,0,0.0005639791488647,safe
./iccad-official\iccad1\test\test_nhs\NNHS523.png3.png,0,0.0005639791488647,safe
./iccad-official\iccad1\test\test_nhs\NNHS523.png4.png,0,0.0241575241088867,safe
./iccad-official\iccad1\test\test_nhs\NNHS523.png6.png,0,0.0062076449394226,safe
./iccad-official\iccad1\test\test_nhs\NNHS523.png7.png,0,0.0108190774917602,safe
./iccad-official\iccad1\test\test_nhs\NNHS523.png8.png,0,0.0129474997520446,safe
./iccad-official\iccad1\test\test_nhs\NNHS523.png9.png,0,0.0123788714408874,safe
./iccad-official\iccad1\test\test_nhs\NNHS524.png1.png,0,0.00264173746109,safe
./iccad-official\iccad1\test\test_nhs\NNHS524.png2.png,0,0.0015129446983337,safe
./iccad-official\iccad1\test\test_nhs\NNHS524.png3.png,0,0.0015129446983337,safe
./iccad-official\iccad1\test\test_nhs\NNHS524.png4.png,0,0.0148226618766784,safe
./iccad-official\iccad1\test\test_nhs\NNHS524.png6.png,0,0.013828158378601,safe
./iccad-official\iccad1\test\test_nhs\NNHS524.png7.png,0,0.004547894001007,safe
./iccad-official\iccad1\test\test_nhs\NNHS524.png8.png,0,0.0063058137893676,safe
./iccad-official\iccad1\test\test_nhs\NNHS524.png9.png,0,0.0018296241760253,safe
./iccad-official\iccad1\test\test_nhs\NNHS525.png1.png,0,0.0031805634498596,safe
./iccad-official\iccad1\test\test_nhs\NNHS525.png2.png,0,0.0011770129203796,safe
./iccad-official\iccad1\test\test_nhs\NNHS525.png3.png,0,0.0007013082504272,safe
./iccad-official\iccad1\test\test_nhs\NNHS525.png4.png,0,0.0251805186271667,safe
./iccad-official\iccad1\test\test_nhs\NNHS525.png6.png,0,0.0238403677940368,safe
./iccad-official\iccad1\test\test_nhs\NNHS525.png7.png,0,0.0341048836708068,safe
./iccad-official\iccad1\test\test_nhs\NNHS525.png8.png,0,0.0056622624397277,safe
./iccad-official\iccad1\test\test_nhs\NNHS525.png9.png,0,0.0117663741111755,safe
./iccad-official\iccad1\test\test_nhs\NNHS526.png1.png,0,0.0003246665000915,safe
./iccad-official\iccad1\test\test_nhs\NNHS526.png2.png,0,0.0007631778717041,safe
./iccad-official\iccad1\test\test_nhs\NNHS526.png3.png,0,0.0012121796607971,safe
./iccad-official\iccad1\test\test_nhs\NNHS526.png4.png,0,0.0078805088996887,safe
./iccad-official\iccad1\test\test_nhs\NNHS526.png6.png,0,0.0078805088996887,safe
./iccad-official\iccad1\test\test_nhs\NNHS526.png7.png,0,0.0038448572158813,safe
./iccad-official\iccad1\test\test_nhs\NNHS526.png8.png,0,0.007020354270935,safe
./iccad-official\iccad1\test\test_nhs\NNHS526.png9.png,0,0.006626009941101,safe
./iccad-official\iccad1\test\test_nhs\NNHS527.png1.png,0,0.001335322856903,safe
./iccad-official\iccad1\test\test_nhs\NNHS527.png2.png,0,0.0006411671638488,safe
./iccad-official\iccad1\test\test_nhs\NNHS527.png3.png,0,0.0044132471084594,safe
./iccad-official\iccad1\test\test_nhs\NNHS527.png4.png,0,0.0045472979545593,safe
./iccad-official\iccad1\test\test_nhs\NNHS527.png6.png,0,0.0045472979545593,safe
./iccad-official\iccad1\test\test_nhs\NNHS527.png7.png,0,0.0079785585403442,safe
./iccad-official\iccad1\test\test_nhs\NNHS527.png8.png,0,0.0079785585403442,safe
./iccad-official\iccad1\test\test_nhs\NNHS527.png9.png,0,0.0062888860702514,safe
./iccad-official\iccad1\test\test_nhs\NNHS528.png1.png,0,0.001013159751892,safe
./iccad-official\iccad1\test\test_nhs\NNHS528.png2.png,0,0.0006677508354187,safe
./iccad-official\iccad1\test\test_nhs\NNHS528.png3.png,0,0.0002713799476623,safe
./iccad-official\iccad1\test\test_nhs\NNHS528.png4.png,0,0.0238403677940368,safe
./iccad-official\iccad1\test\test_nhs\NNHS528.png6.png,0,0.0238403677940368,safe
./iccad-official\iccad1\test\test_nhs\NNHS528.png7.png,0,0.0065727829933166,safe
./iccad-official\iccad1\test\test_nhs\NNHS528.png8.png,0,0.0065727829933166,safe
./iccad-official\iccad1\test\test_nhs\NNHS528.png9.png,0,0.0065727829933166,safe
./iccad-official\iccad1\test\test_nhs\NNHS529.png1.png,0,0.0003773570060729,safe
./iccad-official\iccad1\test\test_nhs\NNHS529.png2.png,0,0.0007076859474182,safe
./iccad-official\iccad1\test\test_nhs\NNHS529.png3.png,0,0.0013654232025146,safe
./iccad-official\iccad1\test\test_nhs\NNHS529.png4.png,0,0.0161267518997192,safe
./iccad-official\iccad1\test\test_nhs\NNHS529.png6.png,0,0.0350478887557983,safe
./iccad-official\iccad1\test\test_nhs\NNHS529.png7.png,0,0.0049651861190795,safe
./iccad-official\iccad1\test\test_nhs\NNHS529.png8.png,0,0.0070489048957824,safe
./iccad-official\iccad1\test\test_nhs\NNHS529.png9.png,0,0.005660057067871,safe
./iccad-official\iccad1\test\test_nhs\NNHS530.png1.png,0,0.000632107257843,safe
./iccad-official\iccad1\test\test_nhs\NNHS530.png2.png,0,0.0005639791488647,safe
./iccad-official\iccad1\test\test_nhs\NNHS530.png3.png,0,0.0008143186569213,safe
./iccad-official\iccad1\test\test_nhs\NNHS530.png4.png,0,0.0178258419036865,safe
./iccad-official\iccad1\test\test_nhs\NNHS530.png6.png,0,0.0231567621231079,safe
./iccad-official\iccad1\test\test_nhs\NNHS530.png7.png,0,0.0016760826110839,safe
./iccad-official\iccad1\test\test_nhs\NNHS530.png8.png,0,0.0016760826110839,safe
./iccad-official\iccad1\test\test_nhs\NNHS530.png9.png,0,0.0016760826110839,safe
./iccad-official\iccad1\test\test_nhs\NNHS531.png1.png,0,0.0006464719772338,safe
./iccad-official\iccad1\test\test_nhs\NNHS531.png2.png,0,0.0005639791488647,safe
./iccad-official\iccad1\test\test_nhs\NNHS531.png3.png,0,0.0005639791488647,safe
./iccad-official\iccad1\test\test_nhs\NNHS531.png4.png,0,0.0060786604881286,safe
./iccad-official\iccad1\test\test_nhs\NNHS531.png6.png,0,0.005581259727478,safe
./iccad-official\iccad1\test\test_nhs\NNHS531.png7.png,0,0.0004001855850219,safe
./iccad-official\iccad1\test\test_nhs\NNHS531.png8.png,0,0.0009616613388061,safe
./iccad-official\iccad1\test\test_nhs\NNHS531.png9.png,0,0.0040889382362365,safe
./iccad-official\iccad1\test\test_nhs\NNHS532.png1.png,0,0.000686228275299,safe
./iccad-official\iccad1\test\test_nhs\NNHS532.png2.png,0,0.000740110874176,safe
./iccad-official\iccad1\test\test_nhs\NNHS532.png3.png,0,0.0005847215652465,safe
./iccad-official\iccad1\test\test_nhs\NNHS532.png4.png,0,0.0238403677940368,safe
./iccad-official\iccad1\test\test_nhs\NNHS532.png6.png,0,0.0238403677940368,safe
./iccad-official\iccad1\test\test_nhs\NNHS532.png7.png,0,0.0079785585403442,safe
./iccad-official\iccad1\test\test_nhs\NNHS532.png8.png,0,0.0079785585403442,safe
./iccad-official\iccad1\test\test_nhs\NNHS532.png9.png,0,0.0079785585403442,safe
./iccad-official\iccad1\test\test_nhs\NNHS533.png1.png,0,0.0006836056709289,safe
./iccad-official\iccad1\test\test_nhs\NNHS533.png2.png,0,0.0005336999893188,safe
./iccad-official\iccad1\test\test_nhs\NNHS533.png3.png,0,0.0016078948974609,safe
./iccad-official\iccad1\test\test_nhs\NNHS533.png4.png,0,0.0197360515594482,safe
./iccad-official\iccad1\test\test_nhs\NNHS533.png6.png,0,0.0335920453071594,safe
./iccad-official\iccad1\test\test_nhs\NNHS533.png7.png,0,0.0049433708190917,safe
./iccad-official\iccad1\test\test_nhs\NNHS533.png8.png,0,0.0085401535034179,safe
./iccad-official\iccad1\test\test_nhs\NNHS533.png9.png,0,0.0457250475883483,safe
./iccad-official\iccad1\test\test_nhs\NNHS534.png1.png,0,0.0005639791488647,safe
./iccad-official\iccad1\test\test_nhs\NNHS534.png2.png,0,0.0005639791488647,safe
./iccad-official\iccad1\test\test_nhs\NNHS534.png3.png,0,0.0005639791488647,safe
./iccad-official\iccad1\test\test_nhs\NNHS534.png4.png,0,0.0161267518997192,safe
./iccad-official\iccad1\test\test_nhs\NNHS534.png6.png,0,0.0140694975852966,safe
./iccad-official\iccad1\test\test_nhs\NNHS534.png7.png,0,0.0079785585403442,safe
./iccad-official\iccad1\test\test_nhs\NNHS534.png8.png,0,0.0136234760284423,safe
./iccad-official\iccad1\test\test_nhs\NNHS534.png9.png,0,0.0127715468406677,safe
./iccad-official\iccad1\test\test_nhs\NNHS535.png1.png,0,0.0005639791488647,safe
./iccad-official\iccad1\test\test_nhs\NNHS535.png2.png,0,0.0010187625885009,safe
./iccad-official\iccad1\test\test_nhs\NNHS535.png3.png,0,0.0011296272277832,safe
./iccad-official\iccad1\test\test_nhs\NNHS535.png4.png,0,0.0009296536445617,safe
./iccad-official\iccad1\test\test_nhs\NNHS535.png6.png,0,0.0051499605178833,safe
./iccad-official\iccad1\test\test_nhs\NNHS535.png7.png,0,0.0033503770828247,safe
./iccad-official\iccad1\test\test_nhs\NNHS535.png8.png,0,0.0107443928718566,safe
./iccad-official\iccad1\test\test_nhs\NNHS535.png9.png,0,0.0038568973541259,safe
./iccad-official\iccad1\test\test_nhs\NNHS536.png1.png,0,0.0007304549217224,safe
./iccad-official\iccad1\test\test_nhs\NNHS536.png2.png,0,0.0024863481521606,safe
./iccad-official\iccad1\test\test_nhs\NNHS536.png3.png,0,0.0008372068405151,safe
./iccad-official\iccad1\test\test_nhs\NNHS536.png4.png,0,0.0117806792259216,safe
./iccad-official\iccad1\test\test_nhs\NNHS536.png6.png,0,0.0117806792259216,safe
./iccad-official\iccad1\test\test_nhs\NNHS536.png7.png,0,0.0108190774917602,safe
./iccad-official\iccad1\test\test_nhs\NNHS536.png8.png,0,0.0108190774917602,safe
./iccad-official\iccad1\test\test_nhs\NNHS536.png9.png,0,0.0108190774917602,safe
./iccad-official\iccad1\test\test_nhs\NNHS537.png1.png,0,0.0012585520744323,safe
./iccad-official\iccad1\test\test_nhs\NNHS537.png2.png,0,0.0012107491493225,safe
./iccad-official\iccad1\test\test_nhs\NNHS537.png3.png,0,0.0039231777191162,safe
./iccad-official\iccad1\test\test_nhs\NNHS537.png4.png,0,0.0076139569282531,safe
./iccad-official\iccad1\test\test_nhs\NNHS537.png6.png,0,0.0311302542686462,safe
./iccad-official\iccad1\test\test_nhs\NNHS537.png7.png,0,0.0094727873802185,safe
./iccad-official\iccad1\test\test_nhs\NNHS537.png8.png,0,0.0079785585403442,safe
./iccad-official\iccad1\test\test_nhs\NNHS537.png9.png,0,0.0079785585403442,safe
./iccad-official\iccad1\test\test_nhs\NNHS538.png1.png,0,0.0006123781204223,safe
./iccad-official\iccad1\test\test_nhs\NNHS538.png2.png,0,0.0005939006805419,safe
./iccad-official\iccad1\test\test_nhs\NNHS538.png3.png,0,0.0011104345321655,safe
./iccad-official\iccad1\test\test_nhs\NNHS538.png4.png,0,0.0385311245918273,safe
./iccad-official\iccad1\test\test_nhs\NNHS538.png6.png,0,0.0238403677940368,safe
./iccad-official\iccad1\test\test_nhs\NNHS538.png7.png,0,0.0022511482238769,safe
./iccad-official\iccad1\test\test_nhs\NNHS538.png8.png,0,0.0080902576446533,safe
./iccad-official\iccad1\test\test_nhs\NNHS538.png9.png,0,0.0049358010292053,safe
./iccad-official\iccad1\test\test_nhs\NNHS539.png1.png,0,0.0018170475959777,safe
./iccad-official\iccad1\test\test_nhs\NNHS539.png2.png,0,0.0011260509490966,safe
./iccad-official\iccad1\test\test_nhs\NNHS539.png3.png,0,0.0035872459411621,safe
./iccad-official\iccad1\test\test_nhs\NNHS539.png4.png,0,0.0161267518997192,safe
./iccad-official\iccad1\test\test_nhs\NNHS539.png6.png,0,0.0161267518997192,safe
./iccad-official\iccad1\test\test_nhs\NNHS539.png7.png,0,0.0313786268234252,safe
./iccad-official\iccad1\test\test_nhs\NNHS539.png8.png,0,0.0048789978027343,safe
./iccad-official\iccad1\test\test_nhs\NNHS539.png9.png,0,0.0028961300849914,safe
./iccad-official\iccad1\test\test_nhs\NNHS540.png1.png,0,0.0005639791488647,safe
./iccad-official\iccad1\test\test_nhs\NNHS540.png2.png,0,0.0005639791488647,safe
./iccad-official\iccad1\test\test_nhs\NNHS540.png3.png,0,0.0005639791488647,safe
./iccad-official\iccad1\test\test_nhs\NNHS540.png4.png,0,0.0161267518997192,safe
./iccad-official\iccad1\test\test_nhs\NNHS540.png6.png,0,0.0530226230621337,safe
./iccad-official\iccad1\test\test_nhs\NNHS540.png7.png,0,0.0051233172416687,safe
./iccad-official\iccad1\test\test_nhs\NNHS540.png8.png,0,0.0036872625350952,safe
./iccad-official\iccad1\test\test_nhs\NNHS540.png9.png,0,0.0092101693153381,safe
./iccad-official\iccad1\test\test_nhs\NNHS541.png1.png,0,0.0005639791488647,safe
./iccad-official\iccad1\test\test_nhs\NNHS541.png2.png,0,0.000818908214569,safe
./iccad-official\iccad1\test\test_nhs\NNHS541.png3.png,0,0.0013231635093688,safe
./iccad-official\iccad1\test\test_nhs\NNHS541.png4.png,0,0.0161267518997192,safe
./iccad-official\iccad1\test\test_nhs\NNHS541.png6.png,0,0.0161267518997192,safe
./iccad-official\iccad1\test\test_nhs\NNHS541.png7.png,0,0.0304610729217529,safe
./iccad-official\iccad1\test\test_nhs\NNHS541.png8.png,0,0.0220845341682434,safe
./iccad-official\iccad1\test\test_nhs\NNHS541.png9.png,0,0.0082804560661315,safe
./iccad-official\iccad1\test\test_nhs\NNHS542.png1.png,0,0.0008713603019714,safe
./iccad-official\iccad1\test\test_nhs\NNHS542.png2.png,0,0.0008713603019714,safe
./iccad-official\iccad1\test\test_nhs\NNHS542.png3.png,0,0.0008713603019714,safe
./iccad-official\iccad1\test\test_nhs\NNHS542.png4.png,0,0.0161267518997192,safe
./iccad-official\iccad1\test\test_nhs\NNHS542.png6.png,0,0.0161267518997192,safe
./iccad-official\iccad1\test\test_nhs\NNHS542.png7.png,0,0.0079785585403442,safe
./iccad-official\iccad1\test\test_nhs\NNHS542.png8.png,0,0.0079785585403442,safe
./iccad-official\iccad1\test\test_nhs\NNHS542.png9.png,0,0.0108190774917602,safe
./iccad-official\iccad1\test\test_nhs\NNHS543.png1.png,0,0.0007304549217224,safe
./iccad-official\iccad1\test\test_nhs\NNHS543.png2.png,0,0.001125693321228,safe
./iccad-official\iccad1\test\test_nhs\NNHS543.png3.png,0,0.0007304549217224,safe
./iccad-official\iccad1\test\test_nhs\NNHS543.png4.png,0,0.0045472979545593,safe
./iccad-official\iccad1\test\test_nhs\NNHS543.png6.png,0,0.0238403677940368,safe
./iccad-official\iccad1\test\test_nhs\NNHS543.png7.png,0,0.0009306669235229,safe
./iccad-official\iccad1\test\test_nhs\NNHS543.png8.png,0,0.0049790143966674,safe
./iccad-official\iccad1\test\test_nhs\NNHS543.png9.png,0,0.0079785585403442,safe
./iccad-official\iccad1\test\test_nhs\NNHS544.png1.png,0,0.0005639791488647,safe
./iccad-official\iccad1\test\test_nhs\NNHS544.png2.png,0,0.0005639791488647,safe
./iccad-official\iccad1\test\test_nhs\NNHS544.png3.png,0,0.0005639791488647,safe
./iccad-official\iccad1\test\test_nhs\NNHS544.png4.png,0,0.0161267518997192,safe
./iccad-official\iccad1\test\test_nhs\NNHS544.png6.png,0,0.0161267518997192,safe
./iccad-official\iccad1\test\test_nhs\NNHS544.png7.png,0,0.002543032169342,safe
./iccad-official\iccad1\test\test_nhs\NNHS544.png8.png,0,0.003953218460083,safe
./iccad-official\iccad1\test\test_nhs\NNHS544.png9.png,0,0.0021946430206298,safe
